0,1,2,3,4,5,6,7
3.876067280769348,3.1784271001815796,2.7099307775497437,4.95396614074707,5.85672926902771,,,
3.164188861846924,3.573808193206787,3.886841058731079,,,,,
3.2021313905715942,4.372414588928223,3.5698200464248657,5.789491891860962,,,,
3.0714919567108154,3.5922032594680786,3.888311266899109,5.167567491531372,6.412308216094971,,,
3.0086443424224854,3.5066171884536743,4.943740606307983,,,,,
3.80670964717865,3.1869499683380127,2.6817264556884766,5.700191497802734,5.636767148971558,,,
3.8479971885681152,2.9042744636535645,3.447491407394409,4.98643684387207,,,,
3.8069114685058594,3.215532064437866,3.470317244529724,4.471665143966675,4.894968748092651,,,
3.465988278388977,3.1144204139709473,3.789999842643738,4.074665069580078,4.896335124969482,5.989414930343628,,
3.873991012573242,3.165235996246338,2.9456552267074585,2.6960561275482178,4.167514801025391,4.972820520401001,6.333730697631836,
3.9112921953201294,3.0714919567108154,2.710744261741638,4.683089017868042,5.882784366607666,,,
3.1971651315689087,4.090670347213745,4.199970483779907,6.406147718429565,,,,
3.4741564989089966,3.81228768825531,,,,,,
3.8516905307769775,3.0714919567108154,4.180958032608032,5.990956544876099,,,,
3.8752118349075317,3.1577848196029663,3.0875221490859985,4.9180662631988525,,,,
3.5133079290390015,3.0086443424224854,4.917455196380615,6.377450942993164,,,,
4.086979389190674,3.0082114934921265,2.7014005184173584,5.821770429611206,,,,
3.6223549842834473,2.878774046897888,3.087376356124878,5.083712100982666,,,,
3.847424030303955,2.8117083311080933,4.449958801269531,4.943740606307983,,,,
3.814141869544983,3.0714919567108154,4.955301523208618,5.0863142013549805,,,,
3.794899106025696,3.1034488677978516,4.950072526931763,,,,,
2.967587471008301,4.63315749168396,3.3101991415023804,3.7948760986328125,6.376977443695068,,,
3.8516905307769775,3.0711801052093506,3.45815646648407,5.694234609603882,4.87580132484436,,,
3.540603280067444,3.0876638889312744,4.474765300750732,4.916931629180908,6.333002805709839,,,
3.847424030303955,3.0077942609786987,5.85672926902771,4.952829122543335,,,,
3.464748740196228,3.1784271001815796,4.66257381439209,4.899860858917236,6.333730697631836,,,
4.090672254562378,3.0715925693511963,3.3190349340438843,4.877548456192017,5.842594861984253,,,
3.889538884162903,2.945536494255066,5.100643157958984,5.993847370147705,,,,
2.9456772804260254,3.4741564989089966,4.896335124969482,,,,,
4.091771841049194,3.0876638889312744,3.7733761072158813,5.231450080871582,4.9575371742248535,6.421013355255127,,
2.903872847557068,3.869670271873474,5.083712100982666,4.090672254562378,3.0712807178497314,,,
3.847424030303955,3.2689112424850464,3.0082114934921265,4.48705792427063,,,,
3.1686397790908813,4.3747398853302,5.083712100982666,6.393252372741699,,,,
5.086613655090332,4.198052883148193,,,,,,
3.809320330619812,2.7085591554641724,5.983835697174072,,,,,
3.813380479812622,3.0876638889312744,4.932483911514282,6.034597158432007,6.58204460144043,,,
3.809320330619812,3.128134608268738,2.695976972579956,4.916931629180908,,,,
3.127909779548645,3.0875221490859985,4.258307695388794,6.358937740325928,,,,
3.9112921953201294,3.1686397790908813,2.6940773725509644,,,,,
4.199655294418335,3.0714919567108154,2.6939268112182617,,,,,
3.464869737625122,3.0711801052093506,5.092810392379761,,,,,
3.8742246627807617,3.1034488677978516,2.6940773725509644,3.45815646648407,4.728271961212158,6.333002805709839,,
3.6596171855926514,2.8986552953720093,4.347976922988892,3.852614164352417,3.0868940353393555,4.972820520401001,,
3.806593894958496,3.0082114934921265,3.313690185546875,4.95396614074707,5.989414930343628,,,
3.7068876028060913,3.0192949771881104,5.989414930343628,4.955301523208618,6.075342416763306,,,
3.794899106025696,4.48139762878418,4.973183631896973,,,,,
3.813692808151245,3.0714919567108154,6.421013355255127,,,,,
3.0714919567108154,4.0867109298706055,,,,,,
3.316383719444275,2.6939268112182617,4.732028484344482,4.972820520401001,,,,
3.8479971885681152,3.1768428087234497,5.990956544876099,4.474765300750732,,,,
3.464748740196228,2.6940773725509644,3.0069483518600464,4.984370946884155,6.034597158432007,6.333002805709839,,
3.0714919567108154,4.200238943099976,5.709120750427246,,,,,
3.5501099824905396,4.199970483779907,3.1116713285446167,,,,,
3.8752118349075317,3.1317007541656494,3.2156585454940796,5.990956544876099,6.075342416763306,,,
3.707209825515747,3.164188861846924,3.3990626335144043,3.0082114934921265,5.7188026905059814,,,
3.6225818395614624,2.808703899383545,4.883764028549194,4.166086673736572,3.103687882423401,6.408118009567261,,
3.6550616025924683,2.9456552267074585,4.728271961212158,,,,,
3.2425355911254883,3.0875221490859985,3.806182026863098,,,,,
3.0714919567108154,3.886841058731079,3.216146945953369,,,,,
3.0714919567108154,3.9103615283966064,4.952690124511719,,,,,
3.847332000732422,3.0192949771881104,3.456499934196472,4.180958032608032,5.812269687652588,,,
3.707302212715149,3.128134608268738,4.896335124969482,5.789491891860962,,,,
3.197240114212036,4.090670347213745,4.199970483779907,5.083712100982666,,,,
3.793902277946472,2.8986552953720093,3.0715925693511963,6.091581583023071,,,,
3.8262280225753784,3.0348429679870605,3.0876638889312744,6.538243055343628,4.481065034866333,,,
4.090672254562378,3.0876638889312744,4.930603742599487,6.3964173793792725,,,,
3.815679907798767,3.2113758325576782,4.988463878631592,,,,,
4.182748794555664,3.164188861846924,4.933110952377319,5.882784366607666,,,,
3.128134608268738,3.789999842643738,4.173694133758545,4.092956781387329,3.0875221490859985,4.972820520401001,,
3.1333913803100586,3.458911180496216,5.989414930343628,,,,,
3.8160927295684814,3.0715925693511963,5.042630434036255,4.896231651306152,,,,
3.814141869544983,3.0711801052093506,3.3101991415023804,4.663990020751953,5.709120750427246,,,
3.8752118349075317,3.1971651315689087,4.198707818984985,6.038358211517334,,,,
3.707209825515747,3.245918035507202,3.0715925693511963,4.66257381439209,4.972820520401001,,,
3.847424030303955,3.071011543273926,4.065320730209351,5.620880603790283,,,,
3.1686397790908813,3.808077096939087,4.180958032608032,3.4574809074401855,4.955301523208618,5.077958345413208,4.727601528167725,
3.707302212715149,5.694234609603882,5.0730366706848145,,,,,
3.8069114685058594,3.0711801052093506,5.699190616607666,,,,,
3.7733761072158813,2.8970571756362915,3.1333963871002197,5.083712100982666,4.204046249389648,3.1031429767608643,,
3.906873941421509,3.168108344078064,2.6960561275482178,4.95396614074707,5.993847370147705,,,
3.8742246627807617,2.9456552267074585,4.474765300750732,5.083712100982666,,,,
3.8752118349075317,3.1577848196029663,2.6860402822494507,3.0712807178497314,4.732369422912598,4.969752550125122,,
3.8742246627807617,2.856983780860901,6.376977443695068,,,,,
3.1343653202056885,3.1320008039474487,3.605647325515747,5.821251392364502,,,,
3.1343653202056885,3.62794291973114,,,,,,
3.0714919567108154,3.548035740852356,4.078859090805054,3.2608582973480225,5.083712100982666,,,
3.7352004051208496,5.106130838394165,3.2920855283737183,4.166086673736572,,,,
3.8157161474227905,4.728271961212158,5.989414930343628,,,,,
3.707302212715149,3.1745680570602417,3.0082114934921265,4.663626194000244,,,,
3.847424030303955,3.0082114934921265,4.877548456192017,6.333002805709839,,,,
3.8069114685058594,3.1331714391708374,5.985572814941406,,,,,
4.062804698944092,3.1794742345809937,3.0082114934921265,4.580217599868774,5.993847370147705,,,
4.086979389190674,3.127909779548645,3.215050458908081,4.95396614074707,5.861940145492554,,,
3.8803112506866455,2.8117083311080933,3.313690185546875,5.0730366706848145,,,,
3.2656893730163574,2.81153666973114,4.045417070388794,3.3972285985946655,4.877548456192017,4.943740606307983,,
3.6711307764053345,4.972820520401001,5.634519815444946,6.1764233112335205,,,,
3.6554144620895386,2.892160654067993,3.3872982263565063,3.0715925693511963,4.728271961212158,6.421013355255127,,
4.091771841049194,3.0715925693511963,2.878774046897888,5.990956544876099,,,,
3.813692808151245,3.2424360513687134,3.1027402877807617,5.042630434036255,4.972820520401001,,,
3.0875221490859985,4.107749938964844,5.842594861984253,,,,,
3.707302212715149,3.071011543273926,2.7108124494552612,4.4024128913879395,4.973868131637573,,,
3.2732486724853516,4.165947914123535,3.1524544954299927,3.1770665645599365,4.83087682723999,,,
3.1676344871520996,3.4741564989089966,3.8823413848876953,4.943740606307983,,,,
3.1320008039474487,4.13681960105896,3.887081027030945,4.896335124969482,,,,
3.8803112506866455,3.0714919567108154,3.3163740634918213,4.324045658111572,4.917455196380615,,,
3.707302212715149,3.0082114934921265,5.0976738929748535,5.789491891860962,,,,
3.707209825515747,3.3163740634918213,3.0715925693511963,4.988463878631592,5.007363319396973,,,
3.8160927295684814,3.0711801052093506,3.3163740634918213,4.955301523208618,6.377450942993164,4.9185471534729,,
4.058295488357544,2.9676005840301514,5.045385360717773,5.851433515548706,,,,
3.165235996246338,4.027791500091553,4.031731605529785,3.087376356124878,5.212997674942017,5.882784366607666,,
3.0861088037490845,3.102979302406311,4.5473620891571045,5.789491891860962,,,,
3.8069114685058594,2.9042744636535645,5.0976738929748535,5.927786350250244,,,,
3.794899106025696,3.0875221490859985,4.896335124969482,6.034597158432007,,,,
2.80510938167572,4.162195682525635,4.765781879425049,4.166086673736572,3.0875221490859985,6.3469624519348145,,
3.5545499324798584,3.102979302406311,4.197784423828125,5.7083775997161865,,,,
3.707209825515747,3.3163740634918213,5.12818169593811,,,,,
3.8883285522460938,3.0876638889312744,4.7357704639434814,6.358937740325928,,,,
3.794899106025696,4.663193941116333,5.85672926902771,,,,,
4.023885250091553,3.0715925693511963,2.6940773725509644,3.1587321758270264,5.216501235961914,,,
3.6225818395614624,2.945210337638855,2.6940773725509644,4.896037578582764,4.968865394592285,,,
3.794899106025696,3.1680837869644165,4.896335124969482,,,,,
3.0876638889312744,3.7539608478546143,4.973744630813599,,,,,
3.7948760986328125,2.9456552267074585,3.3872982263565063,3.0082114934921265,4.732369422912598,6.18803596496582,,
3.464869737625122,2.9438064098358154,3.1034488677978516,3.003530263900757,4.190298318862915,4.9180662631988525,,
3.1333913803100586,5.024210691452026,5.804713487625122,,,,,
3.84697425365448,5.253651142120361,6.1764233112335205,,,,,
4.165947914123535,3.470317244529724,3.1343653202056885,4.765781879425049,,,,
4.091771841049194,5.711843967437744,6.003627300262451,2.8114447593688965,3.1343653202056885,4.930603742599487,,
4.199697017669678,3.0715925693511963,5.989414930343628,,,,,
3.3691447973251343,4.851885557174683,5.062280654907227,3.9139766693115234,,,,
3.806182026863098,3.197240114212036,2.857028365135193,4.988463878631592,5.861940145492554,,,
3.0876638889312744,4.199970483779907,3.2689112424850464,6.333002805709839,,,,
3.0714919567108154,3.550249695777893,4.239354372024536,4.198200941085815,,,,
4.110095500946045,3.127909779548645,2.690303087234497,3.0712807178497314,5.856453895568848,,,
3.80670964717865,3.0714919567108154,5.992693662643433,,,,,
3.164188861846924,3.769606828689575,4.930603742599487,3.507759690284729,6.932852268218994,,,
3.9102182388305664,3.0712807178497314,3.313690185546875,5.011698007583618,,,,
3.894371747970581,2.8114447593688965,4.95396614074707,6.333002805709839,,,,
3.0714919567108154,4.092956781387329,5.851473808288574,,,,,
3.894371747970581,3.1745680570602417,2.8986552953720093,3.0712807178497314,5.083712100982666,6.034597158432007,,
3.707209825515747,3.0714919567108154,2.6960561275482178,3.366321086883545,4.474765300750732,5.842594861984253,,
3.7057955265045166,2.945514440536499,2.3893957138061523,3.3190349340438843,4.3247644901275635,4.9180662631988525,,
3.8484665155410767,2.8831452131271362,3.0876638889312744,,,,,
3.127909779548645,3.6223549842834473,4.881033182144165,4.943543910980225,,,,
3.80670964717865,6.333730697631836,,,,,,
3.2565613985061646,2.65912127494812,4.2311084270477295,5.983835697174072,,,,
3.670601010322571,3.1587321758270264,5.852736949920654,6.038358211517334,,,,
3.1331714391708374,3.47132670879364,4.301703929901123,6.603839159011841,,,,
3.9587782621383667,3.1227824687957764,3.1034488677978516,5.7083775997161865,,,,
4.086979389190674,3.1320008039474487,3.7352004051208496,3.0868940353393555,4.474765300750732,6.18803596496582,,
3.1033819913864136,3.46790611743927,4.419816970825195,4.756082057952881,,,,
3.8479971885681152,3.0082114934921265,3.47132670879364,4.95396614074707,,,,
3.128134608268738,3.5433677434921265,3.573394775390625,4.605179071426392,4.541624069213867,,,
3.808967351913452,2.8970571756362915,4.728271961212158,4.950072526931763,,,,
3.8069114685058594,3.1745680570602417,5.07392954826355,,,,,
3.806182026863098,4.540654182434082,5.083712100982666,5.157131910324097,6.427173852920532,,,
3.8069114685058594,3.071011543273926,,,,,,
3.132149338722229,3.1331714391708374,4.190298318862915,4.9403839111328125,,,,
3.876067280769348,3.1034488677978516,5.983835697174072,,,,,
3.8069114685058594,3.0711801052093506,5.983835697174072,,,,,
3.847424030303955,3.0711801052093506,4.896335124969482,,,,,
3.847424030303955,3.0714919567108154,6.376833200454712,4.173694133758545,,,,
3.8069114685058594,3.071011543273926,4.48139762878418,4.896335124969482,,,,
3.894371747970581,3.4953129291534424,,,,,,
2.965103507041931,4.226635456085205,3.3101991415023804,4.728271961212158,,,,
3.465988278388977,3.168108344078064,4.734825134277344,,,,,
3.707411050796509,3.0714919567108154,5.01853346824646,4.547078609466553,,,,
4.058295488357544,3.197240114212036,4.943740606307983,6.570988893508911,,,,
4.108471870422363,3.1333913803100586,5.083712100982666,6.034597158432007,5.842594861984253,,,
3.8057528734207153,3.0077942609786987,2.6891061067581177,4.48139762878418,5.990956544876099,,,
3.286890745162964,4.200238943099976,3.1680837869644165,,,,,
4.167284965515137,3.0711801052093506,5.138991355895996,,,,,
3.8803112506866455,3.0082114934921265,4.471665143966675,,,,,
3.84697425365448,3.128134608268738,3.0715925693511963,5.083712100982666,5.790997743606567,,,
3.8069114685058594,5.042630434036255,4.943740606307983,,,,,
3.8469719886779785,3.0124553442001343,3.102979302406311,5.018800258636475,5.058448553085327,,,
4.363174676895142,4.0867109298706055,3.1524544954299927,5.990956544876099,,,,
3.0714919567108154,3.886841058731079,3.8153610229492188,,,,,
3.894371747970581,3.0714919567108154,4.942208528518677,6.194111347198486,,,,
3.1331714391708374,4.663626194000244,5.045385360717773,5.8388285636901855,,,,
3.707411050796509,3.313690185546875,2.9438064098358154,3.0082114934921265,5.083712100982666,,,
3.847332000732422,3.3163740634918213,3.1971651315689087,4.483957767486572,4.164353847503662,5.053000450134277,,
2.967587471008301,4.090670347213745,4.933110952377319,4.204146146774292,,,,
3.1343653202056885,3.102576971054077,4.363991737365723,6.333002805709839,,,,
3.80670964717865,3.165235996246338,4.93725323677063,,,,,
3.852614164352417,3.0192949771881104,4.3247644901275635,5.083712100982666,,,,
3.8752118349075317,2.937985897064209,3.5698200464248657,4.95396614074707,6.038358211517334,,,
3.7733761072158813,4.3733320236206055,6.408118009567261,,,,,
3.1872676610946655,2.6904343366622925,3.549881935119629,3.794899106025696,3.2351341247558594,4.95396614074707,4.946950912475586,
3.873991012573242,2.857028365135193,3.3163740634918213,4.95396614074707,5.007363319396973,,,
3.8077595233917236,4.2206504344940186,,,,,,
3.8069114685058594,3.132811188697815,3.0715925693511963,4.760156869888306,,,,
3.6225476264953613,3.0714919567108154,4.8696277141571045,4.180890798568726,5.842594861984253,,,
3.889538884162903,3.336199641227722,4.481065034866333,4.973744630813599,,,,
3.707411050796509,3.1031429767608643,2.6891061067581177,3.5433677434921265,4.48139762878418,5.85672926902771,,
3.25717830657959,3.863173723220825,3.128134608268738,3.4741564989089966,5.930178642272949,,,
3.1686397790908813,3.9736626148223877,4.4163055419921875,4.363991737365723,3.3101991415023804,,,
3.2002240419387817,4.325097560882568,4.02828586101532,4.972820520401001,,,,
3.464869737625122,2.6939268112182617,4.3344056606292725,4.972820520401001,6.333002805709839,,,
3.465988278388977,3.245918035507202,4.48139762878418,5.990956544876099,,,,
3.5122486352920532,2.890521287918091,3.0712807178497314,4.350234031677246,5.789491891860962,5.831271648406982,,
3.8742246627807617,2.8945571184158325,3.165235996246338,3.0715925693511963,4.347976922988892,4.631982088088989,6.58204460144043,
3.1871269941329956,4.198052883148193,3.2608582973480225,,,,,
3.7068876028060913,3.127909779548645,2.9452271461486816,4.933110952377319,5.180964946746826,,,
3.4804590940475464,2.9456552267074585,5.790997743606567,4.11375880241394,4.968865394592285,,,
4.182748794555664,3.759312868118286,5.083712100982666,6.408118009567261,,,,
3.8069114685058594,3.165235996246338,3.1034488677978516,4.930603742599487,4.917412519454956,,,
3.6225818395614624,3.0714919567108154,4.474765300750732,4.709890604019165,,,,
3.794899106025696,3.0868940353393555,5.85822319984436,,,,,
4.086979389190674,3.1034488677978516,4.95396614074707,5.990956544876099,,,,
3.1333913803100586,4.368537425994873,4.93725323677063,,,,,
3.1320008039474487,3.715134620666504,4.481328964233398,6.408118009567261,4.057436943054199,,,
3.794899106025696,3.0876638889312744,2.8117083311080933,5.0730366706848145,5.687753915786743,,,
3.549881935119629,2.856983780860901,4.3247644901275635,4.182748794555664,,,,
3.847332000732422,3.132811188697815,3.7733761072158813,3.0715925693511963,4.66257381439209,4.973744630813599,,
2.945536494255066,4.004613161087036,4.734825134277344,5.789491891860962,5.8388285636901855,,,
3.730223774909973,4.576573133468628,4.166086673736572,3.8742246627807617,3.0708017349243164,,,
3.707302212715149,2.9456552267074585,4.851885557174683,,,,,
3.794899106025696,3.0714919567108154,3.0723379850387573,4.8696277141571045,,,,
3.7352004051208496,3.128134608268738,4.728271961212158,4.1674981117248535,3.31950044631958,,,
3.889538884162903,3.1948426961898804,2.945536494255066,4.474765300750732,6.1764233112335205,,,
3.847332000732422,3.128134608268738,4.4273858070373535,6.333730697631836,,,,
4.078859090805054,2.8986552953720093,3.0712807178497314,4.95396614074707,5.927786350250244,,,
3.707302212715149,3.0192949771881104,4.180958032608032,5.034766674041748,,,,
3.847332000732422,3.0715925693511963,2.6960561275482178,4.969228506088257,6.038358211517334,5.984990358352661,,
3.1686397790908813,2.693539023399353,3.9658756256103516,3.216146945953369,4.200238943099976,,,
3.847332000732422,3.1027402877807617,4.955301523208618,,,,,
3.516325831413269,5.7128095626831055,3.06661856174469,3.8516905307769775,4.481065034866333,,,
3.7948760986328125,3.0714919567108154,5.0863142013549805,,,,,
4.3733320236206055,3.0711121559143066,,,,,,
2.9453701972961426,3.7839475870132446,5.007363319396973,6.0827343463897705,,,,
3.25712788105011,4.104739189147949,3.006985902786255,4.090670347213745,3.1524544954299927,3.1031429767608643,6.421013355255127,
3.794899106025696,3.0714919567108154,5.018800258636475,6.358937740325928,,,,
3.4632495641708374,2.8999799489974976,4.3247644901275635,4.166086673736572,3.1110440492630005,5.85672926902771,,
3.707302212715149,2.8986552953720093,3.3190349340438843,3.0715925693511963,5.856453895568848,,,
4.200238943099976,3.197240114212036,4.95396614074707,4.870110511779785,,,,
3.916626214981079,3.0082114934921265,4.888600826263428,5.056064128875732,,,,
3.464748740196228,3.418372631072998,3.7977476119995117,4.091857194900513,,,,
3.8906519412994385,4.943740606307983,,,,,,
3.672192335128784,3.0868940353393555,2.6940773725509644,4.474765300750732,4.899563312530518,6.003627300262451,,
2.8060866594314575,3.461606502532959,4.200238943099976,3.1034488677978516,,,,
3.2656893730163574,3.5433677434921265,4.200238943099976,3.2689112424850464,5.083900690078735,,,
3.8479971885681152,3.1872676610946655,4.291555881500244,5.636767148971558,,,,
2.9456772804260254,4.197298288345337,3.283030390739441,6.376833200454712,,,,
3.1333913803100586,4.972820520401001,,,,,,
3.889538884162903,3.1686397790908813,4.4494123458862305,,,,,
4.062804698944092,4.66257381439209,5.709120750427246,,,,,
3.0711801052093506,3.164188861846924,3.793997645378113,5.080784320831299,6.148961305618286,,,
4.1765947341918945,3.0714919567108154,3.5698200464248657,,,,,
3.1872676610946655,3.5455816984176636,4.201663255691528,5.993847370147705,,,,
3.89406156539917,3.2562432289123535,3.501891016960144,4.66257381439209,4.972820520401001,,,
3.847424030303955,3.0712807178497314,4.95396614074707,4.969752550125122,,,,
4.199970483779907,3.085691809654236,4.930603742599487,6.408118009567261,,,,
3.1686397790908813,3.805066227912903,3.216146945953369,6.482227563858032,,,,
3.806593894958496,3.1034488677978516,4.732028484344482,4.760156869888306,,,,
3.6554144620895386,2.8986552953720093,3.1963874101638794,4.728271961212158,4.9180662631988525,6.333730697631836,,
3.879904270172119,3.1333913803100586,4.180958032608032,,,,,
3.164188861846924,3.0868940353393555,,,,,,
3.8069114685058594,3.1116713285446167,2.688955545425415,4.889137506484985,,,,
3.8478344678878784,3.0711801052093506,4.732028484344482,4.969752550125122,,,,
3.6307748556137085,3.071011543273926,2.6960561275482178,4.167514801025391,6.421013355255127,,,
3.8057528734207153,3.165235996246338,2.6960561275482178,4.789193153381348,6.005168914794922,,,
4.199697017669678,3.1031429767608643,3.5698200464248657,5.100643157958984,5.054501295089722,,,
3.707302212715149,3.1034488677978516,6.58204460144043,,,,,
3.132149338722229,3.128134608268738,3.1758986711502075,4.93725323677063,,,,
3.707209825515747,2.8112292289733887,6.333730697631836,,,,,
3.493030548095703,2.9438064098358154,3.1034488677978516,4.180958032608032,,,,
3.7948760986328125,3.0714919567108154,3.336199641227722,4.347976922988892,4.780982732772827,5.821907997131348,,
3.847424030303955,2.8986552953720093,3.0715925693511963,4.474765300750732,6.138859987258911,,,
3.8478344678878784,3.0714919567108154,4.164353847503662,5.983835697174072,,,,
3.1872676610946655,2.967587471008301,4.6512770652771,,,,,
3.7336727380752563,3.155621290206909,3.27632999420166,4.9180662631988525,,,,
3.650422692298889,3.0875221490859985,5.993847370147705,,,,,
4.03858494758606,3.0876638889312744,4.877548456192017,5.008195400238037,,,,
3.80670964717865,5.008195400238037,,,,,,
3.8893438577651978,3.006985902786255,4.95396614074707,5.993847370147705,,,,
3.1033819913864136,4.166086673736572,3.3101991415023804,6.333730697631836,,,,
3.707209825515747,3.164188861846924,2.81153666973114,4.229746580123901,,,,
3.464869737625122,3.313690185546875,4.48139762878418,5.812269687652588,,,,
3.316409945487976,3.0077942609786987,3.008328676223755,4.474765300750732,4.9185471534729,,,
3.0714919567108154,4.199970483779907,3.2689112424850464,5.051145076751709,5.878011465072632,,,
3.5525277853012085,3.151525139808655,2.8117083311080933,4.471665143966675,5.055384874343872,,,
4.091857194900513,3.165235996246338,2.8560866117477417,6.258334159851074,,,,
3.847424030303955,3.006985902786255,3.5433677434921265,5.990956544876099,,,,
3.1033819913864136,4.166086673736572,5.634519815444946,,,,,
3.5399515628814697,2.692028760910034,4.481065034866333,3.2852020263671875,4.896335124969482,,,
3.814141869544983,3.0856704711914062,3.0714919567108154,,,,,
3.89406156539917,2.8114447593688965,8.154096841812134,6.333002805709839,,,,
3.176790714263916,3.3101991415023804,4.204046249389648,6.334143877029419,,,,
3.847332000732422,3.0714919567108154,4.481065034866333,5.852736949920654,,,,
3.25717830657959,3.8478344678878784,3.1524544954299927,5.836756706237793,,,,
3.1686397790908813,3.7352004051208496,4.943740606307983,6.427173852920532,,,,
3.733532190322876,2.8970571756362915,3.3990626335144043,2.9453701972961426,4.164353847503662,,,
4.110337972640991,3.1034488677978516,2.6940773725509644,5.083900690078735,5.993847370147705,,,
3.5455816984176636,2.9456552267074585,4.663626194000244,4.166086673736572,3.0712807178497314,5.852736949920654,,
3.133756637573242,5.083712100982666,,,,,,
4.091771841049194,3.0714919567108154,4.8354668617248535,6.075342416763306,,,,
3.1333913803100586,3.549881935119629,3.887081027030945,4.166086673736572,,,,
3.1320008039474487,3.375518798828125,4.741089820861816,3.7352004051208496,5.800812244415283,,,
3.1872676610946655,4.199970483779907,5.051145076751709,,,,,
3.707411050796509,3.0715925693511963,4.988463878631592,4.738922595977783,,,,
3.6225818395614624,2.9042744636535645,5.990956544876099,,,,,
3.707411050796509,3.501891016960144,2.9453481435775757,5.856453895568848,4.3733320236206055,,,
3.707318663597107,3.1034488677978516,2.856983780860901,4.877548456192017,4.943740606307983,,,
4.199697017669678,3.3190349340438843,2.688955545425415,3.1027402877807617,3.5163947343826294,4.638013124465942,5.060920715332031,6.333730697631836
4.090670347213745,3.1343653202056885,3.165235996246338,4.732028484344482,5.028881549835205,,,
4.1674981117248535,2.9039376974105835,3.0715925693511963,5.083712100982666,6.377450942993164,,,
3.8484665155410767,3.0705039501190186,3.1770665645599365,5.083900690078735,,,,
4.105334997177124,3.0715925693511963,5.231450080871582,4.930603742599487,6.412308216094971,,,
3.809320330619812,3.0876638889312744,3.1948426961898804,5.842594861984253,5.1281843185424805,,,
2.8877118825912476,3.157046675682068,3.087376356124878,4.896335124969482,6.034597158432007,,,
3.794899106025696,3.2435669898986816,3.215050458908081,5.083712100982666,6.377450942993164,,,
3.2425355911254883,3.2689112424850464,6.333002805709839,,,,,
3.0876638889312744,6.491636514663696,3.7733761072158813,,,,,
2.857028365135193,4.4163055419921875,4.204146146774292,5.636767148971558,,,,
3.707302212715149,3.0711034536361694,3.3163740634918213,4.481065034866333,4.877548456192017,5.083712100982666,,
3.8069114685058594,2.9456552267074585,3.3163740634918213,4.4494123458862305,,,,
3.0861088037490845,4.187658786773682,4.200238943099976,4.955301523208618,,,,
3.5611358880996704,2.6939268112182617,4.053583383560181,4.936450242996216,,,,
4.16770601272583,3.1745680570602417,3.0875221490859985,5.853012323379517,,,,
3.5525277853012085,3.0082114934921265,4.896231651306152,,,,,
3.464748740196228,3.1031429767608643,3.999537706375122,4.896231651306152,,,,
3.794899106025696,3.1331714391708374,4.877548456192017,5.007099866867065,,,,
4.166086673736572,3.1034488677978516,2.6860402822494507,5.694234609603882,6.231221437454224,,,
3.2732486724853516,3.8742246627807617,2.9456552267074585,4.66257381439209,5.8388285636901855,,,
3.3260966539382935,3.710296392440796,4.2206504344940186,3.418372631072998,5.101293087005615,,,
4.086979389190674,3.165235996246338,6.004840135574341,4.972820520401001,,,,
4.090672254562378,3.1872676610946655,5.85672926902771,,,,,
3.707302212715149,2.945514440536499,4.896597623825073,,,,,
3.8479971885681152,3.257714033126831,3.0875221490859985,5.85672926902771,4.481065034866333,,,
3.794899106025696,3.0861088037490845,4.943740606307983,,,,,
3.80670964717865,3.165235996246338,3.0712807178497314,4.74254035949707,6.376402378082275,,,
3.2726950645446777,3.1680837869644165,3.876067280769348,3.9708138704299927,,,,
3.25712788105011,4.110337972640991,3.5698200464248657,,,,,
3.6990445852279663,4.955301523208618,4.166086673736572,3.006985902786255,6.075342416763306,,,
3.8160927295684814,2.9456552267074585,4.988463878631592,,,,,
3.45815646648407,3.087376356124878,4.973744630813599,6.575489282608032,,,,
3.847424030303955,3.145624876022339,4.663193941116333,6.148961305618286,,,,
3.128134608268738,3.474044680595398,4.877548456192017,3.216146945953369,6.491609334945679,,,
3.707302212715149,3.128134608268738,3.0077942609786987,4.481065034866333,4.9180662631988525,,,
3.2425355911254883,2.9586446285247803,4.197784423828125,,,,,
4.107749938964844,3.0714919567108154,3.264721155166626,4.66257381439209,4.9403839111328125,,,
3.0714919567108154,4.897780418395996,4.166086673736572,,,,,
3.7948760986328125,2.945514440536499,5.122967481613159,,,,,
3.4639962911605835,2.9042744636535645,5.014860391616821,6.4348719120025635,,,,
3.847424030303955,3.128134608268738,3.6079219579696655,4.93725323677063,,,,
3.794899106025696,3.1872676610946655,4.967274188995361,6.176234245300293,4.481065034866333,,,
3.889538884162903,3.0876638889312744,4.481065034866333,4.943740606307983,,,,
3.8798158168792725,3.102337956428528,4.481065034866333,6.333002805709839,,,,
3.7068876028060913,3.0715925693511963,4.4029786586761475,5.821770429611206,,,,
4.031731605529785,2.9042744636535645,5.222367763519287,4.889137506484985,5.993847370147705,,,
3.8752118349075317,3.1872676610946655,5.821770429611206,,,,,
3.202032446861267,4.086979389190674,5.1173694133758545,6.491636514663696,,,,
3.9102182388305664,3.1034488677978516,4.347976922988892,5.209023952484131,,,,
4.090672254562378,3.0711801052093506,6.367102861404419,,,,,
3.813380479812622,3.1027402877807617,,,,,,
3.464748740196228,3.151525139808655,3.1034488677978516,4.943740606307983,5.990956544876099,,,
4.086979389190674,3.0876638889312744,5.231450080871582,6.333002805709839,,,,
3.4632495641708374,2.79719340801239,4.13681960105896,4.476487398147583,3.773566722869873,4.970115661621094,,
2.8117083311080933,3.6223549842834473,4.3496434688568115,4.899860858917236,,,,
3.1872676610946655,4.95396614074707,4.180958032608032,5.990956544876099,,,,
3.813692808151245,3.3318451642990112,3.007379412651062,5.993847370147705,,,,
3.128134608268738,3.4740021228790283,4.164872407913208,3.4642523527145386,5.083900690078735,,,
3.464869737625122,3.2150793075561523,4.488349676132202,,,,,
3.0714919567108154,4.200238943099976,3.3101991415023804,6.421013355255127,,,,
2.9456772804260254,4.2206504344940186,3.206579804420471,4.9180662631988525,,,,
3.9112921953201294,3.0715925693511963,4.732028484344482,4.9180662631988525,6.358937740325928,,,
3.4218599796295166,4.765781879425049,4.1674981117248535,3.1034488677978516,4.870110511779785,,,
3.3318451642990112,3.128134608268738,3.50751793384552,5.821770429611206,5.0730366706848145,,,
3.8742246627807617,3.0714919567108154,4.973744630813599,,,,,
3.8069114685058594,3.0714919567108154,4.66257381439209,5.789491891860962,,,,
3.1033819913864136,4.006136536598206,4.190298318862915,4.930603742599487,4.973868131637573,,,
3.0875221490859985,4.9180662631988525,,,,,,
3.847424030303955,3.1034488677978516,4.877548456192017,5.008195400238037,6.1764233112335205,,,
3.806593894958496,2.9456552267074585,4.520570755004883,,,,,
3.1331714391708374,4.214382886886597,4.973744630813599,,,,,
2.8117083311080933,3.549881935119629,3.8814620971679688,4.6690354347229,5.687675952911377,,,
4.062804698944092,3.3201905488967896,3.0715925693511963,5.216501235961914,6.427173852920532,,,
3.071011543273926,3.958203434944153,,,,,,
3.2738797664642334,3.809320330619812,3.1549569368362427,5.051145076751709,6.075342416763306,,,
3.8460910320281982,2.945514440536499,3.45815646648407,5.821770429611206,,,,
4.110337972640991,2.9456552267074585,5.083900690078735,6.408118009567261,,,,
3.894371747970581,3.1322728395462036,3.176790714263916,4.481065034866333,,,,
3.0711801052093506,4.166086673736572,3.5808589458465576,4.877548456192017,,,,
3.282844066619873,2.6706622838974,3.8069114685058594,3.316351056098938,3.0715925693511963,4.994192600250244,4.950072526931763,
4.086979389190674,3.3163740634918213,2.9456552267074585,3.0875221490859985,,,,
3.2726950645446777,2.8322882652282715,3.806593894958496,3.1031429767608643,5.821770429611206,,,
3.8803112506866455,2.9456552267074585,4.898317098617554,,,,,
3.8803112506866455,3.2689112424850464,5.07392954826355,,,,,
3.9112921953201294,3.103687882423401,5.014860391616821,4.851003408432007,,,,
3.809320330619812,2.6940773725509644,4.3247644901275635,4.917455196380615,,,,
3.70556640625,3.0715925693511963,2.6960052251815796,5.060920715332031,6.179638624191284,,,
3.809320330619812,2.9673755168914795,4.973868131637573,,,,,
3.847332000732422,3.165235996246338,3.284825086593628,4.474765300750732,4.973744630813599,,,
3.707302212715149,3.165235996246338,3.0715925693511963,4.474765300750732,4.973744630813599,,,
4.0867109298706055,3.0714919567108154,3.5698200464248657,4.930603742599487,5.7083775997161865,,,
3.264721155166626,2.6860402822494507,4.108471870422363,3.0875221490859985,,,,
3.7948760986328125,3.1587321758270264,4.973744630813599,,,,,
3.707302212715149,3.1680837869644165,4.478297472000122,,,,,
3.605647325515747,2.9039376974105835,4.347976922988892,5.944673538208008,,,,
3.806593894958496,3.1745680570602417,2.6960561275482178,5.7128095626831055,,,,
3.8803112506866455,3.0876638889312744,4.2206504344940186,,,,,
3.8069114685058594,3.0714919567108154,4.732028484344482,6.179638624191284,,,,
3.876067280769348,3.0876638889312744,3.2446075677871704,5.990956544876099,,,,
3.1686397790908813,4.871474266052246,,,,,,
3.7954663038253784,3.176838517189026,4.95396614074707,4.896231651306152,,,,
2.8088959455490112,4.290151119232178,3.1829867362976074,5.031034708023071,4.363739252090454,3.2554370164871216,5.861940145492554,
3.793926954269409,2.9035494327545166,4.952690124511719,,,,,
4.199697017669678,3.255917191505432,2.7108124494552612,5.083712100982666,6.1764233112335205,,,
2.965103507041931,3.549881935119629,4.74254035949707,5.8317906856536865,,,,
3.1033819913864136,4.200238943099976,3.6539876461029053,5.69045615196228,,,,
3.7948760986328125,3.1343952417373657,4.606212139129639,4.9185471534729,,,,
3.847332000732422,3.1320008039474487,4.474765300750732,5.842594861984253,,,,
3.6313672065734863,2.9039376974105835,,,,,,
2.796550750732422,3.2852020263671875,4.734825134277344,3.326277256011963,,,,
3.9102182388305664,3.1680837869644165,4.474765300750732,4.943740606307983,,,,
3.1971651315689087,3.207714080810547,3.7945446968078613,3.494028329849243,4.942208528518677,5.852736949920654,,
3.8069114685058594,3.0077942609786987,4.66257381439209,5.8388285636901855,4.3728766441345215,,,
3.1872676610946655,4.368435859680176,5.639057397842407,5.993847370147705,,,,
3.8157161474227905,2.9656152725219727,3.3163740634918213,3.0875221490859985,4.576573133468628,,,
3.8839091062545776,3.501891016960144,2.9656152725219727,5.992693662643433,,,,
3.0714919567108154,2.6960561275482178,3.47132670879364,4.167514801025391,4.9180662631988525,6.333730697631836,,
3.889538884162903,3.071011543273926,5.083712100982666,5.85664439201355,,,,
3.8160927295684814,2.81153666973114,4.696210622787476,5.91154932975769,,,,
3.9112921953201294,3.0714919567108154,6.384442090988159,4.9403839111328125,,,,
4.099211931228638,3.1034488677978516,5.065983295440674,6.138859987258911,,,,
3.6990445852279663,2.903872847557068,4.930603742599487,3.0868940353393555,,,,
3.0714919567108154,3.847626566886902,4.750515699386597,5.029939413070679,,,,
3.894371747970581,3.0708497762680054,4.481065034866333,4.896335124969482,,,,
3.707209825515747,3.1034488677978516,5.856453895568848,,,,,
3.464748740196228,4.896231651306152,,,,,,
3.1333913803100586,4.200238943099976,5.856453895568848,,,,,
3.1320008039474487,3.087376356124878,4.23045539855957,3.7733761072158813,,,,
3.707411050796509,3.1027402877807617,4.883764028549194,6.6102235317230225,4.360299825668335,4.9693520069122314,,
3.9112921953201294,4.471665143966675,6.1764233112335205,,,,,
3.1343653202056885,4.43869161605835,,,,,,
2.967587471008301,3.5455816984176636,3.8814620971679688,3.9112921953201294,3.25717830657959,5.861940145492554,,
3.661263942718506,2.8986552953720093,3.0082114934921265,4.48139762878418,5.990956544876099,4.760156869888306,,
3.80670964717865,2.8986552953720093,4.896335124969482,5.697232723236084,,,,
3.128134608268738,3.886841058731079,4.9180662631988525,,,,,
3.2161539793014526,4.091771841049194,3.4741564989089966,5.821251392364502,,,,
3.847424030303955,3.1333913803100586,3.45815646648407,4.877548456192017,5.856453895568848,,,
3.894371747970581,3.0714919567108154,4.95396614074707,5.790997743606567,,,,
3.8479971885681152,3.1034488677978516,5.7083775997161865,,,,,
3.6618326902389526,2.9039376974105835,4.896335124969482,,,,,
3.806182026863098,3.0715925693511963,4.4024128913879395,,,,,
3.7068876028060913,3.0082114934921265,3.448246121406555,4.180958032608032,5.927786350250244,,,
4.199697017669678,3.1027402877807617,6.138859987258911,,,,,
3.8157161474227905,3.1034488677978516,4.372058868408203,,,,,
3.501891016960144,3.7352004051208496,5.1571691036224365,,,,,
3.814141869544983,3.1031429767608643,3.45815646648407,4.930603742599487,5.986726522445679,,,
3.847424030303955,3.0712807178497314,3.3318451642990112,5.85672926902771,,,,
3.1320008039474487,3.4814308881759644,3.1343653202056885,3.215532064437866,4.547078609466553,,,
3.6711307764053345,3.0711801052093506,2.7085591554641724,6.421013355255127,,,,
3.773566722869873,3.128134608268738,4.474765300750732,5.861940145492554,,,,
3.321828842163086,2.693539023399353,3.559718370437622,4.2206504344940186,4.9180662631988525,,,
3.794899106025696,3.165235996246338,4.870110511779785,5.85672926902771,,,,
3.815679907798767,2.9456552267074585,5.0976738929748535,5.993847370147705,,,,
3.9112921953201294,3.0714919567108154,2.9039376974105835,3.45815646648407,,,,
4.091771841049194,3.128134608268738,4.325097560882568,6.358937740325928,,,,
2.9042744636535645,3.549881935119629,4.4163055419921875,4.045214891433716,6.148961305618286,,,
4.108471870422363,3.132811188697815,3.1023327112197876,5.993847370147705,,,,
3.6225818395614624,3.1872676610946655,3.0715925693511963,5.990956544876099,,,,
4.166086673736572,3.45815646648407,2.6960561275482178,,,,,
3.1768428087234497,2.8117083311080933,3.787090301513672,4.109945774078369,,,,
3.92043936252594,5.053000450134277,5.842594861984253,,,,,
3.0714919567108154,4.045417070388794,5.993847370147705,,,,,
3.4639962911605835,2.6960561275482178,4.350025177001953,6.1764233112335205,,,,
3.814141869544983,2.8986552953720093,3.0715925693511963,5.052776575088501,,,,
4.199697017669678,3.2156585454940796,2.690303087234497,3.0077942609786987,,,,
3.814141869544983,3.1031429767608643,4.972820520401001,6.1764233112335205,,,,
3.813692808151245,2.9042744636535645,5.034599781036377,6.333002805709839,,,,
3.84697425365448,3.0876638889312744,2.878774046897888,3.45815646648407,5.083712100982666,4.917455196380615,,
3.540372848510742,3.2608582973480225,2.9452271461486816,4.973744630813599,,,,
3.164188861846924,3.7268121242523193,3.25717830657959,4.107749938964844,5.709120750427246,,,
2.965103507041931,3.47132670879364,3.4738494157791138,3.672192335128784,5.080784320831299,,,
3.1333913803100586,4.757228851318359,3.3972285985946655,,,,,
2.9042744636535645,4.090670347213745,4.449958801269531,3.216146945953369,5.790997743606567,,,
2.6939268112182617,3.25717830657959,3.0876638889312744,3.7539608478546143,4.943740606307983,,,
3.7336727380752563,3.0711801052093506,2.6939268112182617,5.042630434036255,5.85672926902771,,,
3.8803112506866455,2.9676005840301514,4.968865394592285,,,,,
2.903872847557068,3.9446120262145996,5.083712100982666,6.358937740325928,,,,
3.197240114212036,2.6940773725509644,3.5455816984176636,4.078137636184692,4.896231651306152,,,
3.1735209226608276,4.216314792633057,4.201244115829468,,,,,
3.7948760986328125,3.4567261934280396,3.0082114934921265,4.48139762878418,4.917455196380615,,,
3.809320330619812,3.0714919567108154,3.1745680570602417,5.083712100982666,6.138859987258911,,,
3.809320330619812,3.1343952417373657,3.0715925693511963,4.513102769851685,,,,
3.847424030303955,2.6939268112182617,4.504529237747192,,,,,
3.0876638889312744,3.886841058731079,,,,,,
3.6225818395614624,2.9614028930664062,3.550065040588379,4.894968748092651,,,,
3.1320008039474487,3.507759690284729,4.196800708770752,4.899860858917236,,,,
3.8069114685058594,3.1770665645599365,5.821770429611206,,,,,
3.7347341775894165,5.046015739440918,4.973744630813599,6.333002805709839,,,,
3.8839091062545776,3.087376356124878,3.34304141998291,5.092845678329468,5.856453895568848,,,
3.6618326902389526,3.0714919567108154,4.972820520401001,,,,,
3.873991012573242,5.7083775997161865,,,,,,
3.2732486724853516,3.920295834541321,4.197784423828125,3.0715925693511963,5.989414930343628,,,
3.889538884162903,3.0711801052093506,4.95396614074707,6.075342416763306,,,,
3.808967351913452,2.945536494255066,4.896335124969482,,,,,
3.6990445852279663,3.2156585454940796,4.167919158935547,3.0875221490859985,5.852736949920654,,,
3.847718596458435,3.313690185546875,3.0715925693511963,5.694234609603882,,,,
4.0291571617126465,2.81153666973114,3.2689112424850464,4.930603742599487,6.358937740325928,,,
4.1765947341918945,3.1686397790908813,4.933110952377319,4.972820520401001,,,,
3.7336727380752563,3.0876638889312744,5.983835697174072,,,,,
3.852614164352417,3.127909779548645,5.1747727394104,,,,,
3.0710028409957886,3.47132670879364,4.741089820861816,5.842594861984253,,,,
3.7948760986328125,3.0711801052093506,4.474765300750732,4.952690124511719,,,,
3.8752118349075317,3.4964789152145386,3.071011543273926,4.933110952377319,5.990956544876099,,,
3.707302212715149,2.8560866117477417,5.992693662643433,,,,,
3.809320330619812,2.9656152725219727,3.0715925693511963,5.008195400238037,,,,
2.9039376974105835,3.290034532546997,,,,,,
3.894371747970581,3.1034488677978516,2.8117083311080933,5.990956544876099,,,,
3.6596171855926514,2.9456552267074585,3.0875221490859985,4.43869161605835,4.950072526931763,,,
3.8479971885681152,3.0714919567108154,4.036119222640991,,,,,
2.945536494255066,4.200238943099976,5.092810392379761,6.491609334945679,,,,
3.8893438577651978,2.9456552267074585,4.474765300750732,5.083712100982666,6.6102235317230225,,,
3.1872676610946655,2.856983780860901,4.474765300750732,4.091771841049194,5.983835697174072,,,
3.707302212715149,3.424506664276123,3.1144204139709473,4.883764028549194,4.953827142715454,,,
3.6310532093048096,2.9042744636535645,4.66257381439209,,,,,
3.0711801052093506,3.5009994506835938,,,,,,
3.465988278388977,3.1034488677978516,4.881033182144165,4.972820520401001,,,,
3.889538884162903,3.1034488677978516,4.95396614074707,6.377450942993164,,,,
4.092956781387329,3.0714919567108154,3.550249695777893,6.491636514663696,,,,
3.8752118349075317,3.0712807178497314,3.447491407394409,4.933110952377319,6.358937740325928,,,
3.876067280769348,3.0714919567108154,4.756082057952881,5.8388285636901855,,,,
3.1686397790908813,3.8579459190368652,3.3101991415023804,,,,,
3.847332000732422,3.0714919567108154,5.993847370147705,5.634519815444946,,,,
3.9112921953201294,3.0715925693511963,5.990956544876099,,,,,
3.507759690284729,4.199970483779907,5.662546157836914,,,,,
3.806593894958496,3.2155250310897827,4.66257381439209,4.939580917358398,,,,
2.9673755168914795,3.4632495641708374,4.197680234909058,3.326277256011963,5.083712100982666,6.408118009567261,,
3.8160927295684814,2.9456772804260254,3.470317244529724,4.9180662631988525,,,,
3.889538884162903,3.0714919567108154,4.728271961212158,4.943740606307983,,,,
3.1686397790908813,4.973183631896973,6.034597158432007,,,,,
3.5133079290390015,3.1034488677978516,4.732028484344482,4.930603742599487,4.972820520401001,,,
3.128134608268738,2.857028365135193,3.7268121242523193,,,,,
3.794899106025696,4.347976922988892,4.917455196380615,,,,,
4.058255195617676,3.2021313905715942,2.8322882652282715,3.4632495641708374,5.083712100982666,6.417489290237427,,
3.7250620126724243,3.1343952417373657,4.988463878631592,5.083601236343384,,,,
3.8752118349075317,3.1034488677978516,6.333730697631836,,,,,
2.857028365135193,4.825786113739014,,,,,,
3.84697425365448,3.1331714391708374,2.9656152725219727,3.316351056098938,4.474765300750732,4.916040420532227,,
4.057436943054199,3.103687882423401,6.376833200454712,,,,,
2.8970571756362915,3.507759690284729,4.363991737365723,3.7352004051208496,,,,
3.876067280769348,3.2072256803512573,3.0715925693511963,4.942208528518677,5.990956544876099,,,
3.6298818588256836,2.9456772804260254,4.966041564941406,,,,,
2.944993734359741,3.549881935119629,4.438285827636719,4.199970483779907,6.5639872550964355,,,
3.6696163415908813,3.1331714391708374,4.932483911514282,6.034597158432007,,,,
3.7134586572647095,3.103687882423401,4.347976922988892,5.790997743606567,,,,
3.7068876028060913,2.945514440536499,5.856453895568848,,,,,
2.81153666973114,3.7733761072158813,4.48705792427063,,,,,
3.6307748556137085,3.0124553442001343,3.1034488677978516,4.4029786586761475,4.9755659103393555,,,
3.847424030303955,2.9656152725219727,3.45815646648407,3.0712807178497314,4.48139762878418,5.990956544876099,4.135017395019531,
3.847424030303955,3.019231915473938,3.560901165008545,4.446723699569702,4.969752550125122,,,
3.4632495641708374,3.1033819913864136,4.165947914123535,3.27632999420166,,,,
3.128134608268738,2.9452271461486816,3.886841058731079,5.990956544876099,,,,
4.166086673736572,3.0711121559143066,5.340847969055176,,,,,
3.6309908628463745,3.1331714391708374,4.663193941116333,4.896335124969482,,,,
3.794899106025696,3.132811188697815,3.0868940353393555,5.983835697174072,,,,
3.707209825515747,3.0714919567108154,3.3872982263565063,,,,,
3.707209825515747,3.0715925693511963,5.0730366706848145,,,,,
3.897191047668457,2.9456552267074585,4.877548456192017,4.973183631896973,,,,
4.0867109298706055,3.1343952417373657,4.896335124969482,,,,,
3.847424030303955,2.903872847557068,,,,,,
3.847424030303955,4.955301523208618,,,,,,
4.180890798568726,3.1027402877807617,2.857028365135193,5.990956544876099,,,,
3.8752118349075317,2.9418609142303467,3.0082114934921265,5.700191497802734,3.0711121559143066,,,
3.806593894958496,3.0715925693511963,5.81687068939209,5.7083775997161865,,,,
3.707302212715149,3.050366759300232,3.0082114934921265,6.148961305618286,,,,
4.086979389190674,3.132811188697815,2.6960561275482178,4.19366192817688,,,,
3.0875221490859985,4.896335124969482,,,,,,
3.1872676610946655,3.1343653202056885,3.886841058731079,5.539843559265137,,,,
2.967587471008301,2.9682708978652954,4.882848262786865,3.8752118349075317,6.334143877029419,,,
3.157046675682068,3.607480049133301,4.29488468170166,3.2821584939956665,5.687675952911377,6.412308216094971,,
3.8069114685058594,3.168108344078064,4.494483232498169,,,,,
3.168108344078064,4.13830041885376,5.018800258636475,4.199970483779907,5.990956544876099,,,
3.464869737625122,2.6939268112182617,4.449958801269531,4.167968273162842,,,,
3.7068876028060913,3.1331714391708374,5.990956544876099,,,,,
3.9112921953201294,3.0714919567108154,4.930603742599487,4.950072526931763,,,,
3.47132670879364,2.6904343366622925,3.2419533729553223,3.8883285522460938,3.3040919303894043,5.031411409378052,,
3.794899106025696,3.0082114934921265,4.48139762878418,4.972820520401001,,,,
4.17676568031311,3.128134608268738,3.0875221490859985,4.95396614074707,5.842594861984253,,,
3.8069114685058594,3.1458497047424316,3.0082114934921265,4.896037578582764,,,,
3.642160415649414,3.071011543273926,4.045417070388794,4.930603742599487,,,,
3.102576971054077,4.734441757202148,3.2689112424850464,6.034597158432007,6.58204460144043,,,
3.847424030303955,3.1031429767608643,4.757520437240601,4.176855087280273,4.9693520069122314,,,
3.283080816268921,3.808967351913452,3.1031429767608643,5.878011465072632,,,,
3.826039671897888,2.8560497760772705,5.083712100982666,5.8388285636901855,,,,
3.8069114685058594,3.3318451642990112,2.6904343366622925,3.1034488677978516,4.481065034866333,6.331049203872681,,
4.103721380233765,3.257575511932373,4.1674981117248535,3.0077942609786987,3.6844239234924316,,,
3.847332000732422,3.128134608268738,2.7108124494552612,4.877548456192017,4.917455196380615,,,
3.128134608268738,3.2852020263671875,4.090670347213745,4.197784423828125,4.663990020751953,,,
3.5016627311706543,3.050366759300232,4.95396614074707,4.896335124969482,,,,
3.465503454208374,3.2072256803512573,2.6904343366622925,2.7108124494552612,4.474765300750732,4.757228851318359,,
3.847424030303955,3.0715925693511963,3.45815646648407,4.167514801025391,,,,
4.03858494758606,3.0711801052093506,5.821770429611206,,,,,
3.25717830657959,2.709617018699646,4.135017395019531,3.5154656171798706,4.95396614074707,5.878011465072632,,
3.5133079290390015,2.9456772804260254,5.694234609603882,,,,,
3.8069114685058594,3.0711121559143066,5.992693662643433,,,,,
3.2726950645446777,3.2307000160217285,3.8069114685058594,3.0876638889312744,4.882848262786865,,,
3.806593894958496,3.0711121559143066,4.896231651306152,,,,,
3.84697425365448,3.1745680570602417,4.474765300750732,,,,,
3.8069114685058594,2.9456552267074585,4.471665143966675,4.973744630813599,,,,
3.707302212715149,3.165235996246338,3.3318451642990112,3.314916729927063,4.474765300750732,4.896335124969482,6.333002805709839,
4.1674981117248535,2.9676005840301514,3.6079219579696655,4.663990020751953,,,,
3.8839091062545776,3.2156585454940796,6.376833200454712,,,,,
3.102979302406311,5.083900690078735,,,,,,
3.8752118349075317,3.0714919567108154,3.3318451642990112,4.3247644901275635,5.91154932975769,,,
3.707302212715149,2.9042744636535645,4.881033182144165,4.972820520401001,,,,
3.707302212715149,3.0714919567108154,2.695976972579956,5.842594861984253,,,,
3.2113758325576782,4.6635847091674805,4.760156869888306,5.989414930343628,,,,
3.814141869544983,3.1343653202056885,3.165235996246338,5.083712100982666,4.917455196380615,6.377450942993164,,
3.773566722869873,3.2741119861602783,4.200387001037598,3.2395248413085938,6.034597158432007,6.860802173614502,,
3.0714919567108154,4.7265894412994385,,,,,,
3.1872676610946655,3.8073476552963257,4.232481956481934,5.9980480670928955,4.3641884326934814,,,
3.8893438577651978,2.8986552953720093,3.0715925693511963,4.728271961212158,,,,
4.165947914123535,3.1872676610946655,4.728271961212158,6.173018932342529,,,,
2.6706622838974,3.087376356124878,4.734825134277344,,,,,
4.080016613006592,3.1686397790908813,2.6960561275482178,4.988463878631592,5.083900690078735,,,
3.128134608268738,3.1343653202056885,3.5740597248077393,3.823636054992676,4.877548456192017,6.377450942993164,4.2311084270477295,
3.569759964942932,3.132811188697815,4.2206504344940186,4.166086673736572,3.0875221490859985,5.053000450134277,,
3.2920855283737183,5.270362615585327,3.6315531730651855,4.078137636184692,4.969752550125122,,,
3.808077096939087,3.0876638889312744,5.842594861984253,,,,,
3.1524544954299927,3.5947028398513794,3.5525277853012085,4.197784423828125,3.3040919303894043,,,
2.692028760910034,3.2565613985061646,3.9152289628982544,3.128134608268738,3.0715925693511963,5.983835697174072,,
3.8078752756118774,4.930603742599487,4.9403839111328125,,,,,
3.809320330619812,3.127909779548645,4.663626194000244,,,,,
3.707209825515747,3.168108344078064,5.992693662643433,4.95396614074707,,,,
3.8160927295684814,2.81153666973114,5.699190616607666,,,,,
4.078859090805054,3.1872676610946655,3.2113758325576782,3.0077942609786987,4.95396614074707,6.333002805709839,,
3.8893438577651978,3.1735209226608276,5.028881549835205,6.3469624519348145,,,,
3.8752118349075317,2.857028365135193,5.7128095626831055,4.325097560882568,4.9180662631988525,,,
3.8752118349075317,2.8986552953720093,2.9453701972961426,4.347976922988892,5.878011465072632,,,
3.465988278388977,2.9456552267074585,4.446723699569702,5.993847370147705,,,,
4.109339952468872,3.165235996246338,3.7733761072158813,3.0712807178497314,4.576573133468628,,,
3.847424030303955,3.071011543273926,3.5698200464248657,4.474765300750732,4.943740606307983,,,
3.4814308881759644,2.8114447593688965,3.622265577316284,3.756158471107483,5.083712100982666,4.943740606307983,,
2.9456772804260254,4.180958032608032,4.95396614074707,4.0901854038238525,,,,
3.847332000732422,3.0876638889312744,4.976706266403198,4.943740606307983,,,,
3.8752118349075317,3.4964789152145386,3.45815646648407,4.943543910980225,5.805021047592163,,,
3.707318663597107,3.7733761072158813,5.042630434036255,6.358937740325928,4.973744630813599,,,
3.847424030303955,3.550065040588379,3.1343653202056885,4.190298318862915,4.9185471534729,,,
3.847424030303955,3.0714919567108154,4.072653293609619,,,,,
3.2732486724853516,4.080906629562378,3.707209825515747,,,,,
3.6313672065734863,3.1686397790908813,3.789999842643738,6.377450942993164,,,,
3.7134586572647095,2.8986552953720093,2.9456772804260254,4.930603742599487,4.896335124969482,,,
3.4741564989089966,2.6940773725509644,4.251753568649292,3.216146945953369,6.0438854694366455,,,
3.0192949771881104,3.6310532093048096,4.943740606307983,,,,,
3.794899106025696,3.1027402877807617,4.471665143966675,5.821251392364502,,,,
2.8117083311080933,3.549881935119629,5.821251392364502,3.7539608478546143,,,,
3.215665578842163,2.9448598623275757,4.481065034866333,4.110337972640991,3.5323846340179443,,,
3.707302212715149,3.1331714391708374,4.973744630813599,6.173018932342529,,,,
3.642715573310852,3.018193244934082,4.221908807754517,5.821770429611206,,,,
4.7343151569366455,,,,,,,
3.8057528734207153,3.0876638889312744,5.991152048110962,,,,,
3.128134608268738,3.6310532093048096,4.524703502655029,5.85672926902771,,,,
3.852614164352417,2.8945571184158325,3.5698200464248657,3.0082114934921265,4.955301523208618,5.91154932975769,,
3.1331714391708374,3.5311707258224487,4.204146146774292,3.2435669898986816,,,,
3.707302212715149,3.0712807178497314,3.2156585454940796,4.471665143966675,5.176478624343872,,,
3.6492714881896973,2.8970571756362915,3.0876638889312744,4.973744630813599,,,,
3.8479971885681152,2.8117083311080933,4.976706266403198,4.973307132720947,,,,
3.3241302967071533,4.755128622055054,4.103631496429443,4.955301523208618,4.896335124969482,,,
3.8069114685058594,3.1890021562576294,3.1034488677978516,4.180958032608032,6.333730697631836,,,
3.1872676610946655,4.973744630813599,3.794899106025696,,,,,
4.200113534927368,3.214807152748108,3.5433677434921265,4.955301523208618,5.812269687652588,,,
3.847332000732422,3.1768428087234497,5.083712100982666,,,,,
3.80670964717865,3.1333913803100586,4.877548456192017,4.973183631896973,,,,
3.2807745933532715,4.199697017669678,3.5323846340179443,5.989414930343628,,,,
3.1761367321014404,2.8117083311080933,3.809320330619812,4.663193941116333,4.362928867340088,5.789491891860962,,
3.793997645378113,3.176838517189026,5.083712100982666,6.1017374992370605,,,,
4.030565500259399,3.3163740634918213,6.376833200454712,,,,,
3.2920855283737183,4.1674981117248535,3.1686397790908813,5.340847969055176,,,,
3.8069114685058594,3.0124553442001343,3.7103887796401978,6.034597158432007,,,,
4.200238943099976,3.103687882423401,3.45815646648407,6.331049203872681,,,,
3.889538884162903,2.945514440536499,3.1872676610946655,6.333730697631836,,,,
3.80670964717865,2.967587471008301,4.933110952377319,4.9180662631988525,,,,
3.847424030303955,2.9456552267074585,5.166793584823608,6.01880955696106,,,,
3.959246277809143,3.313690185546875,2.6904343366622925,2.945536494255066,4.7758564949035645,4.474765300750732,5.177627325057983,
3.8069114685058594,2.9453481435775757,,,,,,
3.1333913803100586,4.13681960105896,4.973744630813599,3.7704665660858154,,,,
3.8967180252075195,3.164188861846924,2.6960561275482178,5.231450080871582,,,,
3.707411050796509,2.8560497760772705,4.933110952377319,5.85672926902771,,,,
4.167968273162842,3.1333913803100586,6.427173852920532,,,,,
3.707411050796509,3.1500993967056274,2.9035564661026,4.3001484870910645,6.333730697631836,5.053000450134277,,
3.6554144620895386,2.9042744636535645,6.358937740325928,,,,,
3.215183973312378,4.237782001495361,4.96555495262146,,,,,
3.8262280225753784,3.2419533729553223,2.693539023399353,5.986726522445679,4.110337972640991,,,
3.8478344678878784,2.9456552267074585,3.4632495641708374,5.812269687652588,,,,
3.1663787364959717,3.474044680595398,4.577254056930542,3.7733761072158813,5.85672926902771,,,
4.135017395019531,2.9456552267074585,3.5808589458465576,2.8106693029403687,5.853012323379517,,,
3.847332000732422,3.0714919567108154,3.3163740634918213,4.180958032608032,4.765781879425049,,,
3.814141869544983,3.0124553442001343,3.1034488677978516,4.8696277141571045,4.915101051330566,,,
3.847424030303955,3.0711801052093506,3.458911180496216,4.9185471534729,,,,
3.707302212715149,3.1872676610946655,2.9453701972961426,5.207147836685181,4.471665143966675,5.008195400238037,,
3.465988278388977,2.9438064098358154,3.0082114934921265,4.347976922988892,4.930603742599487,4.973744630813599,,
3.8803112506866455,3.196868419647217,6.370818853378296,,,,,
3.1343653202056885,3.1320008039474487,5.861940145492554,3.9052408933639526,,,,
3.1872676610946655,3.1339765787124634,3.7704665660858154,,,,,
3.8752118349075317,3.1768428087234497,5.692453384399414,,,,,
3.8479971885681152,3.165235996246338,3.5458569526672363,4.930603742599487,5.789491891860962,,,
4.166086673736572,5.983835697174072,3.2411844730377197,,,,,
3.501891016960144,4.74254035949707,3.897191047668457,,,,,
3.1343653202056885,2.6960052251815796,4.3247644901275635,5.083712100982666,5.993847370147705,,,
3.0714919567108154,3.549881935119629,4.362828254699707,,,,,
3.80670964717865,3.3318451642990112,3.0715925693511963,,,,,
4.03858494758606,3.0876638889312744,3.3163740634918213,5.808922290802002,4.885449409484863,6.3271238803863525,,
3.0714919567108154,2.6940773725509644,2.6963865756988525,3.4729171991348267,4.896335124969482,3.7352004051208496,,
3.464869737625122,2.6960561275482178,5.018800258636475,4.943740606307983,5.990956544876099,,,
2.945536494255066,3.102979302406311,4.198052883148193,6.408118009567261,,,,
4.098998069763184,3.1745680570602417,3.0077942609786987,5.060920715332031,,,,
4.10736083984375,2.945536494255066,3.1686397790908813,5.856453895568848,,,,
3.8479971885681152,3.2021313905715942,4.7745139598846436,5.1571691036224365,,,,
3.7068876028060913,3.457254648208618,4.930603742599487,5.878011465072632,,,,
3.641865611076355,3.0868539810180664,4.078137636184692,4.943740606307983,,,,
3.176790714263916,4.4163055419921875,4.988463878631592,4.164872407913208,,,,
3.6310532093048096,3.0715925693511963,4.943740606307983,,,,,
3.8069114685058594,3.0082114934921265,4.955301523208618,,,,,
3.1333913803100586,4.728271961212158,,,,,,
3.1343653202056885,2.8117083311080933,4.476487398147583,3.25717830657959,4.969294786453247,4.949568510055542,5.486738920211792,
3.8069114685058594,3.0876638889312744,4.347976922988892,4.972820520401001,,,,
3.2738797664642334,2.852879285812378,3.943734049797058,4.19366192817688,,,,
4.200387001037598,3.197240114212036,2.6960561275482178,4.930603742599487,4.9180662631988525,,,
3.2562872171401978,4.200238943099976,3.1343952417373657,6.355745315551758,,,,
2.8112292289733887,3.4632495641708374,4.199970483779907,3.2818171977996826,,,,
3.6225818395614624,3.0714919567108154,5.851433515548706,4.871474266052246,,,,
3.7733761072158813,2.8560866117477417,4.95396614074707,4.058255195617676,3.0715925693511963,5.853012323379517,,
3.8160927295684814,3.0082114934921265,4.765781879425049,6.333730697631836,,,,
3.464869737625122,5.983072996139526,,,,,,
2.521831750869751,3.7250620126724243,4.198052883148193,3.326277256011963,,,,
3.6307748556137085,3.128134608268738,3.0712807178497314,4.66257381439209,4.969752550125122,,,
4.34997034072876,3.0714919567108154,3.5698200464248657,6.18803596496582,,,,
4.023885250091553,3.0715925693511963,3.3163740634918213,5.0863142013549805,4.968865394592285,,,
2.8117083311080933,3.549881935119629,4.93725323677063,5.789491891860962,,,,
3.80670964717865,3.0711121559143066,5.031411409378052,5.544350862503052,,,,
3.808967351913452,2.967587471008301,,,,,,
3.80670964717865,3.1343952417373657,4.728271961212158,5.990956544876099,,,,
3.707302212715149,4.883764028549194,5.790997743606567,,,,,
3.164188861846924,3.549881935119629,3.0868940353393555,3.7704665660858154,3.216146945953369,,,
3.814141869544983,2.9456552267074585,4.95396614074707,5.056064128875732,,,,
3.2021313905715942,3.7839475870132446,3.9052408933639526,4.200238943099976,,,,
3.894371747970581,3.0077942609786987,4.933110952377319,4.973868131637573,,,,
3.494028329849243,3.0711801052093506,4.48139762878418,,,,,
3.1331714391708374,3.4632495641708374,4.97275710105896,4.199970483779907,5.856453895568848,,,
3.0875221490859985,3.8823413848876953,3.2740237712860107,4.166086673736572,,,,
3.1331714391708374,4.197784423828125,3.261489510536194,5.539295673370361,6.58204460144043,,,
4.091771841049194,3.1034488677978516,5.045385360717773,6.408118009567261,,,,
3.809320330619812,2.8117083311080933,5.895574569702148,5.610330104827881,,,,
3.847332000732422,3.0714919567108154,3.3163740634918213,4.973744630813599,,,,
3.794899106025696,3.102318525314331,4.471665143966675,5.790997743606567,,,,
3.3141063451766968,3.1320008039474487,3.9379595518112183,3.7733761072158813,4.973183631896973,,,
3.7945446968078613,3.0714919567108154,2.6939268112182617,4.988463878631592,5.083601236343384,,,
3.5017428398132324,2.945536494255066,3.7733761072158813,4.221908807754517,4.969752550125122,,,
3.80670964717865,3.2156585454940796,4.896231651306152,4.474765300750732,4.7558252811431885,,,
3.963770270347595,6.402577877044678,4.09177565574646,,,,,
3.0192949771881104,4.166086673736572,,,,,,
3.168108344078064,3.7733761072158813,4.75542140007019,,,,,
3.8069114685058594,3.1872676610946655,4.4494123458862305,4.973868131637573,,,,
3.8484665155410767,3.1872676610946655,,,,,,
3.8069114685058594,3.2689112424850464,3.284825086593628,5.083900690078735,,,,
3.4632495641708374,2.878774046897888,2.8114447593688965,4.167514801025391,4.988463878631592,4.090672254562378,3.0077942609786987,6.377450942993164
3.102979302406311,2.8263334035873413,4.447270154953003,5.790997743606567,,,,
4.165947914123535,3.1343952417373657,2.8117083311080933,4.870888710021973,,,,
3.9112921953201294,2.945514440536499,4.976706266403198,4.972820520401001,,,,
4.058295488357544,3.165235996246338,5.709120750427246,6.379653692245483,,,,
3.5499268770217896,6.034597158432007,,,,,,
3.8069114685058594,3.1031429767608643,5.852736949920654,,,,,
3.847424030303955,2.967587471008301,4.347976922988892,4.943740606307983,,,,
3.8469719886779785,3.071011543273926,5.842594861984253,,,,,
3.8481738567352295,3.0712807178497314,5.990956544876099,,,,,
3.889538884162903,4.877548456192017,,,,,,
3.8069114685058594,3.127909779548645,3.456499934196472,4.663193941116333,4.943740606307983,,,
3.1333913803100586,2.6960561275482178,3.216146945953369,4.917455196380615,,,,
3.8479971885681152,2.9456552267074585,4.940349340438843,,,,,
3.7954663038253784,2.9456552267074585,4.988463878631592,,,,,
3.1770665645599365,2.6860402822494507,,,,,,
3.465988278388977,3.0715925693511963,3.7635536193847656,4.972820520401001,,,,
3.8069114685058594,3.1033819913864136,3.3163740634918213,4.728271961212158,5.071398019790649,,,
3.8069114685058594,3.285001277923584,4.790351629257202,,,,,
4.086979389190674,3.2156585454940796,2.895453691482544,4.883764028549194,5.231450080871582,6.377450942993164,,
3.8069114685058594,3.3190349340438843,2.6904343366622925,3.2021313905715942,5.083712100982666,5.055160999298096,6.482227563858032,
4.1674981117248535,6.334143877029419,,,,,,
3.8069114685058594,3.0711801052093506,4.756082057952881,5.85672926902771,,,,
3.127909779548645,3.2562432289123535,4.090670347213745,,,,,
3.0876638889312744,3.702328681945801,4.474765300750732,4.973744630813599,,,,
3.1930638551712036,4.4005138874053955,3.6691668033599854,3.6990445852279663,4.95396614074707,4.090670347213745,3.0868940353393555,5.993847370147705
3.8479971885681152,2.9005367755889893,3.0715925693511963,4.434658527374268,5.990956544876099,,,
3.464748740196228,2.6891061067581177,3.714082360267639,4.917936086654663,,,,
3.847424030303955,3.0711801052093506,4.347976922988892,5.856453895568848,,,,
3.47132670879364,3.102337956428528,4.712055683135986,3.8048397302627563,6.18803596496582,,,
4.199970483779907,3.1686397790908813,5.083712100982666,5.450556993484497,,,,
3.8551822900772095,2.8114447593688965,5.083712100982666,4.199386835098267,3.505694270133972,6.408118009567261,,
3.8069114685058594,3.0614073276519775,4.091771841049194,4.871474266052246,,,,
3.6618326902389526,3.0711801052093506,5.014860391616821,4.2206504344940186,6.575489282608032,,,
3.1343952417373657,2.6940773725509644,,,,,,
3.399220585823059,2.6904343366622925,4.3247644901275635,3.5017428398132324,5.046357154846191,,,
3.3978030681610107,4.474765300750732,3.202032446861267,3.132811188697815,3.0863202810287476,,,
2.6904343366622925,5.083712100982666,6.034597158432007,5.8388285636901855,,,,
3.8752118349075317,3.165235996246338,2.8114447593688965,3.0715925693511963,5.548144340515137,,,
3.809320330619812,3.1033819913864136,6.333730697631836,,,,,
4.086979389190674,3.2021313905715942,5.690752029418945,4.494483232498169,,,,
3.8752118349075317,2.9456552267074585,3.5808589458465576,4.4494123458862305,,,,
3.1735209226608276,3.4741379022598267,3.7810380458831787,4.180218696594238,5.930178642272949,,,
3.806593894958496,3.0615540742874146,3.1227824687957764,3.0712807178497314,4.95396614074707,5.878011465072632,,
3.8946117162704468,3.103687882423401,5.083712100982666,5.944599866867065,,,,
3.0192840099334717,3.6986398696899414,3.6313672065734863,4.755187034606934,,,,
3.9112921953201294,3.018808364868164,3.0715925693511963,4.471665143966675,5.842594861984253,,,
3.8478344678878784,3.1034488677978516,4.471665143966675,,,,,
3.794899106025696,3.070975422859192,4.2206504344940186,4.899860858917236,,,,
3.8069114685058594,3.4964789152145386,5.709120750427246,,,,,
3.8752118349075317,4.95396614074707,5.990956544876099,,,,,
3.8560662269592285,4.167514801025391,4.792393445968628,5.853012323379517,,,,
3.265766978263855,4.080002069473267,4.197732448577881,,,,,
3.6711307764053345,3.0077942609786987,4.4029786586761475,5.709120750427246,,,,
3.102533221244812,3.7539608478546143,4.727601528167725,,,,,
3.45815646648407,4.474765300750732,3.279618978500366,3.852937936782837,4.96691107749939,3.507759690284729,,
4.226635456085205,3.0876638889312744,6.333730697631836,5.149935722351074,,,,
3.794899106025696,2.9042744636535645,2.578395962715149,3.165235996246338,5.707632064819336,,,
3.2425355911254883,2.6940773725509644,2.6963865756988525,3.713064432144165,4.728271961212158,4.973744630813599,,
3.7011282444000244,5.222990036010742,3.6223549842834473,5.842594861984253,,,,
3.809320330619812,3.0082114934921265,2.6960561275482178,4.348238468170166,5.853012323379517,,,
3.0875221490859985,3.088173270225525,4.302968740463257,,,,,
3.814141869544983,3.1116713285446167,2.6940773725509644,4.976706266403198,6.408118009567261,,,
4.058295488357544,2.945514440536499,3.6990445852279663,5.85672926902771,,,,
3.164188861846924,3.375518798828125,4.738198280334473,3.457254648208618,6.491636514663696,,,
3.164188861846924,3.4741564989089966,4.166086673736572,,,,,
3.7080025672912598,3.0712807178497314,4.091771841049194,,,,,
3.889538884162903,3.164188861846924,4.95396614074707,6.949516296386719,,,,
3.2425355911254883,2.81153666973114,4.438285827636719,3.809320330619812,4.917455196380615,,,
3.5922032594680786,4.66257381439209,3.9182209968566895,3.0077942609786987,4.9180662631988525,,,
3.0711801052093506,3.646543502807617,4.078137636184692,,,,,
3.127909779548645,4.090670347213745,3.89406156539917,,,,,
3.3201905488967896,3.1343653202056885,5.986726522445679,,,,,
4.17676568031311,3.1333913803100586,4.955301523208618,6.1764233112335205,,,,
3.814141869544983,3.1686397790908813,,,,,,
3.8893438577651978,3.071011543273926,5.694234609603882,5.634519815444946,,,,
3.0875221490859985,3.549881935119629,4.199970483779907,,,,,
3.707302212715149,3.132012367248535,4.3247644901275635,5.790997743606567,,,,
3.809320330619812,4.474765300750732,4.972820520401001,,,,,
3.0714919567108154,4.374663352966309,6.333730697631836,,,,,
3.874502658843994,3.1686397790908813,3.470317244529724,4.955301523208618,4.96691107749939,,,
3.1686397790908813,3.1034488677978516,4.360299825668335,4.930603742599487,4.943740606307983,,,
3.852614164352417,3.0715925693511963,5.993847370147705,5.078099250793457,,,,
3.707302212715149,2.8106693029403687,4.221908807754517,4.249361038208008,,,,
3.847424030303955,3.1686397790908813,4.734825134277344,6.034597158432007,6.148961305618286,,,
3.6618326902389526,2.9656152725219727,3.0876638889312744,4.48139762878418,5.853012323379517,,,
3.6120002269744873,2.9456772804260254,4.363991737365723,3.0715925693511963,6.358937740325928,,,
3.0876638889312744,3.5455816984176636,4.164872407913208,3.261489510536194,,,,
3.897191047668457,2.8986552953720093,3.5163947343826294,5.008195400238037,,,,
4.200238943099976,3.1034488677978516,3.4632495641708374,5.083712100982666,5.861940145492554,,,
3.071011543273926,3.165235996246338,3.9055392742156982,4.107749938964844,5.983835697174072,,,
3.9102182388305664,3.1686397790908813,5.083712100982666,,,,,
3.9112921953201294,3.165235996246338,3.5808589458465576,3.0710846185684204,4.474765300750732,4.969752550125122,,
4.166086673736572,3.164188861846924,6.421013355255127,,,,,
3.1871269941329956,5.7083775997161865,,,,,,
3.464748740196228,3.0876638889312744,4.9180662631988525,,,,,
3.8069114685058594,3.0714919567108154,3.5455816984176636,4.347976922988892,,,,
3.4719101190567017,3.0714919567108154,4.481065034866333,5.019692420959473,,,,
3.5017428398132324,5.01853346824646,3.132012367248535,4.004613161087036,3.897191047668457,,,
3.9762768745422363,3.165235996246338,4.696210622787476,5.878011465072632,,,,
3.873991012573242,5.0730366706848145,,,,,,
3.313690185546875,3.324564576148987,4.969752550125122,6.358937740325928,,,,
3.25712788105011,2.8322882652282715,4.199970483779907,4.870888710021973,6.408118009567261,,,
4.17676568031311,3.0714919567108154,4.881033182144165,6.091581583023071,,,,
3.8069114685058594,2.9456772804260254,3.447491407394409,4.335124492645264,4.969228506088257,6.575489282608032,,
3.80670964717865,3.1034488677978516,2.9438064098358154,4.943740606307983,4.450321912765503,,,
3.8160927295684814,3.1686397790908813,5.092810392379761,5.790997743606567,,,,
3.9112921953201294,3.132521390914917,4.972820520401001,,,,,
3.8069114685058594,3.3163740634918213,2.8986552953720093,2.6960561275482178,5.993847370147705,5.634519815444946,,
2.833194375038147,4.199970483779907,2.9452271461486816,5.031411409378052,,,,
4.199970483779907,3.164188861846924,3.7134586572647095,6.333002805709839,,,,
4.086979389190674,3.0714919567108154,2.954785108566284,3.568637251853943,4.955301523208618,6.003627300262451,,
3.1333913803100586,3.5545499324798584,4.197784423828125,5.031411409378052,6.491609334945679,,,
3.894371747970581,3.1686397790908813,4.9180662631988525,,,,,
3.707411050796509,2.9456552267074585,3.549881935119629,5.083712100982666,4.949568510055542,,,
3.8803112506866455,3.1034488677978516,4.955301523208618,5.790997743606567,,,,
2.8560866117477417,3.0875221490859985,3.809320330619812,4.9180662631988525,,,,
3.8752118349075317,2.9456552267074585,5.861940145492554,6.3964173793792725,,,,
3.794899106025696,3.0714919567108154,6.331049203872681,,,,,
3.894371747970581,3.087376356124878,3.485493779182434,4.972820520401001,,,,
3.876067280769348,3.2149457931518555,2.6860402822494507,5.12818169593811,6.034597158432007,,,
3.702328681945801,2.8088959455490112,4.474765300750732,4.031731605529785,4.9403839111328125,,,
3.8946117162704468,3.165235996246338,3.1034488677978516,2.6960561275482178,4.95396614074707,6.3957836627960205,4.946211814880371,
3.5149422883987427,2.8088959455490112,4.504529237747192,4.091771841049194,3.0077942609786987,,,
3.6618326902389526,2.945536494255066,4.896335124969482,,,,,
3.464748740196228,3.2308484315872192,3.0712807178497314,5.083712100982666,,,,
3.4632495641708374,2.856983780860901,4.474765300750732,4.090672254562378,,,,
3.814141869544983,3.1227824687957764,3.087376356124878,4.988463878631592,5.083712100982666,,,
3.5009548664093018,2.6960052251815796,3.714082360267639,,,,,
3.2852020263671875,4.180958032608032,4.877548456192017,5.805021047592163,,,,
3.264988660812378,2.6904343366622925,3.1033819913864136,4.295880556106567,4.524703502655029,5.85672926902771,,
3.0875221490859985,4.165947914123535,3.291083335876465,6.1764233112335205,,,,
3.8946117162704468,3.0714919567108154,5.983835697174072,,,,,
3.1686397790908813,4.3728766441345215,5.157131910324097,6.037036895751953,6.333002805709839,,,
2.9453701972961426,4.199970483779907,3.6137912273406982,,,,,
3.7951139211654663,3.0077942609786987,2.6860402822494507,4.474765300750732,,,,
3.7948760986328125,3.501891016960144,3.0124553442001343,4.483957767486572,5.056064128875732,,,
3.0714919567108154,4.933110952377319,4.896037578582764,5.789491891860962,,,,
3.4719303846359253,2.81153666973114,4.192641019821167,5.028881549835205,,,,
3.707209825515747,3.0711801052093506,4.888600826263428,6.421013355255127,,,,
3.847424030303955,3.545236110687256,4.476487398147583,4.950072526931763,,,,
3.70556640625,3.1031429767608643,3.104450821876526,4.955301523208618,5.927786350250244,,,
3.847332000732422,3.0714919567108154,4.604461193084717,,,,,
4.165947914123535,3.1031429767608643,3.456499934196472,,,,,
4.1674981117248535,3.2156585454940796,3.1027402877807617,5.100643157958984,6.333730697631836,4.482787132263184,6.603048801422119,
3.2161539793014526,3.464748740196228,5.8388285636901855,,,,,
3.794899106025696,2.9039376974105835,3.447491407394409,4.474765300750732,5.993847370147705,,,
3.019231915473938,2.8103153705596924,3.7539608478546143,4.199477195739746,,,,
3.1343952417373657,3.102979302406311,4.166086673736572,,,,,
2.78678822517395,3.0876638889312744,4.476487398147583,5.944599866867065,,,,
3.707411050796509,3.336199641227722,3.0876638889312744,4.969752550125122,5.789491891860962,6.1417555809021,,
3.071011543273926,4.1765947341918945,3.486528158187866,5.989414930343628,,,,
4.03858494758606,4.930603742599487,5.852736949920654,,,,,
3.25717830657959,3.7364996671676636,3.127909779548645,4.368037700653076,,,,
3.8478344678878784,3.1034488677978516,5.008195400238037,,,,,
3.071011543273926,3.664318799972534,3.3040919303894043,4.159863710403442,4.166086673736572,,,
3.847424030303955,3.0711801052093506,4.896335124969482,,,,,
3.6554144620895386,3.164188861846924,3.1034488677978516,4.474765300750732,6.030229806900024,,,
3.708434820175171,4.533275127410889,3.9414252042770386,6.003627300262451,,,,
3.465624451637268,2.8117083311080933,5.0898826122283936,,,,,
3.889538884162903,3.196868419647217,2.6940773725509644,4.95396614074707,4.9403839111328125,,,
3.2726950645446777,3.736676335334778,4.031731605529785,6.421013355255127,,,,
3.0192840099334717,3.4628130197525024,3.5684616565704346,4.197784423828125,3.207714080810547,,,
3.47132670879364,3.507759690284729,3.6576613187789917,4.199970483779907,6.333730697631836,,,
3.559718370437622,3.3692519664764404,4.894110679626465,6.034597158432007,6.231221437454224,,,
4.165947914123535,3.0711801052093506,6.091581583023071,,,,,
3.889538884162903,3.0192840099334717,4.474765300750732,,,,,
2.945514440536499,4.110095500946045,3.272723078727722,5.85672926902771,4.905407667160034,,,
3.1343952417373657,4.204146146774292,,,,,,
3.4741564989089966,4.199970483779907,,,,,,
3.809320330619812,3.0714919567108154,5.083712100982666,6.1017374992370605,,,,
4.165947914123535,3.0875221490859985,6.474249601364136,,,,,
3.806182026863098,3.2564836740493774,,,,,,
3.6618326902389526,3.0053460597991943,4.95396614074707,4.896335124969482,5.808922290802002,,,
3.102571725845337,4.896037578582764,3.7839475870132446,,,,,
3.0876638889312744,4.11348295211792,3.806182026863098,,,,,
3.0714919567108154,3.8573806285858154,4.198052883148193,3.2551289796829224,,,,
3.650098204612732,3.1458497047424316,3.1971651315689087,4.93721866607666,,,,
3.214909791946411,2.6778143644332886,4.058295488357544,3.145624876022339,4.6635847091674805,,,
3.8838865756988525,3.103687882423401,4.988463878631592,4.950072526931763,,,,
3.1768428087234497,,,,,,,
3.071011543273926,4.896231651306152,4.166086673736572,,,,,
3.9102182388305664,3.1034488677978516,4.482787132263184,5.85822319984436,,,,
3.2732486724853516,3.7371479272842407,3.128134608268738,4.363991737365723,3.0712807178497314,5.861940145492554,,
3.1333913803100586,4.520570755004883,6.514453887939453,,,,,
4.108471870422363,3.2021313905715942,4.95396614074707,,,,,
3.707302212715149,3.2072256803512573,3.1110440492630005,4.930603742599487,5.85672926902771,,,
3.894371747970581,3.0192949771881104,3.264988660812378,4.95396614074707,4.943740606307983,,,
3.128134608268738,4.792071342468262,6.421013355255127,,,,,
3.809320330619812,2.8986552953720093,2.9456772804260254,4.476487398147583,5.85672926902771,,,
3.5007752180099487,3.102337956428528,4.896231651306152,,,,,
3.2562432289123535,3.9139766693115234,3.0876638889312744,4.732028484344482,,,,
3.852614164352417,3.0714919567108154,6.331049203872681,5.634519815444946,,,,
3.8077595233917236,3.0192949771881104,3.265766978263855,4.66257381439209,,,,
3.8479971885681152,3.2564836740493774,4.994192600250244,5.853012323379517,,,,
4.086979389190674,3.165235996246338,3.0082114934921265,4.870888710021973,,,,
3.1680837869644165,4.917455196380615,5.140827417373657,,,,,
3.6225818395614624,3.0082114934921265,5.709120750427246,,,,,
3.6986398696899414,3.196563482284546,4.2206504344940186,3.0077942609786987,4.090670347213745,3.1033819913864136,6.075342416763306,
3.464869737625122,3.0711801052093506,4.074665069580078,4.899860858917236,,,,
2.8560497760772705,3.803288459777832,3.2740237712860107,4.136600494384766,3.1770665645599365,6.148961305618286,,
3.0714919567108154,4.376333951950073,5.8388285636901855,,,,,
3.806593894958496,3.0714919567108154,4.734825134277344,,,,,
3.794899106025696,2.8117083311080933,3.128134608268738,4.728271961212158,6.171738147735596,,,
3.7948760986328125,2.9614028930664062,3.1034488677978516,,,,,
3.1333913803100586,3.50751793384552,3.8978360891342163,3.261489510536194,4.943740606307983,,,
4.080016613006592,2.9042744636535645,5.083712100982666,4.972820520401001,,,,
2.8114447593688965,3.0868940353393555,3.7839475870132446,4.896335124969482,,,,
2.6851056814193726,2.945536494255066,4.197784423828125,6.1764233112335205,,,,
3.894371747970581,2.945232391357422,5.014860391616821,,,,,
3.343783378601074,2.6960561275482178,4.1674981117248535,,,,,
3.8551822900772095,2.9456772804260254,4.70436692237854,4.943740606307983,,,,
3.1033819913864136,2.690303087234497,3.5455816984176636,3.3101991415023804,,,,
3.8069114685058594,2.6940773725509644,5.080784320831299,6.377450942993164,,,,
3.707209825515747,3.4741564989089966,6.182309627532959,5.612577438354492,,,,
4.180890798568726,3.168108344078064,5.083712100982666,3.006985902786255,4.110337972640991,,,
3.8160927295684814,3.0712807178497314,3.3201905488967896,5.083712100982666,5.842594861984253,,,
2.8114447593688965,3.0875221490859985,4.374663352966309,,,,,
3.814141869544983,3.245918035507202,4.950072526931763,,,,,
2.796550750732422,3.6939059495925903,3.0875221490859985,4.6153318881988525,5.5358147621154785,,,
3.707302212715149,3.1745680570602417,3.0715925693511963,4.877548456192017,6.005168914794922,,,
3.7248817682266235,3.165235996246338,2.6960052251815796,,,,,
3.847424030303955,3.1768428087234497,4.054845094680786,5.990956544876099,,,,
3.8157161474227905,3.1871269941329956,5.222367763519287,5.842594861984253,5.634519815444946,,,
3.8803112506866455,2.9456552267074585,5.083712100982666,5.85672926902771,,,,
3.1343653202056885,3.549881935119629,3.806182026863098,4.180218696594238,5.993847370147705,,,
2.9456772804260254,3.89406156539917,,,,,,
3.0710028409957886,4.078137636184692,4.973868131637573,,,,,
3.794899106025696,2.879896879196167,4.337320566177368,4.973744630813599,,,,
3.814141869544983,3.470317244529724,4.7758564949035645,,,,,
3.814141869544983,3.0714919567108154,3.45815646648407,4.221908807754517,4.9180662631988525,,,
3.847332000732422,2.710744261741638,5.790997743606567,,,,,
3.813692808151245,3.0712807178497314,5.0834126472473145,5.800812244415283,,,,
4.200113534927368,3.0875221490859985,2.81153666973114,3.470317244529724,5.989414930343628,,,
3.847424030303955,3.0714919567108154,4.347976922988892,,,,,
3.80670964717865,3.1031429767608643,4.474765300750732,,,,,
3.8069114685058594,3.165235996246338,2.8117083311080933,4.95396614074707,4.973183631896973,,,
3.8479971885681152,3.165235996246338,3.0712807178497314,4.950971841812134,4.872316598892212,,,
3.1971651315689087,4.197784423828125,5.340847969055176,6.333002805709839,,,,
3.794899106025696,3.0714919567108154,3.3318451642990112,4.471665143966675,4.9180662631988525,,,
3.3221447467803955,4.896335124969482,3.8849138021469116,6.034597158432007,,,,
