0,1,2,3,4,5,6,7,8,9,10,11,12,13,14,15,16,17,18,19,20
3.0721466541290283,2.508490800857544,2.7883052825927734,3.793272614479065,3.310317039489746,4.19158148765564,5.854052782058716,5.217110872268677,6.088425397872925,4.087325572967529,,,,,,,,,,,
3.5367300510406494,2.693631410598755,5.234503984451294,3.9273422956466675,4.42104697227478,4.821441411972046,4.250597715377808,8.373894214630127,,,,,,,,,,,,,
5.154343128204346,2.7190873622894287,3.7499579191207886,2.982016086578369,4.81987452507019,4.289943695068359,5.651588201522827,3.680951476097107,4.147044658660889,6.681244611740112,3.073826313018799,6.048978090286255,,,,,,,,,
2.9969245195388794,2.3673352003097534,4.134764671325684,3.6151496171951294,3.44572377204895,3.792930841445923,3.243433713912964,,,,,,,,,,,,,,
3.5071308612823486,3.991734504699707,3.9810603857040405,5.093237638473511,5.35811448097229,4.875210762023926,2.830924868583679,3.716977834701538,3.2240439653396606,3.0708975791931152,4.041335344314575,3.6638494729995728,4.15227484703064,,,,,,,,
2.6920849084854126,4.3291099071502686,3.650368094444275,3.2170886993408203,4.1156394481658936,3.946173667907715,4.9535205364227295,3.7068464756011963,,,,,,,,,,,,,
3.9213837385177612,3.5737181901931763,2.4894875288009644,3.656409502029419,7.270006895065308,4.994890213012695,2.6724458932876587,4.869495630264282,6.279212236404419,3.543930768966675,3.5191508531570435,6.448165655136108,4.257782459259033,,,,,,,,
3.9569735527038574,4.907245874404907,3.2018905878067017,2.6566797494888306,3.7974588871002197,3.6283318996429443,,,,,,,,,,,,,,,
3.6823198795318604,3.1331610679626465,5.892963171005249,5.7818756103515625,4.971561670303345,5.638349533081055,4.195855140686035,2.660040259361267,3.137280583381653,3.5013612508773804,4.474545001983643,4.0818846225738525,3.3112648725509644,4.147528409957886,3.4064897298812866,6.226864814758301,3.5101799964904785,3.078659415245056,,,
2.6035187244415283,2.68701708316803,2.935507655143738,2.393817663192749,3.0681633949279785,3.254752516746521,5.509433746337891,5.017557621002197,3.1023327112197876,3.994210958480835,5.4215006828308105,5.644049644470215,,,,,,,,,
3.0721466541290283,2.56306791305542,4.312811851501465,4.382011413574219,3.6136388778686523,5.925065517425537,5.199002027511597,3.429939389228821,5.292550802230835,,,,,,,,,,,,
2.691782236099243,2.694718360900879,2.323578119277954,4.1288533210754395,3.259437322616577,6.860920667648315,4.808102130889893,3.747738242149353,3.660045027732849,4.352242946624756,,,,,,,,,,,
3.72237765789032,2.67417573928833,3.3195513486862183,4.134212017059326,4.377242803573608,5.363262891769409,6.0955564975738525,4.918637990951538,3.9557790756225586,,,,,,,,,,,,
3.4738467931747437,2.7089661359786987,2.40292751789093,4.138788223266602,4.009932041168213,5.160760164260864,4.015825986862183,3.4142634868621826,4.04688286781311,3.0267064571380615,4.608052015304565,5.223360300064087,,,,,,,,,
3.0708975791931152,3.8675211668014526,5.227412939071655,3.676475405693054,3.565466046333313,6.194111347198486,3.4231165647506714,4.046604871749878,,,,,,,,,,,,,
2.7266141176223755,2.543514847755432,2.5054420232772827,3.3850377798080444,3.2475428581237793,3.189598798751831,6.428229093551636,4.1620869636535645,2.8464882373809814,3.538050413131714,5.4574315547943115,,,,,,,,,,
5.171721458435059,2.837906241416931,2.4032576084136963,3.017561674118042,2.9453861713409424,3.4544339179992676,2.8182536363601685,3.747738242149353,2.7516820430755615,5.63041877746582,4.359029531478882,4.971561670303345,,,,,,,,,
4.122919797897339,2.570111036300659,3.7129666805267334,3.3980215787887573,4.520861387252808,2.6740247011184692,3.5304630994796753,3.685054302215576,,,,,,,,,,,,,
4.2132415771484375,2.9609752893447876,2.6574580669403076,2.5443592071533203,3.9315329790115356,6.083787441253662,4.081536293029785,3.6438262462615967,6.121192455291748,4.709890604019165,5.556080102920532,,,,,,,,,,
2.185352921485901,2.8158717155456543,2.9951446056365967,5.781634092330933,5.0763654708862305,4.099763870239258,4.013713717460632,2.928879737854004,6.202765703201294,4.192704200744629,3.669047713279724,3.568889856338501,3.2425355911254883,3.6356157064437866,2.8049416542053223,,,,,,
3.071552276611328,6.767467975616455,5.771578073501587,7.3185038566589355,3.8898802995681763,2.741277813911438,2.7556257247924805,3.984105706214905,3.3588708639144897,3.24960720539093,4.836890459060669,5.917359352111816,3.0545589923858643,4.971685171127319,,,,,,,
3.7511508464813232,2.8031660318374634,3.069420337677002,2.341223359107971,6.013972759246826,3.9931602478027344,4.352074384689331,4.309647798538208,2.526758551597595,3.1497706174850464,2.40292751789093,,,,,,,,,,
3.0708975791931152,2.828885078430176,5.888978481292725,3.5395323038101196,3.8337607383728027,3.7068876028060913,4.807419538497925,6.3740317821502686,,,,,,,,,,,,,
2.7728967666625977,4.562291860580444,4.999002695083618,4.166505575180054,3.109552025794983,4.051934242248535,7.373528242111206,3.774884581565857,2.359372138977051,4.6845903396606445,,,,,,,,,,,
4.4847939014434814,5.163533687591553,4.733682870864868,4.807414293289185,3.8669353723526,6.071418523788452,3.8530348539352417,5.1366026401519775,4.154892444610596,3.058238983154297,2.574917197227478,4.1223835945129395,3.7617881298065186,2.6994171142578125,4.032451152801514,2.703230619430542,2.7118135690689087,,,,
2.3422480821609497,2.7190873622894287,3.3222599029541016,3.577072501182556,6.664839029312134,3.6512430906295776,5.563404560089111,4.057034015655518,,,,,,,,,,,,,
2.8109710216522217,3.1240581274032593,2.5467437505722046,2.0006479024887085,3.809160590171814,3.2807745933532715,3.034145712852478,6.345816373825073,7.896311521530151,5.334456443786621,,,,,,,,,,,
2.6595572233200073,2.1298071146011353,2.987881302833557,3.131300449371338,3.976309299468994,5.2899839878082275,4.491965055465698,5.791535377502441,4.082052946090698,4.875451564788818,,,,,,,,,,,
2.661073923110962,3.307627320289612,2.867083191871643,2.419842839241028,2.7331937551498413,4.306088924407959,6.681244611740112,5.049808025360107,4.649125814437866,6.300678730010986,,,,,,,,,,,
4.1223835945129395,4.1620869636535645,2.5744876861572266,4.640798807144165,3.5303776264190674,4.059651970863342,3.5987876653671265,4.263782978057861,3.0941027402877808,3.7548216581344604,3.1985909938812256,6.444516181945801,4.148897409439087,2.8370341062545776,3.5210182666778564,,,,,,
2.6599185466766357,2.7059237957000732,2.4138505458831787,3.745526432991028,2.9379571676254272,5.648438453674316,6.490873336791992,4.781442642211914,5.154445171356201,,,,,,,,,,,,
6.213542699813843,3.0472795963287354,2.69217050075531,2.03967148065567,2.546443462371826,3.981815814971924,5.281749486923218,3.9346683025360107,4.113684892654419,4.565104246139526,3.132569193840027,3.2762523889541626,3.9550811052322388,3.095201253890991,3.155640482902527,,,,,,
3.0708975791931152,2.499650716781616,2.0720021724700928,4.7893781661987305,4.648722410202026,4.092771291732788,3.8044909238815308,3.251729130744934,4.425718545913696,5.778075218200684,,,,,,,,,,,
4.115889072418213,6.009974718093872,4.496038198471069,7.941961050033569,4.558454513549805,3.7585638761520386,3.4693979024887085,2.5716809034347534,4.2295448780059814,3.7150347232818604,2.5069888830184937,3.984105706214905,3.423757791519165,2.8691015243530273,,,,,,,
2.5628057718276978,2.199380040168762,3.622559666633606,2.6745434999465942,3.0332417488098145,6.139617681503296,4.0527753829956055,,,,,,,,,,,,,,
2.5894869565963745,3.3077856302261353,2.866547107696533,2.9985755681991577,5.906038284301758,6.091288089752197,5.438995838165283,,,,,,,,,,,,,,
5.216501235961914,8.600512504577637,3.3614684343338013,2.8195749521255493,5.161571979522705,3.6843197345733643,2.63262939453125,2.3673352003097534,2.421655297279358,2.735093116760254,4.071220636367798,4.0062782764434814,2.795232892036438,,,,,,,,
3.801450729370117,2.6900475025177,2.40292751789093,3.4284520149230957,2.8065329790115356,4.5599045753479,6.483219385147095,4.499456405639648,3.630563259124756,2.9950562715530396,5.01698637008667,5.192794561386108,4.513153553009033,,,,,,,,
3.705336570739746,2.574917197227478,3.0489574670791626,2.551721453666687,2.508112907409668,3.173175096511841,3.535364508628845,3.0078938007354736,5.571300506591797,4.980647563934326,6.077376365661621,,,,,,,,,,
2.3259626626968384,2.486722469329834,2.5461610555648804,3.314857840538025,2.659453511238098,4.138788223266602,5.509433746337891,4.863509893417358,2.9644843339920044,5.402797222137451,4.788837194442749,7.572104454040527,4.617745876312256,5.436554670333862,,,,,,,
2.7673282623291016,3.3503676652908325,2.691139817237854,3.4980223178863525,4.918518781661987,3.746631622314453,2.361950993537903,2.8465306758880615,2.617754101753235,3.0559550523757935,3.9026670455932617,3.66839599609375,4.040317535400391,3.431157350540161,5.731276988983154,4.826059579849243,,,,,
2.707548141479492,2.838434338569641,3.745626449584961,4.426522254943848,5.75656270980835,3.054476261138916,,,,,,,,,,,,,,,
2.945731043815613,2.4641488790512085,2.3572325706481934,3.3440206050872803,4.843976259231567,3.702276349067688,3.255917191505432,4.138933181762695,5.245911121368408,4.392439603805542,,,,,,,,,,,
5.930225610733032,3.8814769983291626,2.59074330329895,4.649125814437866,2.681884527206421,7.088083505630493,2.004044234752655,3.6477150917053223,2.666057586669922,5.176714181900024,4.127431392669678,,,,,,,,,,
3.066030979156494,2.9307364225387573,2.5475385189056396,4.0088536739349365,3.2424396276474,3.836833357810974,6.417210340499878,5.614231586456299,3.922271490097046,7.346821546554565,3.9970086812973022,3.6871620416641235,3.6324524879455566,,,,,,,,
2.4143335819244385,4.0816121101379395,3.0472795963287354,3.1102815866470337,3.8384060859680176,3.2254608869552612,6.104244947433472,7.377459526062012,,,,,,,,,,,,,
2.543514847755432,3.02794873714447,3.0832648277282715,3.767656922340393,4.076297998428345,4.784275531768799,4.955421447753906,4.5599377155303955,4.41661810874939,6.82734751701355,3.0388002395629883,,,,,,,,,,
4.0154852867126465,3.3641384840011597,2.6693793535232544,2.692185878753662,3.7444119453430176,3.101509690284729,3.3977993726730347,4.90062689781189,4.180489897727966,3.524233102798462,,,,,,,,,,,
2.5673675537109375,3.066861152648926,2.8198691606521606,2.6845297813415527,3.5358285903930664,4.4688169956207275,3.532162070274353,3.5469303131103516,4.827996492385864,5.177236557006836,4.262692451477051,5.897499322891235,5.729160785675049,,,,,,,,
2.7215988636016846,4.082752466201782,4.043443202972412,3.0868297815322876,5.049637079238892,5.916993141174316,7.953450679779053,5.2801454067230225,3.5782582759857178,2.690850257873535,6.3465752601623535,,,,,,,,,,
2.660040259361267,2.131255269050598,3.9377658367156982,3.669772744178772,4.209873199462891,3.510228753089905,3.2023032903671265,6.383714199066162,2.925650954246521,4.720773935317993,,,,,,,,,,,
3.9769093990325928,6.266260385513306,4.052974700927734,4.0088536739349365,3.919878840446472,4.309978485107422,3.0511505603790283,6.234682083129883,6.551279306411743,,,,,,,,,,,,
3.2787628173828125,2.6596943140029907,2.3589528799057007,3.575654149055481,3.195473790168762,3.0412708520889282,4.084054708480835,3.8391846418380737,6.528212547302246,4.142122745513916,3.7548216581344604,3.0795453786849976,5.070765495300293,4.081838607788086,7.299371242523193,4.794218063354492,,,,,
3.0708975791931152,2.741825819015503,2.6832956075668335,6.301797151565552,3.624906539916992,5.387019157409668,3.85805606842041,4.793372631072998,,,,,,,,,,,,,
6.389874696731567,2.8353596925735474,4.145040988922119,5.621879577636719,2.728293299674988,2.8533884286880493,3.063333749771118,3.1186349391937256,,,,,,,,,,,,,
3.6630955934524536,2.692963123321533,3.0472795963287354,2.616707682609558,5.863659143447876,4.435410499572754,4.277313947677612,3.9496800899505615,6.059994697570801,6.681244611740112,5.341116189956665,,,,,,,,,,
3.0504177808761597,3.794296622276306,4.085904836654663,3.0039128065109253,2.696897506713867,3.73250675201416,3.507233500480652,3.2737876176834106,3.8371487855911255,4.2617692947387695,,,,,,,,,,,
3.1928707361221313,3.4325435161590576,2.693631410598755,2.8648266792297363,4.082752466201782,3.659419298171997,5.584823846817017,4.015429139137268,4.7236855030059814,5.780591726303101,,,,,,,,,,,
2.7411551475524902,2.5906238555908203,2.848477840423584,3.239803194999695,6.456825017929077,3.9250408411026,4.170609712600708,3.8661916255950928,3.7085869312286377,3.747738242149353,2.964259147644043,4.533579349517822,6.408528566360474,4.04567289352417,7.985018014907837,,,,,,
3.0341659784317017,2.6958634853363037,5.799962997436523,3.6509052515029907,3.7589526176452637,3.3440206050872803,6.077376365661621,3.7567230463027954,4.98994255065918,,,,,,,,,,,,
2.725345253944397,3.7514231204986572,5.352439641952515,3.9652897119522095,3.177837371826172,,,,,,,,,,,,,,,,
3.7499579191207886,2.976737856864929,2.1996822357177734,6.077376365661621,4.575474500656128,,,,,,,,,,,,,,,,
3.1771433353424072,2.839591860771179,4.491642236709595,3.5358285903930664,3.9266998767852783,4.1683666706085205,7.293785810470581,4.705225229263306,,,,,,,,,,,,,
3.321710705757141,2.86874258518219,3.980841875076294,4.571578502655029,6.76751971244812,,,,,,,,,,,,,,,,
3.087988495826721,2.70271897315979,2.507612943649292,4.211093425750732,6.039190769195557,5.767770528793335,5.514228582382202,4.38032341003418,3.759626865386963,,,,,,,,,,,,
3.70135235786438,2.9248937368392944,3.1305227279663086,3.0828778743743896,2.57513165473938,5.37002158164978,,,,,,,,,,,,,,,
3.3094969987869263,3.0831401348114014,2.6603931188583374,4.047250509262085,5.2136571407318115,3.539579153060913,3.8757659196853638,3.739988327026367,,,,,,,,,,,,,
4.88529372215271,5.573113203048706,3.4266103506088257,2.7107220888137817,3.1683117151260376,4.675621032714844,3.7444119453430176,6.154540061950684,5.173323631286621,,,,,,,,,,,,
3.076267957687378,2.9453861713409424,2.811018943786621,3.647495746612549,4.20357084274292,3.7455328702926636,2.937370538711548,2.7914857864379883,6.5058512687683105,5.7698352336883545,4.723466873168945,,,,,,,,,,
2.451591372489929,3.1397416591644287,3.0386301279067993,3.815077781677246,3.8640739917755127,3.622931718826294,4.384099006652832,5.155581712722778,,,,,,,,,,,,,
4.023427486419678,2.7745331525802612,2.6741737127304077,6.35844087600708,7.865955591201782,4.7126476764678955,5.47036337852478,,,,,,,,,,,,,,
3.0827282667160034,5.606746196746826,5.590418100357056,4.378206729888916,5.943859577178955,3.6279566287994385,5.854591131210327,,,,,,,,,,,,,,
3.2547723054885864,3.314967632293701,2.7477147579193115,5.161571979522705,7.002384424209595,3.8621904850006104,2.673540949821472,3.321372151374817,8.44166612625122,5.694424152374268,4.489162921905518,6.5250608921051025,2.9255176782608032,,,,,,,,
4.877699136734009,6.143697023391724,3.703091621398926,3.277398467063904,7.329436302185059,2.8211557865142822,2.9104524850845337,2.413911819458008,4.1736159324646,,,,,,,,,,,,
4.006105422973633,5.596747398376465,6.389874696731567,3.129826545715332,2.411524176597595,3.8309704065322876,2.7006582021713257,2.9623067378997803,4.25581955909729,,,,,,,,,,,,
2.356501579284668,2.9596327543258667,5.642219066619873,2.9243552684783936,3.3666374683380127,3.346174955368042,4.5746705532073975,5.414867877960205,3.009216547012329,3.606825590133667,,,,,,,,,,,
5.078301429748535,5.308708667755127,6.675279855728149,4.538857460021973,3.0708975791931152,2.40292751789093,2.8605854511260986,4.33823823928833,,,,,,,,,,,,,
3.0831754207611084,2.4026917219161987,2.1501879692077637,2.775957703590393,3.865283727645874,6.197641134262085,4.057413697242737,4.1422765254974365,,,,,,,,,,,,,
4.298424482345581,3.9970086812973022,3.6411232948303223,2.7244222164154053,4.524185657501221,4.924830436706543,,,,,,,,,,,,,,,
3.8498129844665527,6.168402433395386,4.1425371170043945,3.0542731285095215,3.2257379293441772,4.195209980010986,3.7517735958099365,4.0802717208862305,2.708966374397278,3.315903663635254,3.0472795963287354,2.5319806337356567,2.366638660430908,4.459728479385376,4.077284336090088,6.757612228393555,,,,,
3.2144484519958496,4.0927581787109375,3.621998906135559,2.6559643745422363,3.0565247535705566,3.7049731016159058,4.031428217887878,4.857640266418457,3.780660390853882,3.758026123046875,5.5932981967926025,4.716726779937744,4.208375930786133,4.320899248123169,,,,,,,
3.033336639404297,2.503289222717285,2.81194007396698,2.8167917728424072,4.98468017578125,3.782016396522522,4.08460259437561,4.772614002227783,,,,,,,,,,,,,
2.008823275566101,,,,,,,,,,,,,,,,,,,,
3.0565247535705566,4.032404184341431,5.072777271270752,5.611150026321411,5.780591726303101,,,,,,,,,,,,,,,,
4.9626734256744385,3.7548165321350098,5.799962997436523,3.0578733682632446,3.06478488445282,2.6735960245132446,3.7425976991653442,3.3358007669448853,4.0244104862213135,4.876674652099609,4.497548580169678,6.419252395629883,,,,,,,,,
3.0706260204315186,3.771272301673889,4.224620580673218,3.801558017730713,4.168466091156006,5.2653748989105225,,,,,,,,,,,,,,,
4.974250316619873,3.9788841009140015,2.9083670377731323,2.973082184791565,2.707326054573059,2.647740960121155,2.859984517097473,3.616633892059326,7.278180360794067,,,,,,,,,,,,
2.552449584007263,3.450361490249634,6.0762035846710205,4.124136447906494,2.7672592401504517,6.014377593994141,7.3179261684417725,,,,,,,,,,,,,,
2.6602779626846313,3.042646288871765,2.850854516029358,3.6442434787750244,2.7288726568222046,3.2225265502929688,4.741579532623291,6.092639446258545,4.87956428527832,4.272029161453247,5.780591726303101,3.8663524389266968,3.1201342344284058,5.716593265533447,,,,,,,
3.7233418226242065,3.047424077987671,4.7236855030059814,4.118752121925354,6.0137715339660645,5.412466526031494,5.021669149398804,,,,,,,,,,,,,,
3.4284520149230957,2.4859530925750732,3.277618885040283,3.3455162048339844,3.6554144620895386,4.228147983551025,4.490054368972778,4.15728759765625,6.404314994812012,,,,,,,,,,,,
2.5452221632003784,3.05989408493042,2.652082324028015,4.292667388916016,5.611150026321411,4.036823272705078,5.931771993637085,4.155429363250732,3.33153235912323,3.2817047834396362,4.77497935295105,,,,,,,,,,
3.087988495826721,2.64951491355896,2.7305771112442017,4.0815160274505615,3.1724140644073486,5.221050024032593,5.447325706481934,4.909545183181763,,,,,,,,,,,,,
4.0088536739349365,3.061256527900696,5.791429281234741,3.3195513486862183,2.3193010091781616,4.034160375595093,7.571346998214722,6.054706573486328,2.5328038930892944,2.798840641975403,2.5487136840820312,2.810407280921936,3.6509052515029907,3.878016233444214,,,,,,,
6.404314994812012,5.798161268234253,4.421398639678955,3.8967506885528564,3.2845840454101562,4.207207202911377,4.413536071777344,4.9351770877838135,,,,,,,,,,,,,
3.047424077987671,2.7274484634399414,2.6705851554870605,2.3705856800079346,4.025166630744934,7.583089351654053,6.217172145843506,4.935076713562012,,,,,,,,,,,,,
5.919838905334473,2.4121134281158447,3.5782582759857178,3.843518853187561,3.279299736022949,2.575557589530945,,,,,,,,,,,,,,,
2.2185784578323364,3.862121105194092,2.77521014213562,2.5528446435928345,5.273119211196899,4.955933570861816,4.571953296661377,4.8472816944122314,7.373528242111206,6.215654134750366,,,,,,,,,,,
3.957034111022949,2.5054420232772827,2.6745434999465942,6.139617681503296,3.737367272377014,3.8717132806777954,5.153609275817871,6.915632963180542,3.0985352993011475,5.742368698120117,,,,,,,,,,,
3.815077781677246,5.504175901412964,3.1756398677825928,2.725833535194397,2.6603931188583374,2.8121516704559326,3.1970462799072266,7.357749938964844,4.1108903884887695,5.765145301818848,,,,,,,,,,,
2.9969245195388794,3.839036703109741,3.685054302215576,3.0821675062179565,4.042981147766113,5.115895509719849,5.767770528793335,,,,,,,,,,,,,,
3.296701669692993,3.9997849464416504,3.0039228200912476,4.084393262863159,2.4849098920822144,2.9624773263931274,3.6111855506896973,3.099938154220581,3.304501533508301,5.651588201522827,7.0555689334869385,6.493455171585083,,,,,,,,,
4.3835930824279785,6.39308762550354,3.6219170093536377,2.6740247011184692,2.775634527206421,2.8236911296844482,2.7229764461517334,2.943750500679016,6.8231446743011475,4.9233152866363525,3.74538791179657,2.357541084289551,3.431970000267029,2.8674328327178955,,,,,,,
4.979585409164429,7.050195693969727,3.759547710418701,5.514228582382202,4.450282096862793,3.783249616622925,5.045114278793335,2.760882019996643,3.1742732524871826,2.358327627182007,3.102132558822632,3.8807824850082397,5.824729681015015,3.739988327026367,5.81107234954834,,,,,,
6.051913261413574,5.942628383636475,4.783390760421753,6.552229642868042,3.745273232460022,3.0472795963287354,2.81194007396698,1.923577606678009,4.008493423461914,4.616284370422363,3.800876021385193,2.5965676307678223,4.25664758682251,,,,,,,,
3.783190369606018,2.6960561275482178,3.0878031253814697,3.2121278047561646,2.955569863319397,6.112149000167847,4.372295141220093,4.326462030410767,5.165060997009277,,,,,,,,,,,,
7.079445123672485,3.066030979156494,2.6918219327926636,5.5986809730529785,3.427238941192627,4.009932041168213,3.849461078643799,3.2493945360183716,4.781087875366211,5.339134931564331,5.12690806388855,,,,,,,,,,
3.0832855701446533,2.9760419130325317,2.4960190057754517,2.404592990875244,5.1772682666778564,4.216817617416382,3.8256115913391113,6.132830619812012,4.788387775421143,4.342069625854492,,,,,,,,,,,
3.747738242149353,2.6735960245132446,4.1136634349823,3.9009145498275757,2.920019507408142,2.7045884132385254,3.0410797595977783,,,,,,,,,,,,,,
5.074240684509277,6.629924058914185,6.39308762550354,4.195746898651123,3.0708975791931152,2.8632819652557373,3.8445409536361694,5.7098236083984375,4.64678430557251,,,,,,,,,,,,
2.660040259361267,2.1118924617767334,4.922375917434692,4.504228591918945,4.723466873168945,2.9922159910202026,2.2856935262680054,3.4770244359970093,4.788452625274658,,,,,,,,,,,,
3.071552276611328,2.1312267780303955,2.4289584159851074,3.7601736783981323,3.908649444580078,6.995049476623535,,,,,,,,,,,,,,,
4.066500425338745,5.914672613143921,4.40518856048584,2.8522573709487915,3.6228498220443726,2.8586620092391968,5.877400636672974,4.075542449951172,3.7545493841171265,4.055153846740723,5.12690806388855,2.5628057718276978,2.3589528799057007,,,,,,,,
2.5716809034347534,2.8065329790115356,4.009932041168213,3.646615743637085,4.780118227005005,3.431078553199768,4.8472816944122314,7.550631761550903,,,,,,,,,,,,,
5.879140138626099,3.815077781677246,7.815300464630127,2.5482958555221558,2.6899192333221436,3.027244806289673,2.938987135887146,4.146852254867554,4.382185459136963,3.4595409631729126,3.880415201187134,7.090985298156738,,,,,,,,,
3.7555218935012817,2.9192861318588257,2.6960052251815796,3.0896718502044678,3.4923490285873413,8.110482692718506,5.028191804885864,4.7094035148620605,6.419870138168335,4.730297565460205,6.039190769195557,,,,,,,,,,
3.0472795963287354,2.956876039505005,3.076804757118225,3.3254940509796143,5.50019907951355,4.6574318408966064,3.1840052604675293,3.877299427986145,3.8953335285186768,,,,,,,,,,,,
3.047424077987671,3.893597722053528,3.339635729789734,4.52219557762146,6.378140449523926,,,,,,,,,,,,,,,,
3.0564252138137817,3.6131887435913086,2.8675451278686523,3.2747397422790527,3.040568470954895,4.156177520751953,6.403992176055908,3.367068648338318,,,,,,,,,,,,,
5.112992286682129,4.3835930824279785,5.58078932762146,2.3422480821609497,3.100501298904419,3.246246337890625,4.075540065765381,4.109945774078369,4.875451564788818,6.245018482208252,,,,,,,,,,,
5.596570730209351,4.982440948486328,3.8949835300445557,2.3426519632339478,3.1483017206192017,2.702069640159607,6.094692230224609,3.0800687074661255,5.578486204147339,2.7247618436813354,2.5742417573928833,,,,,,,,,,
3.2253382205963135,3.034341335296631,3.7182220220565796,3.7511508464813232,5.23509955406189,4.389723062515259,3.101509690284729,3.286713480949402,6.331049203872681,6.491609334945679,,,,,,,,,,,
2.729646921157837,3.604536771774292,3.0596649646759033,2.9236531257629395,3.6153390407562256,4.339218616485596,3.881690740585327,4.374429225921631,3.5135366916656494,3.660946011543274,3.662952423095703,4.753496885299683,4.723974704742432,,,,,,,,
2.579651355743408,3.678192377090454,5.879140138626099,4.399527311325073,7.3179261684417725,2.8076430559158325,3.858193039894104,6.788185358047485,5.314689636230469,3.858375668525696,,,,,,,,,,,
5.9659340381622314,2.8465096950531006,2.996809482574463,2.695670485496521,2.75990092754364,3.237977147102356,4.081075191497803,6.29799222946167,3.0563777685165405,,,,,,,,,,,,
3.0472795963287354,6.788185358047485,5.349624156951904,4.348750352859497,3.1217585802078247,5.103362321853638,5.276260852813721,5.048899412155151,3.5303893089294434,5.619381427764893,,,,,,,,,,,
3.646836042404175,4.930052995681763,3.8030818700790405,2.3393304347991943,2.719204545021057,3.2401840686798096,2.9568182229995728,6.0685389041900635,4.200843095779419,3.9418137073516846,6.247256755828857,,,,,,,,,,
5.153609275817871,4.493335008621216,6.4919774532318115,3.792489767074585,2.574917197227478,3.359657406806946,3.4990932941436768,3.200259208679199,4.696573972702026,3.0829209089279175,2.6960561275482178,3.5058867931365967,4.206140041351318,,,,,,,,
5.800212860107422,3.752705693244934,3.4602092504501343,3.986623525619507,3.0865859985351562,5.160760164260864,3.2805787324905396,4.649125814437866,3.088083505630493,4.515132904052734,,,,,,,,,,,
2.6960561275482178,4.486644268035889,4.379163503646851,3.0214717388153076,4.66507625579834,4.1467108726501465,,,,,,,,,,,,,,,
3.010623574256897,3.5344223976135254,4.979093551635742,6.06585431098938,4.133652210235596,3.268623113632202,4.779546499252319,4.702261447906494,3.6436710357666016,4.360766887664795,6.6815009117126465,,,,,,,,,,
5.2136571407318115,3.783194422721863,3.5450754165649414,3.0952852964401245,2.601195454597473,2.7977781295776367,3.529930830001831,5.069567441940308,3.538050413131714,3.050463080406189,7.349451780319214,,,,,,,,,,
5.671056270599365,5.771367073059082,3.7476216554641724,5.049758672714233,5.457365989685059,4.1577019691467285,3.3255066871643066,6.001885175704956,4.535058498382568,2.5467792749404907,2.807795286178589,3.483680844306946,6.5038323402404785,4.082052946090698,,,,,,,
2.693631410598755,2.320913791656494,6.0955564975738525,4.5451600551605225,3.9631348848342896,6.675600290298462,4.0771777629852295,3.047078251838684,5.058448553085327,,,,,,,,,,,,
3.046466827392578,3.772892951965332,2.7074490785598755,2.7701672315597534,2.495855450630188,3.204214096069336,7.2958667278289795,4.681727886199951,5.288315057754517,3.951198935508728,3.938041925430298,4.8472816944122314,5.564424276351929,5.780591726303101,,,,,,,
2.7311517000198364,2.131048560142517,4.702437162399292,3.7457114458084106,3.9330841302871704,7.155757904052734,6.64214015007019,4.977879285812378,2.975088596343994,3.8863526582717896,,,,,,,,,,,
3.424071788787842,4.942702293395996,3.77227520942688,6.646514415740967,3.8547277450561523,3.3214389085769653,4.5604166984558105,3.0704232454299927,2.4278745651245117,,,,,,,,,,,,
2.6603931188583374,2.8873435258865356,6.0955564975738525,4.087681293487549,5.1747660636901855,,,,,,,,,,,,,,,,
2.956700086593628,3.0102936029434204,2.6961570978164673,2.7709808349609375,4.421309232711792,3.273775100708008,3.1148972511291504,2.6942055225372314,4.192383766174316,4.639614820480347,,,,,,,,,,,
3.8039989471435547,2.8508609533309937,4.913875579833984,3.5570294857025146,5.523492813110352,3.0472795963287354,2.4038020372390747,2.4513487815856934,3.6483975648880005,3.9295547008514404,,,,,,,,,,,
2.6901878118515015,2.7720412015914917,3.0681633949279785,5.849190711975098,3.8147588968276978,5.181287527084351,4.7905755043029785,6.8100621700286865,6.408417224884033,,,,,,,,,,,,
7.407504320144653,3.9295361042022705,2.5172990560531616,5.287703990936279,4.955745697021484,3.189598798751831,6.143697023391724,2.964524745941162,,,,,,,,,,,,,
3.431337594985962,2.6745434999465942,2.5445048809051514,4.775468826293945,4.108682632446289,3.9088727235794067,,,,,,,,,,,,,,,
4.05191707611084,2.4053449630737305,4.040081977844238,4.896231651306152,6.658083438873291,,,,,,,,,,,,,,,,
5.248870134353638,4.069237947463989,3.908775210380554,5.0412561893463135,2.606553792953491,5.942675352096558,4.488349676132202,3.801450729370117,2.97657573223114,2.6735960245132446,3.1714948415756226,,,,,,,,,,
6.404314994812012,5.301843881607056,3.2294986248016357,5.780591726303101,3.487929344177246,5.180899620056152,4.1424970626831055,3.8489338159561157,2.712966799736023,3.046466827392578,,,,,,,,,,,
4.54709005355835,5.765145301818848,5.359689712524414,2.40292751789093,2.7221745252609253,2.9876561164855957,3.765352487564087,4.043983697891235,,,,,,,,,,,,,
3.7176939249038696,2.695976972579956,2.1995558738708496,3.0564560890197754,4.335854768753052,3.945799231529236,4.582762956619263,,,,,,,,,,,,,,
2.8527263402938843,6.154540061950684,4.038175821304321,2.6955260038375854,2.9631766080856323,3.1765122413635254,3.9990416765213013,3.6408671140670776,3.033060908317566,3.8717132806777954,,,,,,,,,,,
3.200011968612671,2.3209242820739746,2.5281697511672974,4.8828558921813965,3.3439804315567017,4.120648145675659,5.073031425476074,3.8749499320983887,4.075186491012573,4.6246726512908936,7.507360458374023,5.735304355621338,,,,,,,,,
2.5307981967926025,4.421233177185059,3.4866946935653687,4.642488718032837,5.044304847717285,3.7784833908081055,4.102359294891357,2.965717315673828,4.381972551345825,4.001765727996826,,,,,,,,,,,
3.5749878883361816,3.044189453125,3.0494927167892456,5.715461254119873,4.085393786430359,6.305105209350586,6.29519248008728,4.220994234085083,5.088733196258545,,,,,,,,,,,,
4.56238055229187,6.145624399185181,4.270773649215698,3.282759666442871,6.403992176055908,4.946151494979858,2.343602418899536,3.1560158729553223,3.0467185974121094,3.3154925107955933,,,,,,,,,,,
3.139677047729492,6.983628273010254,3.0472795963287354,2.6954365968704224,2.508490800857544,5.263155937194824,4.114501953125,4.155929088592529,3.953102231025696,3.2109837532043457,3.6212587356567383,4.085444450378418,,,,,,,,,
5.004271984100342,4.051934242248535,2.9260557889938354,4.619205713272095,5.293389320373535,3.5358285903930664,2.3304693698883057,2.6948193311691284,2.93244731426239,5.186482191085815,5.148385524749756,3.90900981426239,4.405896902084351,,,,,,,,
2.3674535751342773,3.9787858724594116,3.3848440647125244,7.155702590942383,5.654206991195679,3.6178743839263916,2.7350043058395386,7.174271583557129,3.2501769065856934,2.639280915260315,4.970052719116211,4.568772077560425,3.967560291290283,,,,,,,,
4.876674652099609,3.0563777685165405,2.6900371313095093,3.9997849464416504,3.8592467308044434,3.5167250633239746,4.1398210525512695,5.780591726303101,2.660331964492798,,,,,,,,,,,,
3.2497822046279907,4.109569549560547,5.165954828262329,3.138717770576477,5.328636646270752,5.439651966094971,2.803965449333191,4.27878212928772,3.8658087253570557,2.7104064226150513,2.563392996788025,6.047579765319824,4.174569368362427,6.547041177749634,3.8814404010772705,4.084129571914673,4.607242822647095,5.059257745742798,2.720407485961914,,
2.3881354331970215,2.9174492359161377,4.0431647300720215,2.8684147596359253,4.455319166183472,5.181876301765442,5.022711753845215,3.813529849052429,3.895254611968994,4.310971260070801,2.5870373249053955,,,,,,,,,,
2.8627758026123047,2.7598670721054077,3.027342915534973,5.164154052734375,4.9530909061431885,4.304816484451294,3.9150023460388184,3.459993362426758,2.9014315605163574,2.6182960271835327,2.553135871887207,5.595733880996704,3.853033661842346,5.5943686962127686,4.754823923110962,4.316331148147583,6.681244611740112,,,,
4.37951397895813,4.964907646179199,2.6734609603881836,2.727720022201538,6.366286993026733,3.035244941711426,3.74538791179657,2.9589765071868896,4.692342758178711,3.9933279752731323,4.204993963241577,,,,,,,,,,
4.43948221206665,3.2454850673675537,6.850116968154907,6.2695534229278564,2.9644843339920044,3.2525649070739746,2.9372369050979614,3.143826723098755,3.3128188848495483,5.047189235687256,,,,,,,,,,,
5.003252029418945,5.844119548797607,3.374418258666992,4.32487678527832,3.8372048139572144,3.9909801483154297,3.7445921897888184,7.707612037658691,2.725379467010498,2.378515124320984,3.0983906984329224,4.906812906265259,,,,,,,,,
3.0472795963287354,2.724816679954529,4.022939443588257,5.260692119598389,6.139617681503296,3.809276819229126,4.853126049041748,6.248890161514282,4.723466873168945,5.468323230743408,2.7811427116394043,4.427624702453613,,,,,,,,,
2.6603931188583374,3.3221276998519897,3.533421754837036,3.101509690284729,3.0827282667160034,4.497548580169678,,,,,,,,,,,,,,,
3.7518348693847656,2.784083127975464,2.422400712966919,2.7350329160690308,3.705336570739746,2.8555612564086914,3.9735554456710815,5.862080335617065,4.717800140380859,,,,,,,,,,,,
3.047424077987671,2.7252825498580933,3.0747352838516235,3.8725675344467163,6.789963722229004,5.165907621383667,5.2444469928741455,4.217643737792969,4.6683855056762695,6.300678730010986,,,,,,,,,,,
2.749380588531494,2.667060971260071,2.4126949310302734,7.787311553955078,5.908894300460815,6.395015478134155,3.678351402282715,4.506799697875977,3.06661856174469,,,,,,,,,,,,
4.31505012512207,5.38851523399353,5.573874235153198,3.88295578956604,3.0708975791931152,5.234503984451294,3.8967506885528564,4.417835235595703,4.183785438537598,,,,,,,,,,,,
3.0814002752304077,2.503289222717285,2.9653189182281494,3.4803794622421265,3.581231474876404,,,,,,,,,,,,,,,,
3.5025031566619873,2.6920849084854126,2.6254876852035522,3.033060908317566,2.708805203437805,6.139617681503296,3.758026123046875,6.818901062011719,,,,,,,,,,,,,
3.0112799406051636,2.925650954246521,2.6559832096099854,3.7360308170318604,4.1150596141815186,3.7455328702926636,4.757747411727905,6.2821900844573975,6.3205955028533936,,,,,,,,,,,,
2.576899528503418,4.108691930770874,2.5968655347824097,2.4152597188949585,3.099938154220581,4.606525421142578,4.307629585266113,4.849012136459351,3.7176939249038696,2.937276840209961,,,,,,,,,,,
3.771272301673889,6.150933504104614,5.709965229034424,3.7450612783432007,3.1555137634277344,2.6647722721099854,2.652439594268799,3.578840494155884,2.751671552658081,4.658076286315918,6.244349241256714,3.698163628578186,2.807849407196045,2.1957848072052,3.7005614042282104,,,,,,
3.065324068069458,2.5084071159362793,2.1301265954971313,3.7005614042282104,4.875460386276245,4.153747320175171,3.9920284748077393,6.77844500541687,4.76288914680481,,,,,,,,,,,,
4.698450088500977,5.572745323181152,3.951241970062256,3.3096147775650024,4.73370885848999,2.976737856864929,4.0184431076049805,3.6347683668136597,,,,,,,,,,,,,
3.335147738456726,4.19563889503479,4.0002137422561646,2.6735960245132446,3.2817047834396362,2.9548330307006836,3.003000020980835,2.734755516052246,6.5034520626068115,3.1307305097579956,3.2988942861557007,3.733980178833008,3.446107864379883,2.773198962211609,,,,,,,
5.900662899017334,6.222135066986084,5.6629638671875,4.062358140945435,3.0877429246902466,3.688336730003357,2.7175625562667847,3.429900646209717,2.5180729627609253,,,,,,,,,,,,
2.4966273307800293,2.4220575094223022,2.6724458932876587,3.8126100301742554,3.3771125078201294,5.176714181900024,3.8832634687423706,3.507759690284729,2.739582896232605,2.9204161167144775,4.295335054397583,4.777986526489258,5.1747727394104,,,,,,,,
3.3154715299606323,2.6094433069229126,2.4138022661209106,2.926010012626648,4.622424840927124,5.1816511154174805,4.5578436851501465,4.879675388336182,4.081075191497803,,,,,,,,,,,,
2.6745434999465942,3.116979241371155,4.369133472442627,6.150933504104614,4.03694486618042,3.649320125579834,3.6151496171951294,3.9400808811187744,3.957449197769165,6.634539365768433,5.153780221939087,,,,,,,,,,
4.479430913925171,7.164647340774536,3.4553909301757812,5.180723190307617,5.140484571456909,6.025140762329102,3.8448559045791626,3.609103798866272,2.9741084575653076,6.054633617401123,4.307629585266113,2.7004523277282715,2.783753514289856,5.649931907653809,,,,,,,
3.5358285903930664,3.7749773263931274,4.490408420562744,6.355257749557495,3.915031313896179,4.150456190109253,4.445303201675415,5.38126540184021,4.723466873168945,4.932928800582886,,,,,,,,,,,
4.718664646148682,6.217172145843506,2.972325086593628,4.884783983230591,4.809985160827637,4.427697539329529,3.6301156282424927,3.3539235591888428,3.474889397621155,5.791429281234741,4.342069625854492,4.511096715927124,6.535438060760498,3.7575403451919556,3.852980852127075,3.8798506259918213,2.42119038105011,2.6928229331970215,6.666577577590942,4.51393461227417,
3.733032464981079,2.9184879064559937,2.7208415269851685,4.222149848937988,4.472019910812378,5.208164930343628,6.404314994812012,,,,,,,,,,,,,,
5.2902257442474365,3.9678375720977783,3.082392692565918,2.7087135314941406,2.523088216781616,3.621832489967346,3.9266557693481445,3.7893030643463135,4.443473815917969,2.9144386053085327,2.834376573562622,4.723466873168945,,,,,,,,,
2.834238648414612,3.8803319931030273,5.504847049713135,4.681727886199951,2.9640063047409058,1.993634819984436,2.8448632955551147,2.3829842805862427,2.5968655347824097,3.8234755992889404,,,,,,,,,,,
2.3673352003097534,2.1259671449661255,2.8560866117477417,2.8098738193511963,4.000006556510925,2.790484309196472,5.179484844207764,,,,,,,,,,,,,,
3.0563777685165405,4.05191707611084,4.875334739685059,4.081600189208984,2.546443462371826,3.3694381713867188,6.091288089752197,3.732835054397583,4.337869644165039,6.4352500438690186,4.082052946090698,,,,,,,,,,
2.7607758045196533,3.1392632722854614,3.227479338645935,6.149072170257568,4.043443202972412,5.593613386154175,7.588309288024902,4.768921852111816,7.929633855819702,6.173220157623291,2.4139493703842163,3.292854905128479,3.547197937965393,,,,,,,,
3.0472795963287354,2.601195454597473,2.21834135055542,2.801754117012024,2.834243059158325,3.695290684700012,3.2583296298980713,4.457981824874878,3.978618025779724,4.13556432723999,3.976835012435913,6.091288089752197,5.458599805831909,4.497548580169678,,,,,,,
2.9657766819000244,3.7007322311401367,3.9852235317230225,3.678904891014099,4.210784912109375,6.0548059940338135,4.390301704406738,6.242604732513428,5.150022506713867,,,,,,,,,,,,
4.04373025894165,2.741277813911438,3.9002480506896973,5.7851855754852295,5.134950876235962,4.508198261260986,3.824444532394409,3.61613929271698,2.7078139781951904,2.21834135055542,,,,,,,,,,,
5.711798667907715,3.758026123046875,2.910867691040039,3.928555488586426,2.796353340148926,2.7190208435058594,2.7452173233032227,3.1681790351867676,4.49256706237793,5.12690806388855,2.4141130447387695,,,,,,,,,,
3.0565247535705566,2.8522573709487915,2.693631410598755,3.8256115913391113,6.597283840179443,3.31905734539032,7.503056049346924,4.061923623085022,4.0527753829956055,5.559911727905273,4.698086500167847,,,,,,,,,,
5.314465284347534,3.874470829963684,5.712066411972046,3.6640186309814453,2.8695342540740967,3.9129528999328613,3.0472795963287354,4.6634509563446045,3.957449197769165,6.132830619812012,5.743213653564453,5.153780221939087,,,,,,,,,
3.747738242149353,3.0705018043518066,2.181578755378723,5.450973987579346,5.9659340381622314,6.213993787765503,4.488863468170166,7.390974283218384,,,,,,,,,,,,,
7.2686920166015625,4.1117072105407715,2.910070061683655,3.6151496171951294,3.2620503902435303,5.853012323379517,4.273134708404541,3.7460103034973145,3.0681633949279785,2.5402780771255493,4.336299180984497,,,,,,,,,,
2.193844437599182,3.3545604944229126,3.825671672821045,3.854055881500244,6.948992967605591,5.213916063308716,5.194930791854858,5.286277770996094,,,,,,,,,,,,,
3.009216547012329,4.865391969680786,2.695670485496521,2.340808629989624,4.029173374176025,3.5921441316604614,3.80603563785553,2.8674328327178955,3.0511505603790283,6.981867074966431,4.496038198471069,,,,,,,,,,
3.618804454803467,3.284054756164551,2.6931185722351074,3.014135718345642,2.835121750831604,4.10605001449585,4.696430683135986,7.339117050170898,5.517535209655762,5.369991779327393,,,,,,,,,,,
4.138788223266602,3.3892345428466797,3.888711452484131,3.2072027921676636,4.419469594955444,4.909106969833374,4.143521308898926,4.497548580169678,3.274072289466858,3.0981844663619995,,,,,,,,,,,
3.0859920978546143,3.3276432752609253,2.4858930110931396,2.51209032535553,6.171787738800049,5.2653748989105225,5.4633917808532715,3.9138216972351074,2.7611427307128906,3.0202146768569946,6.438664674758911,,,,,,,,,,
3.747738242149353,3.2466765642166138,3.026908278465271,2.6530202627182007,2.7356187105178833,5.0497400760650635,6.352735757827759,5.741308212280273,7.041836261749268,3.8446881771087646,,,,,,,,,,,
3.597691059112549,5.982947826385498,2.821030855178833,3.84008252620697,2.493784546852112,2.978565812110901,2.5496904850006104,3.5813474655151367,3.402383804321289,3.109190821647644,2.8674328327178955,3.4571473598480225,3.805262327194214,,,,,,,,
2.6603931188583374,4.38096284866333,3.747349977493286,5.851433515548706,4.715370416641235,,,,,,,,,,,,,,,,
3.0706260204315186,2.574917197227478,2.666469693183899,3.7518348693847656,5.344018220901489,5.395233631134033,4.672245502471924,5.780591726303101,,,,,,,,,,,,,
2.508490800857544,3.0472795963287354,3.8914631605148315,3.6207265853881836,4.158587694168091,2.9799156188964844,4.458978176116943,4.315547704696655,4.092771291732788,3.7129666805267334,2.987218499183655,3.4340977668762207,2.51910662651062,4.538755893707275,5.602869510650635,,,,,,
3.855543613433838,3.994360566139221,5.005150556564331,5.44707989692688,4.306883335113525,2.932413697242737,4.440745830535889,4.155920743942261,4.010087013244629,2.944164514541626,4.770449638366699,4.024329662322998,,,,,,,,,
8.10675048828125,3.1521905660629272,3.5355671644210815,4.3222081661224365,2.837355375289917,2.695273280143738,4.308354616165161,3.0659327507019043,2.40292751789093,4.239662408828735,3.4481502771377563,5.299512624740601,,,,,,,,,
3.957449197769165,2.977928042411804,4.411233901977539,2.7563613653182983,4.302350997924805,3.404720664024353,3.981515407562256,4.770858526229858,2.8626822233200073,4.175780534744263,,,,,,,,,,,
5.181287527084351,3.5891079902648926,6.942129135131836,2.693631410598755,4.138788223266602,4.453762054443359,4.1090967655181885,3.74880051612854,3.133924961090088,3.3360620737075806,3.7108293771743774,3.3495222330093384,,,,,,,,,
2.493579387664795,2.757922053337097,2.7291276454925537,4.436840057373047,3.778662085533142,4.423066139221191,3.4194642305374146,3.6940555572509766,3.2765458822250366,4.024906873703003,4.753582239151001,6.126385450363159,5.903980255126953,5.141814231872559,4.8095831871032715,,,,,,
5.513460636138916,3.0704574584960938,2.774406671524048,4.853665351867676,6.479503393173218,,,,,,,,,,,,,,,,
2.9987951517105103,3.7699782848358154,4.703905344009399,6.4675986766815186,2.7524094581604004,3.8658759593963623,3.1163179874420166,3.6440088748931885,6.4029176235198975,2.8657623529434204,4.6203553676605225,,,,,,,,,,
3.612595796585083,2.982141613960266,3.7277605533599854,3.248296856880188,3.9703480005264282,4.995453834533691,6.744678735733032,6.3465752601623535,7.815023183822632,2.803105115890503,2.962092399597168,,,,,,,,,,
2.9402424097061157,4.50584077835083,6.159371376037598,2.6935940980911255,3.861416220664978,4.391342401504517,3.621832489967346,2.842380166053772,,,,,,,,,,,,,
4.818467378616333,3.9234310388565063,4.0973594188690186,4.036823272705078,4.1536924839019775,5.654690265655518,4.837751865386963,,,,,,,,,,,,,,
3.956873893737793,6.128323554992676,3.6298307180404663,2.695670485496521,6.4352500438690186,4.261408567428589,5.069826126098633,4.292312860488892,4.305532455444336,2.8717881441116333,2.507760763168335,4.876782417297363,,,,,,,,,
3.2209014892578125,2.58562695980072,2.6535708904266357,3.6970056295394897,3.768101692199707,4.133036851882935,3.2447832822799683,4.615673065185547,3.962996006011963,3.859174132347107,3.4111236333847046,6.227287769317627,3.9028706550598145,2.5022274255752563,2.6255993843078613,,,,,,
3.759547710418701,4.876782417297363,7.407504320144653,2.804669737815857,2.8230777978897095,2.527411937713623,2.7462191581726074,3.050463080406189,3.7468106746673584,6.3740317821502686,4.504228591918945,3.984526515007019,,,,,,,,,
3.5438737869262695,3.3974369764328003,6.563660621643066,5.177627325057983,2.996809482574463,2.5281697511672974,3.888341188430786,4.1027467250823975,5.087400197982788,,,,,,,,,,,,
3.763187289237976,2.700514554977417,2.0124162435531616,3.101380228996277,3.2591323852539062,6.0955564975738525,4.918637990951538,3.8572499752044678,5.025681257247925,,,,,,,,,,,,
4.19563889503479,6.490873336791992,3.0708975791931152,2.9553312063217163,2.989898920059204,2.33469557762146,2.8534536361694336,3.990100860595703,3.46342933177948,6.3740317821502686,3.937207341194153,,,,,,,,,,
2.840856671333313,3.007981777191162,4.384713172912598,3.912749171257019,3.521418571472168,3.9464666843414307,4.497548580169678,3.75362765789032,,,,,,,,,,,,,
3.4284520149230957,2.540909171104431,2.4444159269332886,2.7202130556106567,4.223133087158203,3.964491844177246,,,,,,,,,,,,,,,
5.194954872131348,4.097792148590088,4.270773649215698,5.991766452789307,6.244349241256714,3.3143023252487183,2.5983084440231323,2.9553362131118774,2.5823628902435303,3.030875325202942,4.1960227489471436,5.314465284347534,5.888678073883057,3.8124126195907593,,,,,,,
3.4488348960876465,3.6705106496810913,6.359173774719238,3.216804027557373,4.894618988037109,3.047424077987671,3.2524102926254272,4.049064874649048,4.524185657501221,6.607441186904907,4.0534186363220215,,,,,,,,,,
5.179574966430664,6.1698503494262695,7.547889232635498,4.045645713806152,3.322740316390991,2.802188754081726,4.203664541244507,2.984902262687683,4.167903900146484,2.53938090801239,,,,,,,,,,,
4.490148544311523,2.8534536361694336,4.043443202972412,6.046739816665649,5.057892560958862,2.81194007396698,2.751848578453064,7.399355173110962,5.18148946762085,,,,,,,,,,,,
3.8256115913391113,2.7553157806396484,3.2306874990463257,5.889235019683838,5.416202783584595,4.033246755599976,2.9844623804092407,4.031076192855835,3.659322738647461,4.186465740203857,5.181971311569214,3.4728516340255737,,,,,,,,,
2.5768017768859863,4.3099524974823,4.417235851287842,4.105790138244629,3.9917871952056885,4.318345069885254,5.573509931564331,2.546705961227417,,,,,,,,,,,,,
2.4053449630737305,2.0122296810150146,2.7299180030822754,6.38398814201355,2.976467728614807,4.244692087173462,4.37583065032959,,,,,,,,,,,,,,
3.065168261528015,5.281673908233643,3.095707058906555,3.3402721881866455,4.03259015083313,4.859647989273071,3.7555218935012817,2.5060060024261475,3.522998571395874,2.935173273086548,2.7452014684677124,3.659422993659973,4.0810465812683105,3.0874749422073364,3.523918628692627,6.091288089752197,,,,,
4.247389554977417,2.9603164196014404,3.2935253381729126,2.658010482788086,4.315547704696655,5.235764503479004,3.9496654272079468,3.7893779277801514,3.9226436614990234,4.5231287479400635,5.4574315547943115,,,,,,,,,,
4.43948221206665,3.2384281158447266,3.553801655769348,2.6599185466766357,4.737667798995972,3.057002305984497,3.993407726287842,3.3655178546905518,4.451967477798462,4.739995956420898,,,,,,,,,,,
2.5584092140197754,3.4339572191238403,3.5535802841186523,3.0691192150115967,3.9315329790115356,5.1200315952301025,6.29799222946167,4.102359294891357,3.716087579727173,4.030571341514587,4.61246395111084,,,,,,,,,,
3.768101692199707,4.964519739151001,3.2075939178466797,3.5882468223571777,3.79335880279541,3.0561059713363647,4.433006048202515,7.346275568008423,4.127547740936279,3.1689295768737793,3.904494524002075,3.143991708755493,,,,,,,,,
2.7104064226150513,3.348168969154358,2.722665548324585,2.592003345489502,3.7680857181549072,3.3460891246795654,3.567688822746277,6.404314994812012,4.314881086349487,6.881579399108887,4.69755744934082,5.445817708969116,4.938222169876099,3.130774736404419,6.447445869445801,,,,,,
2.5084071159362793,2.80972158908844,5.081995964050293,4.085749626159668,3.8906198740005493,3.648355722427368,4.041601300239563,5.194930791854858,,,,,,,,,,,,,
3.068209409713745,3.8578299283981323,3.4778354167938232,6.370818853378296,5.191195487976074,5.60204291343689,5.341156482696533,3.759108543395996,3.5750259160995483,2.9406615495681763,,,,,,,,,,,
3.739623785018921,3.0555137395858765,2.4188159704208374,2.6010076999664307,5.414032697677612,3.3347572088241577,,,,,,,,,,,,,,,
2.7274484634399414,2.876360535621643,6.149072170257568,3.7026593685150146,4.322012662887573,5.8651697635650635,3.803881049156189,3.54030179977417,3.1160563230514526,3.1225571632385254,,,,,,,,,,,
4.819135665893555,4.820268630981445,3.058238983154297,2.710744261741638,2.3025200366973877,4.5855324268341064,4.351608753204346,5.2786705493927,3.6714125871658325,,,,,,,,,,,,
2.6931185722351074,2.2180792093276978,4.023427486419678,3.00105619430542,6.094692230224609,7.783823728561401,7.590337753295898,4.362645387649536,,,,,,,,,,,,,
2.6745434999465942,4.43808650970459,3.29693341255188,3.1827515363693237,5.153609275817871,4.468275547027588,,,,,,,,,,,,,,,
6.359173774719238,3.1953136920928955,2.5000795125961304,4.048405647277832,3.376072406768799,5.7098236083984375,4.4413838386535645,2.9971582889556885,5.177140235900879,4.152620792388916,4.341836929321289,5.154445171356201,,,,,,,,,
4.489625453948975,3.2000471353530884,3.4453545808792114,4.073481440544128,3.8022655248641968,3.0328694581985474,3.612933039665222,2.517139434814453,2.9174492359161377,3.64310884475708,2.3128784894943237,3.404557466506958,2.659411668777466,3.8752626180648804,4.1027467250823975,3.571075439453125,5.654699087142944,7.284907102584839,4.021968841552734,7.214121580123901,3.9745664596557617
3.739959239959717,3.058213472366333,2.806857109069824,3.2343589067459106,3.749628782272339,4.341163873672485,4.936535835266113,4.647905588150024,3.1789356470108032,,,,,,,,,,,,
3.069420337677002,4.075071573257446,5.9504406452178955,5.634226560592651,4.0088536739349365,6.268378734588623,3.877844452857971,3.8837438821792603,3.5357861518859863,3.72237765789032,3.054476261138916,,,,,,,,,,
2.8748682737350464,2.9648357629776,3.769384264945984,3.603641390800476,4.947628021240234,3.8758517503738403,4.125850200653076,6.221449851989746,6.634539365768433,5.930225610733032,4.219060182571411,,,,,,,,,,
2.3426519632339478,2.997380018234253,3.5297999382019043,4.761606693267822,3.72237765789032,6.272161245346069,4.707054138183594,,,,,,,,,,,,,,
5.1716742515563965,4.689481973648071,2.5434237718582153,3.0156420469284058,2.5870808362960815,2.883407950401306,2.9044618606567383,3.746631622314453,2.9974443912506104,3.127114415168762,3.1763088703155518,7.368194818496704,5.152780055999756,7.651381731033325,,,,,,,
3.1814175844192505,3.257717251777649,6.532136678695679,5.03470253944397,3.703092932701111,5.091651678085327,3.3062095642089844,5.917359352111816,,,,,,,,,,,,,
4.000006556510925,2.6599185466766357,3.36212694644928,3.66914963722229,3.0380380153656006,6.404314994812012,4.806287050247192,4.826604604721069,5.2152721881866455,3.1009442806243896,2.450303554534912,4.1334686279296875,,,,,,,,,
3.732335329055786,2.974557042121887,2.7115187644958496,5.166768312454224,6.045508623123169,2.473408579826355,2.5465532541275024,3.4660439491271973,3.005030632019043,2.595504641532898,3.9540958404541016,4.7457475662231445,,,,,,,,,
3.346207618713379,3.024444341659546,2.639197826385498,6.423370838165283,5.177627325057983,2.6794861555099487,5.152780055999756,3.3073501586914062,3.8475306034088135,2.4975627660751343,4.05191707611084,4.783576250076294,6.684159755706787,3.081483244895935,,,,,,,
3.1428438425064087,6.146116495132446,4.168119549751282,4.308354616165161,4.144163370132446,2.324151039123535,3.800768733024597,2.7202582359313965,4.377108573913574,6.22161340713501,3.150580883026123,2.670338988304138,,,,,,,,,
3.0102936029434204,2.7108124494552612,5.001558065414429,3.3439555168151855,6.340355634689331,4.1307055950164795,4.137901544570923,3.5301074981689453,2.78065824508667,3.64700448513031,,,,,,,,,,,
5.497825860977173,2.366782784461975,3.1177780628204346,2.9856969118118286,2.5417510271072388,3.698486328125,3.283080816268921,3.63192355632782,6.015320539474487,3.669772744178772,4.332195520401001,5.137030363082886,5.113225698471069,5.166865348815918,6.414388179779053,3.9736262559890747,,,,,
2.6595572233200073,3.033702254295349,2.3886489868164062,2.8248884677886963,2.9424182176589966,3.798863649368286,4.560904502868652,4.218285083770752,2.5868228673934937,4.404153108596802,4.113343000411987,,,,,,,,,,
3.1409549713134766,3.6823198795318604,6.145624399185181,4.887479305267334,2.40292751789093,2.012439727783203,2.982016086578369,4.1421215534210205,5.800864219665527,4.421889781951904,3.929098129272461,4.577136993408203,,,,,,,,,
2.7093154191970825,2.8402422666549683,3.4121052026748657,3.009216547012329,4.138788223266602,6.439031600952148,5.048644304275513,3.6285266876220703,4.30748987197876,3.1369502544403076,6.996992588043213,4.385547876358032,6.6736438274383545,,,,,,,,
4.6587746143341064,5.356252431869507,3.508879542350769,4.4209301471710205,2.8408422470092773,4.082052946090698,4.513153553009033,2.561142683029175,3.0559386014938354,3.853803873062134,3.30843448638916,3.962465524673462,,,,,,,,,
4.4098663330078125,2.9253809452056885,5.018158197402954,3.2000471353530884,2.404592990875244,4.222469806671143,2.462963342666626,5.655320167541504,2.9263954162597656,3.7938655614852905,6.987280607223511,6.714704751968384,,,,,,,,,
2.8098738193511963,2.874193787574768,2.6044284105300903,3.046466827392578,3.716298460960388,4.038175821304321,3.652979016304016,7.184658527374268,,,,,,,,,,,,,
2.735150456428528,2.8674328327178955,4.104746580123901,3.3650161027908325,6.588929653167725,6.174576044082642,3.6970056295394897,,,,,,,,,,,,,,
3.0711121559143066,2.803670644760132,2.574917197227478,3.7573258876800537,3.541944980621338,4.190947532653809,4.916521310806274,3.2783286571502686,,,,,,,,,,,,,
4.755795240402222,3.6801133155822754,2.7195602655410767,3.9048551321029663,3.680809736251831,6.162781715393066,3.5357861518859863,2.9590667486190796,2.81194007396698,3.2812700271606445,5.954582452774048,,,,,,,,,,
4.950901746749878,3.477811098098755,2.77437686920166,2.4100667238235474,3.8062795400619507,3.299712061882019,3.520361542701721,7.365785598754883,6.685013055801392,3.983682870864868,,,,,,,,,,,
2.72546923160553,3.515366554260254,3.333479881286621,4.387873411178589,3.078579068183899,2.9831665754318237,5.879140138626099,4.907347917556763,3.703168749809265,3.0706368684768677,5.395233631134033,,,,,,,,,,
2.6706494092941284,2.7701427936553955,5.711798667907715,4.5836474895477295,7.601135492324829,3.2082133293151855,5.048518657684326,,,,,,,,,,,,,,
2.9598063230514526,2.7375816106796265,2.779504418373108,2.806102752685547,2.356501579284668,3.221086859703064,3.979583263397217,3.4758063554763794,3.7555218935012817,4.662851572036743,4.464865207672119,6.408528566360474,5.931771993637085,4.069151401519775,,,,,,,
3.7331730127334595,2.3698683977127075,6.875021457672119,4.887479305267334,,,,,,,,,,,,,,,,,
2.405449628829956,3.053361654281616,4.3804144859313965,5.181971311569214,5.775383710861206,4.4624645709991455,,,,,,,,,,,,,,,
3.747738242149353,3.4577553272247314,3.2906655073165894,3.078324556350708,2.3789221048355103,2.7035666704177856,3.351203203201294,7.3256306648254395,5.177274465560913,5.2054502964019775,,,,,,,,,,,
3.0708975791931152,2.7367849349975586,2.507612943649292,2.8840116262435913,6.154540061950684,5.171721458435059,4.168908596038818,3.766739845275879,3.9582087993621826,3.6919623613357544,4.520136117935181,4.153765439987183,,,,,,,,,
4.141327619552612,3.5443378686904907,5.484285354614258,2.0735141038894653,2.5100446939468384,2.58954119682312,2.7727580070495605,4.081075191497803,3.6490553617477417,3.398461937904358,4.974360466003418,3.018152117729187,4.483730316162109,,,,,,,,
2.554358124732971,2.9648357629776,4.355417728424072,3.730299949645996,2.7155851125717163,3.31695020198822,2.7653660774230957,4.872537136077881,6.217883110046387,4.376957416534424,3.101509690284729,5.888978481292725,,,,,,,,,
4.022284746170044,3.0880486965179443,4.656951427459717,4.6870927810668945,5.310328483581543,2.99664306640625,7.258020639419556,4.008545637130737,6.46507716178894,,,,,,,,,,,,
2.7273216247558594,3.568889856338501,4.64580774307251,4.182330369949341,7.513104200363159,6.092639446258545,4.290971755981445,3.4668060541152954,5.897499322891235,4.919031143188477,2.131048560142517,4.126124620437622,5.005321979522705,,,,,,,,
3.0659327507019043,2.6740247011184692,4.122469902038574,3.6020320653915405,3.442455530166626,4.46078634262085,4.359142541885376,2.725379467010498,4.05191707611084,6.359596014022827,,,,,,,,,,,
3.047424077987671,2.3199511766433716,2.6815189123153687,2.554358124732971,5.098275423049927,3.784525752067566,5.166559219360352,3.681653618812561,4.0329002141952515,4.271334648132324,5.9829699993133545,,,,,,,,,,
3.2547723054885864,2.6595572233200073,3.4602092504501343,3.865283727645874,,,,,,,,,,,,,,,,,
3.0877429246902466,2.736153721809387,4.0815160274505615,3.9129528999328613,3.850616693496704,5.409769773483276,7.346275568008423,4.339486837387085,,,,,,,,,,,,,
2.4046499729156494,3.6948426961898804,2.929060459136963,3.6420153379440308,5.215986013412476,2.943585515022278,,,,,,,,,,,,,,,
3.313321590423584,3.090526819229126,2.3405447006225586,2.7298171520233154,6.2711029052734375,4.133652210235596,5.179459571838379,4.599368095397949,5.4856276512146,4.273038625717163,3.5323235988616943,3.800876021385193,3.4524224996566772,,,,,,,,
3.3125388622283936,3.2082133293151855,4.100306987762451,4.036823272705078,3.569898843765259,5.327387094497681,6.634539365768433,2.954445719718933,,,,,,,,,,,,,
3.548763394355774,3.3569698333740234,6.515908718109131,3.676163673400879,3.0877429246902466,3.7111897468566895,3.6257545948028564,2.4137438535690308,,,,,,,,,,,,,
2.788001298904419,2.7853734493255615,3.203307032585144,3.920170783996582,3.1897542476654053,2.570554494857788,4.028104901313782,2.867958664894104,3.9135173559188843,5.164154052734375,6.170714616775513,5.742368698120117,7.399355173110962,,,,,,,,
3.046466827392578,2.685376286506653,3.4181504249572754,4.122578144073486,4.818591117858887,3.544781446456909,5.19811487197876,3.773672103881836,4.477779865264893,3.2592350244522095,2.5523366928100586,4.504920244216919,4.1652913093566895,,,,,,,,
3.01579749584198,2.56198787689209,2.925650954246521,4.072551727294922,2.7657564878463745,4.594622611999512,6.041551113128662,4.968781232833862,4.231055736541748,4.525713920593262,4.054893732070923,3.6257790327072144,3.7176939249038696,4.837517976760864,,,,,,,
2.4143335819244385,5.942628383636475,3.7163360118865967,5.702402353286743,7.278180360794067,6.906217098236084,4.17342472076416,4.298656940460205,4.153765439987183,4.336785554885864,5.038675546646118,,,,,,,,,,
3.2149457931518555,3.745526432991028,3.04577374458313,2.5016835927963257,3.0704299211502075,4.212731122970581,4.250396251678467,3.4836379289627075,2.9479191303253174,2.807795286178589,3.4926671981811523,,,,,,,,,,
4.42780065536499,3.882806181907654,4.50624680519104,2.7691186666488647,3.41072940826416,3.2860615253448486,3.957449197769165,4.623329401016235,4.458075523376465,2.9809478521347046,,,,,,,,,,,
3.1347280740737915,2.345939517021179,2.8457337617874146,3.750601053237915,4.859806776046753,3.9810140132904053,2.790484309196472,4.015175819396973,3.4881502389907837,4.4131163358688354,4.015429139137268,,,,,,,,,,
3.432676076889038,2.5470006465911865,3.34670627117157,6.1367223262786865,4.24223256111145,5.1772682666778564,,,,,,,,,,,,,,,
2.6909979581832886,3.0394961833953857,4.898301601409912,4.3580641746521,3.5358285903930664,4.148186683654785,6.129102468490601,4.168628931045532,,,,,,,,,,,,,
3.199368715286255,3.7545493841171265,2.6745434999465942,6.500006437301636,4.018249154090881,4.370080947875977,,,,,,,,,,,,,,,
4.557905912399292,5.388638973236084,3.957449197769165,6.714704751968384,2.693631410598755,3.8189377784729004,3.047078251838684,5.194954872131348,4.217993259429932,4.400310277938843,6.147049188613892,,,,,,,,,,
6.043472766876221,5.45840311050415,4.065430045127869,5.767770528793335,2.80081307888031,2.666057586669922,4.4392523765563965,8.094460010528564,4.273055076599121,3.196228265762329,,,,,,,,,,,
4.289052963256836,5.988601207733154,4.836890459060669,5.145068883895874,4.131830453872681,4.288164854049683,3.224938154220581,4.395310163497925,2.5434237718582153,2.6390284299850464,3.3043949604034424,,,,,,,,,,
3.809276819229126,3.9188897609710693,4.487776041030884,2.3419241905212402,3.0367445945739746,3.6248764991760254,2.7276620864868164,2.8457337617874146,3.956382632255554,,,,,,,,,,,,
3.033060908317566,2.6628029346466064,2.667298674583435,2.654928684234619,3.750847101211548,3.6493186950683594,6.591274738311768,4.3800048828125,4.1134772300720215,4.4298505783081055,6.359596014022827,4.1895928382873535,3.70556640625,,,,,,,,
5.930178642272949,6.743825435638428,2.7274484634399414,3.849455237388611,4.086597681045532,6.36493992805481,7.253743886947632,,,,,,,,,,,,,,
4.436391115188599,3.7887940406799316,5.943700313568115,4.995453834533691,3.7216397523880005,3.73331081867218,3.0472795963287354,3.421010375022888,3.254319190979004,5.919573783874512,,,,,,,,,,,
4.261396169662476,4.006105422973633,6.130245208740234,4.971561670303345,3.3197031021118164,2.596281051635742,4.080207347869873,5.15935754776001,2.7149264812469482,3.0820688009262085,2.633930802345276,,,,,,,,,,
2.341244339942932,2.700709819793701,3.3079720735549927,4.447808265686035,5.193194150924683,4.854729175567627,3.0117955207824707,5.872531175613403,6.534701824188232,6.603894472122192,3.611051082611084,,,,,,,,,,
2.353749990463257,3.395374059677124,3.5913578271865845,2.6607528924942017,3.399332284927368,2.811018943786621,3.052462100982666,4.104044675827026,4.766635417938232,4.17900276184082,3.707209825515747,2.794144034385681,3.198742389678955,6.359596014022827,4.122919797897339,4.6683855056762695,,,,,
3.8429439067840576,3.171515464782715,4.378492832183838,2.837291955947876,3.2285465002059937,5.071287155151367,4.0370495319366455,3.2526925802230835,5.0518479347229,4.898301601409912,4.7235846519470215,3.0983906984329224,,,,,,,,,
8.450373649597168,5.310328483581543,3.242530345916748,7.170093297958374,4.738037109375,,,,,,,,,,,,,,,,
2.660040259361267,2.131048560142517,3.6438262462615967,3.9355448484420776,3.21781063079834,3.1009442806243896,5.879643440246582,4.4776225090026855,6.408417224884033,5.42564845085144,,,,,,,,,,,
2.917043685913086,3.0805611610412598,3.012318253517151,2.7149264812469482,2.546443462371826,2.652439594268799,5.938718557357788,5.651588201522827,3.125091075897217,4.63924241065979,3.567138910293579,4.713996887207031,8.417023181915283,,,,,,,,
3.056221842765808,2.560722231864929,4.0815160274505615,3.4109842777252197,4.160533905029297,7.272594928741455,7.501414775848389,,,,,,,,,,,,,,
2.9730019569396973,6.6250433921813965,2.9214041233062744,4.062438011169434,4.200843095779419,4.628659248352051,3.486603260040283,4.827137470245361,3.428320527076721,7.3256306648254395,4.1270716190338135,,,,,,,,,,
2.5636401176452637,3.745626449584961,4.937041759490967,4.669705867767334,,,,,,,,,,,,,,,,,
2.2913661003112793,3.829941153526306,3.797952890396118,3.544781446456909,4.347674369812012,2.9191161394119263,3.0432337522506714,3.4543404579162598,6.59930682182312,,,,,,,,,,,,
2.5747056007385254,3.484355092048645,5.836048603057861,4.143423557281494,3.760208010673523,3.5723907947540283,,,,,,,,,,,,,,,
3.7636390924453735,2.5344467163085938,4.598331928253174,4.009043097496033,3.747349977493286,6.063300609588623,,,,,,,,,,,,,,,
3.0489574670791626,2.4026917219161987,2.817823886871338,3.1632405519485474,3.7000997066497803,5.793510437011719,3.5982900857925415,7.069871425628662,3.9215201139450073,4.496038198471069,5.672993898391724,6.575762748718262,,,,,,,,,
7.272594928741455,3.630918502807617,2.652645707130432,3.895596742630005,3.050182580947876,7.180344581604004,4.668652296066284,,,,,,,,,,,,,,
2.9237455129623413,3.0504177808761597,7.468676328659058,4.227189779281616,3.0629180669784546,3.979583263397217,6.272161245346069,3.22502863407135,4.429480075836182,6.1708598136901855,5.778075218200684,,,,,,,,,,
4.032404184341431,2.505206823348999,3.2907453775405884,3.6629040241241455,3.4374783039093018,2.7097994089126587,6.403236150741577,4.620712518692017,4.453680515289307,,,,,,,,,,,,
4.907347917556763,4.698086500167847,3.542732357978821,6.390112400054932,2.3886563777923584,3.2500765323638916,3.7455328702926636,3.5769983530044556,2.7728967666625977,4.732619285583496,4.076869010925293,5.739556074142456,,,,,,,,,
3.248802900314331,2.974648594856262,4.012266159057617,2.9897652864456177,2.6735960245132446,2.7002593278884888,5.409769773483276,4.696430683135986,5.803793907165527,4.005084753036499,4.249246120452881,,,,,,,,,,
5.138994932174683,4.137131929397583,2.690765857696533,3.407566785812378,2.807795286178589,2.1637686491012573,3.313329577445984,,,,,,,,,,,,,,
6.0955564975738525,3.048812985420227,4.040081977844238,2.9974443912506104,2.5373891592025757,3.7105239629745483,4.118808746337891,3.7032300233840942,,,,,,,,,,,,,
2.401695489883423,2.9490631818771362,2.446671485900879,3.464421272277832,3.5279334783554077,3.348376512527466,4.214404106140137,7.427935361862183,3.9332218170166016,3.7397797107696533,3.7580922842025757,4.329219102859497,6.419252395629883,,,,,,,,
3.024622678756714,2.67417573928833,5.7188026905059814,4.275578498840332,4.240068197250366,4.849012136459351,4.066292762756348,4.431698322296143,6.4118428230285645,3.8341054916381836,4.371256589889526,,,,,,,,,,
3.0830310583114624,2.40292751789093,2.4060208797454834,2.5461610555648804,6.513829231262207,4.130553960800171,5.581200361251831,3.765276074409485,4.844960451126099,,,,,,,,,,,,
2.695976972579956,2.9849334955215454,5.194954872131348,6.603888034820557,6.114284515380859,4.83913516998291,7.000783920288086,3.724882960319519,4.1577019691467285,4.891607284545898,,,,,,,,,,,
2.69217050075531,4.10617208480835,3.8355926275253296,3.363564610481262,3.8042190074920654,4.138933181762695,4.879332780838013,,,,,,,,,,,,,,
2.9969245195388794,2.7824759483337402,2.8038554191589355,3.517643928527832,3.9763643741607666,4.33658242225647,3.702679753303528,2.751950263977051,3.282326340675354,3.1530323028564453,7.3256306648254395,,,,,,,,,,
3.1428438425064087,6.423370838165283,4.44640851020813,4.550758600234985,6.685013055801392,2.4220575094223022,4.034754991531372,4.3222081661224365,3.533406972885132,4.419274568557739,4.396578550338745,,,,,,,,,,
3.100501298904419,3.1518585681915283,4.255714416503906,3.747385263442993,3.4209786653518677,4.1270716190338135,5.229055404663086,3.656615972518921,,,,,,,,,,,,,
3.7823734283447266,2.3308467864990234,2.67417573928833,3.221792221069336,4.858379602432251,5.874569892883301,3.9314961433410645,2.578951835632324,3.2629235982894897,5.115660905838013,,,,,,,,,,,
3.2386960983276367,4.051934242248535,5.387484550476074,6.404171943664551,3.2499399185180664,3.583626866340637,5.395233631134033,3.087880849838257,5.996828317642212,6.503805160522461,,,,,,,,,,,
3.047424077987671,2.7097002267837524,5.863659143447876,4.395114183425903,4.1203694343566895,3.7712799310684204,3.9411784410476685,3.853803873062134,4.208482384681702,6.3740317821502686,,,,,,,,,,,
3.674527645111084,2.832750082015991,5.759139776229858,4.22892165184021,2.8700891733169556,6.406989336013794,3.9576330184936523,4.914925575256348,,,,,,,,,,,,,
4.0088536739349365,6.395015478134155,3.249315857887268,3.663956046104431,3.6293389797210693,4.1117072105407715,4.873140573501587,3.735788583755493,3.989017128944397,2.8180166482925415,2.6735960245132446,3.8355926275253296,3.330113649368286,4.331468343734741,7.396559715270996,,,,,,
5.30792498588562,2.9933940172195435,2.7953823804855347,4.145157098770142,4.178657293319702,3.2948719263076782,,,,,,,,,,,,,,,
3.0704574584960938,2.2177621126174927,1.940378487110138,7.394711017608643,3.8725675344467163,3.396657109260559,3.727177619934082,4.042249441146851,3.4046109914779663,4.973311185836792,6.813549757003784,,,,,,,,,,
3.0708975791931152,2.8023260831832886,2.515654444694519,2.537806749343872,5.620965480804443,4.173202991485596,6.398268699645996,5.390270233154297,,,,,,,,,,,,,
5.817675352096558,5.780591726303101,4.492425203323364,5.514228582382202,4.885322093963623,3.1430630683898926,2.9589765071868896,3.0492829084396362,3.8892494440078735,3.7444119453430176,,,,,,,,,,,
3.0706260204315186,2.8679851293563843,3.520438313484192,7.856384038925171,4.4045374393463135,4.315511465072632,6.313910484313965,3.6246691942214966,2.323154330253601,2.7263433933258057,2.5961780548095703,,,,,,,,,,
2.5635050535202026,2.7521167993545532,3.951241970062256,5.450476169586182,6.981867074966431,4.563195705413818,5.181287527084351,4.296411991119385,3.9815088510513306,4.008770227432251,2.937276840209961,4.441335201263428,4.849693298339844,3.562467932701111,,,,,,,
5.800864219665527,4.4413838386535645,3.3120765686035156,2.680026412010193,2.695976972579956,2.8722440004348755,4.076871395111084,,,,,,,,,,,,,,
3.8039989471435547,2.586851716041565,4.016936779022217,2.4002329111099243,2.5693169832229614,2.6740247011184692,3.1313629150390625,4.082098484039307,4.689096927642822,8.52439832687378,,,,,,,,,,,
6.744705677032471,4.523886442184448,2.4101762771606445,3.476004719734192,4.692342758178711,3.7054260969161987,3.4790014028549194,4.149262428283691,2.798981547355652,5.395425081253052,,,,,,,,,,,
6.995049476623535,5.1816511154174805,4.4450883865356445,4.043443202972412,4.89574933052063,3.6970056295394897,2.5500956773757935,3.0246883630752563,2.225934624671936,2.8485910892486572,2.751848578453064,5.779271364212036,3.646618962287903,3.85805606842041,3.878895401954651,4.78323221206665,4.356463551521301,2.89410400390625,2.6888595819473267,,
4.0549187660217285,3.5987876653671265,4.3852458000183105,5.874569892883301,5.241316556930542,4.674921989440918,5.767770528793335,2.956520676612854,3.349762201309204,3.9354910850524902,,,,,,,,,,,
3.9636980295181274,4.13556432723999,4.577552795410156,3.7592835426330566,3.1298505067825317,3.099321722984314,4.6760780811309814,4.205256700515747,3.1589765548706055,6.582289457321167,6.404314994812012,,,,,,,,,,
3.681931257247925,5.858151435852051,5.778075218200684,3.008176565170288,3.6775892972946167,2.9860570430755615,,,,,,,,,,,,,,,
2.695670485496521,3.696940064430237,2.3419318199157715,2.6724458932876587,3.7287161350250244,4.334579229354858,4.375674724578857,4.29662299156189,,,,,,,,,,,,,
3.747349977493286,2.5079301595687866,2.7504231929779053,3.352330207824707,2.138490676879883,6.289395332336426,,,,,,,,,,,,,,,
6.417210340499878,5.113264560699463,3.1397805213928223,3.3131009340286255,4.136929512023926,5.1416356563568115,3.758026123046875,4.185090780258179,,,,,,,,,,,,,
3.747738242149353,2.713985323905945,3.251745581626892,2.632907271385193,2.2185784578323364,2.718016743659973,6.681244611740112,5.277421474456787,,,,,,,,,,,,,
2.366638660430908,3.071552276611328,2.5467792749404907,3.7129666805267334,3.1296443939208984,3.5340648889541626,3.35667622089386,4.084618330001831,3.721906900405884,4.132487058639526,4.082052946090698,3.7636390924453735,4.919031143188477,,,,,,,,
6.603894472122192,4.07090437412262,6.980441331863403,2.679125189781189,2.67861545085907,3.744460940361023,3.4623920917510986,4.837424993515015,4.857465744018555,,,,,,,,,,,,
2.9987951517105103,2.9657766819000244,3.755828619003296,4.7235846519470215,3.2198963165283203,3.1269291639328003,3.992280960083008,6.02656888961792,6.523208379745483,,,,,,,,,,,,
3.3155417442321777,4.103670597076416,5.194581985473633,3.623287796974182,6.062232732772827,6.886730670928955,,,,,,,,,,,,,,,
2.713777542114258,3.0472795963287354,3.0804604291915894,3.9763951301574707,4.00305438041687,4.32487678527832,7.110290050506592,7.619411468505859,4.934196710586548,,,,,,,,,,,,
3.0830310583114624,2.3422480821609497,4.388104677200317,4.709890604019165,6.141578435897827,3.6172218322753906,5.590792179107666,4.134495258331299,5.506999731063843,4.088348865509033,3.7446229457855225,4.1702916622161865,6.921851873397827,,,,,,,,
5.396694660186768,2.960400700569153,4.19563889503479,4.110062599182129,4.667246580123901,3.7008461952209473,,,,,,,,,,,,,,,
2.5084071159362793,3.6948426961898804,2.8098738193511963,3.527034640312195,3.2345303297042847,6.5038323402404785,,,,,,,,,,,,,,,
3.8147588968276978,2.490528106689453,3.2354960441589355,3.2620503902435303,2.9689829349517822,4.1222474575042725,3.1334269046783447,4.722234487533569,4.502239465713501,,,,,,,,,,,,
3.050463080406189,2.7258602380752563,5.258694887161255,4.422346591949463,3.8372048139572144,3.408770799636841,3.5748881101608276,6.233033657073975,2.9871455430984497,3.874470829963684,,,,,,,,,,,
3.537176012992859,2.6011977195739746,2.7002809047698975,3.4118874073028564,6.043472766876221,4.849012136459351,4.0367820262908936,6.034652233123779,6.503805160522461,5.164154052734375,,,,,,,,,,,
4.907347917556763,2.976737856864929,2.792974829673767,4.328125476837158,3.196228265762329,,,,,,,,,,,,,,,,
4.04950749874115,5.591739892959595,3.138346791267395,5.930563926696777,5.765145301818848,2.997559428215027,2.3422480821609497,3.7196204662323,3.6275720596313477,4.245973110198975,4.985470771789551,,,,,,,,,,
2.7105859518051147,2.1230194568634033,2.8519294261932373,3.746014952659607,8.250674724578857,4.9444005489349365,3.9158990383148193,2.6942055225372314,2.767661690711975,5.193486213684082,,,,,,,,,,,
3.0102936029434204,2.6076760292053223,2.5446401834487915,3.7545493841171265,2.6693793535232544,3.3968547582626343,5.825201749801636,3.9377658367156982,5.000262498855591,4.230086088180542,4.611155986785889,3.9540958404541016,5.869692087173462,6.048278331756592,,,,,,,
3.127682685852051,3.7049731016159058,2.6847641468048096,3.1555662155151367,3.030216932296753,3.9192612171173096,6.094692230224609,4.8433263301849365,,,,,,,,,,,,,
2.6740247011184692,4.090590715408325,7.346275568008423,3.4443743228912354,3.6135820150375366,5.283143758773804,3.745626449584961,4.977171421051025,4.484295606613159,,,,,,,,,,,,
3.0444146394729614,3.4925066232681274,3.747738242149353,3.0708975791931152,4.010777950286865,4.0527753829956055,5.593613386154175,,,,,,,,,,,,,,
5.851433515548706,6.063300609588623,3.825830101966858,4.724517583847046,5.21807336807251,4.377673864364624,2.544693112373352,2.7991737127304077,3.0472795963287354,,,,,,,,,,,,
3.0563777685165405,2.5628057718276978,2.736153721809387,2.5461610555648804,4.47983717918396,5.708927631378174,4.121632099151611,3.94953989982605,6.300678730010986,7.020434856414795,3.535322070121765,4.340195417404175,4.6246726512908936,4.0750367641448975,7.629811525344849,,,,,,
3.0827282667160034,2.6745434999465942,2.920019507408142,6.303230285644531,4.010592818260193,3.1861348152160645,4.148129463195801,3.1958436965942383,3.2695865631103516,5.725804805755615,6.456825017929077,,,,,,,,,,
3.0659327507019043,2.5465532541275024,4.841782331466675,3.967203378677368,3.9984633922576904,4.05191707611084,4.403835296630859,5.454028129577637,4.315117597579956,,,,,,,,,,,,
2.980590343475342,2.9164540767669678,2.64375901222229,5.715461254119873,3.0542731285095215,5.917359352111816,3.642923593521118,3.74480402469635,4.15227484703064,4.907347917556763,,,,,,,,,,,
3.681931257247925,5.217695474624634,7.191332101821899,3.3423213958740234,2.6599185466766357,3.1144320964813232,2.973537802696228,4.465313196182251,5.206099510192871,,,,,,,,,,,,
3.773566722869873,2.8464882373809814,2.7892134189605713,2.996360421180725,2.4485102891921997,3.351597547531128,5.017788648605347,4.331244468688965,4.104746580123901,5.879140138626099,5.546178102493286,7.264760732650757,5.181855916976929,,,,,,,,
2.5776668787002563,3.4602092504501343,3.23485791683197,5.513460636138916,3.8039989471435547,2.918578028678894,3.820315957069397,4.715370416641235,5.432436227798462,,,,,,,,,,,,
2.5960655212402344,3.5049431324005127,3.953102231025696,3.192411184310913,6.800616264343262,5.205092668533325,4.526561737060547,4.972937107086182,3.2882943153381348,6.684159755706787,3.7477461099624634,5.660848379135132,,,,,,,,,
5.632695913314819,4.8803675174713135,3.017061233520508,3.0827420949935913,2.805783271789551,2.695976972579956,5.080829381942749,5.353402137756348,4.79206109046936,4.1702916622161865,3.3413920402526855,,,,,,,,,,
2.842345714569092,3.9540958404541016,2.5465532541275024,3.5673450231552124,3.2209548950195312,2.9589765071868896,4.698975563049316,4.010225415229797,6.411636590957642,4.061240911483765,6.37369704246521,4.723466873168945,,,,,,,,,
4.090335369110107,4.219351768493652,3.137540340423584,2.869974970817566,3.9359253644943237,5.500404357910156,,,,,,,,,,,,,,,
2.7214648723602295,2.4300665855407715,5.614534854888916,5.727177143096924,4.907347917556763,5.711798667907715,4.640798807144165,3.9833179712295532,5.354005336761475,3.697733163833618,3.1610769033432007,,,,,,,,,,
3.0721466541290283,2.819441318511963,2.30492103099823,2.7398664951324463,7.375585556030273,4.445065021514893,3.8197137117385864,3.700726270675659,4.497548580169678,,,,,,,,,,,,
3.763905167579651,2.8750741481781006,3.1654855012893677,4.397154808044434,6.449223756790161,5.931771993637085,2.695670485496521,4.721784591674805,5.24256706237793,2.6445729732513428,,,,,,,,,,,
4.632929563522339,5.409846782684326,2.6741737127304077,3.4602092504501343,5.3922789096832275,3.561381697654724,3.90571391582489,3.724882960319519,,,,,,,,,,,,,
2.9967451095581055,3.315189838409424,2.6961570978164673,3.0180493593215942,3.336382508277893,2.3166595697402954,2.9178898334503174,2.9378156661987305,3.3735240697860718,,,,,,,,,,,,
3.101000189781189,2.990638017654419,4.33823823928833,3.2023032903671265,5.89579963684082,5.511275053024292,3.971367359161377,4.050493001937866,4.238550901412964,5.2524192333221436,,,,,,,,,,,
7.3722453117370605,4.1482298374176025,5.165954828262329,2.953868865966797,2.544502377510071,5.798161268234253,4.399527311325073,3.97652268409729,5.863285779953003,4.067133903503418,,,,,,,,,,,
3.057436227798462,2.6745434999465942,2.308333396911621,3.5580978393554688,3.620399594306946,3.8776333332061768,4.041653156280518,3.4524224996566772,4.503027439117432,6.240243434906006,,,,,,,,,,,
2.963237762451172,2.660040259361267,5.1249775886535645,7.164647340774536,3.8669512271881104,5.018158197402954,7.253743886947632,4.389429092407227,4.073724031448364,3.1539705991744995,3.0636799335479736,5.167813301086426,4.891098976135254,4.154098033905029,,,,,,,
3.5596771240234375,4.311664581298828,2.9832723140716553,3.992280960083008,3.3073501586914062,4.192704200744629,7.241195201873779,4.508543014526367,3.7049731016159058,3.4100712537765503,3.918427586555481,3.1689661741256714,,,,,,,,,
2.320913791656494,3.56268310546875,3.0472795963287354,6.603894472122192,3.7465165853500366,3.6791114807128906,3.593306541442871,8.501418590545654,,,,,,,,,,,,,
4.051934242248535,3.9104559421539307,3.661896228790283,2.722167134284973,6.692081451416016,3.834101438522339,5.153780221939087,,,,,,,,,,,,,,
3.0102936029434204,2.4390887022018433,5.957083463668823,5.151593923568726,3.66914963722229,5.6929144859313965,4.158338785171509,6.419870138168335,3.2742801904678345,3.054476261138916,3.136446237564087,,,,,,,,,,
2.4529356956481934,2.6888595819473267,4.3160645961761475,3.7808817625045776,3.04800021648407,3.078475832939148,3.3102561235427856,3.4024029970169067,4.147762060165405,,,,,,,,,,,,
3.050463080406189,2.7821543216705322,2.318245768547058,4.7235846519470215,3.2115719318389893,3.8616373538970947,5.857659339904785,4.836890459060669,4.016899585723877,4.577136993408203,,,,,,,,,,,
2.996809482574463,2.6735960245132446,2.863240957260132,4.7492897510528564,3.64112389087677,4.307629585266113,7.3550145626068115,4.78891921043396,,,,,,,,,,,,,
3.04715633392334,2.703325629234314,3.023686170578003,4.331690549850464,3.52219295501709,4.234833717346191,5.40678071975708,3.8457082509994507,3.5854462385177612,3.967014789581299,3.4946632385253906,4.005099892616272,3.7199320793151855,5.151431083679199,6.756098508834839,6.717619895935059,,,,,
3.7023041248321533,2.2066380977630615,3.537338376045227,2.7299306392669678,3.0568500757217407,5.262891054153442,6.110143423080444,5.477651357650757,5.153609275817871,,,,,,,,,,,,
5.234503984451294,3.747738242149353,3.050463080406189,3.002382516860962,2.4121134281158447,3.145295739173889,3.139669895172119,6.886730670928955,4.51348352432251,4.0158737897872925,4.524409055709839,3.1880083084106445,,,,,,,,,
2.6559832096099854,4.010710954666138,4.376429080963135,3.0588711500167847,,,,,,,,,,,,,,,,,
3.0708975791931152,2.780572295188904,2.6890134811401367,3.7704665660858154,4.046740531921387,3.8826544284820557,3.0444146394729614,2.8513787984848022,2.5371173620224,,,,,,,,,,,,
4.271681547164917,3.7704665660858154,7.58584189414978,6.703814268112183,3.012196898460388,3.7835693359375,3.2032467126846313,5.544562101364136,4.305418968200684,5.798617839813232,4.365650653839111,3.167563319206238,3.529818534851074,3.9317102432250977,2.656487464904785,3.4165083169937134,3.711839437484741,2.5527288913726807,2.929060459136963,2.706995725631714,
3.350150942802429,2.5768017768859863,4.176541805267334,5.081995964050293,3.0459439754486084,2.9538410902023315,2.543514847755432,2.7956933975219727,4.07683539390564,4.049527645111084,4.487776041030884,,,,,,,,,,
3.829802393913269,3.314242959022522,2.6741737127304077,3.8301273584365845,3.7480194568634033,4.040190696716309,3.0980892181396484,3.4187865257263184,6.194822311401367,4.148452520370483,6.714704751968384,,,,,,,,,,
3.7776942253112793,3.1502175331115723,3.571727991104126,2.6932179927825928,2.1883273124694824,2.815578579902649,3.9178558588027954,4.0482563972473145,5.167813301086426,4.489834547042847,3.97652268409729,4.621413230895996,4.045225143432617,,,,,,,,
4.107809782028198,5.896703243255615,4.256482839584351,3.749039053916931,3.2221747636795044,4.2223756313323975,2.3107632398605347,3.4594552516937256,3.774051308631897,3.2866355180740356,,,,,,,,,,,
2.659036874771118,2.7079663276672363,3.045903205871582,4.197088718414307,3.394800901412964,,,,,,,,,,,,,,,,
2.976737856864929,2.652439594268799,5.414867877960205,4.290971755981445,3.622579336166382,4.37563419342041,6.320173978805542,5.928991794586182,,,,,,,,,,,,,
2.4011505842208862,2.709590435028076,3.1133393049240112,3.866286039352417,3.033060908317566,3.4379866123199463,6.130245208740234,7.245743751525879,5.588305950164795,4.511438369750977,4.138933181762695,4.971561670303345,,,,,,,,,
2.340808629989624,2.93253231048584,3.759626865386963,4.417672634124756,3.571449398994446,2.917753219604492,5.796173810958862,3.9132059812545776,3.1737641096115112,3.6414084434509277,2.6735960245132446,5.449933052062988,3.2138270139694214,4.051866054534912,3.056090831756592,3.0983643531799316,5.2653748989105225,5.1774396896362305,,,
2.5768017768859863,4.146852254867554,2.5346338748931885,2.503969669342041,3.9299453496932983,4.688869476318359,2.4939974546432495,3.325180411338806,3.892642617225647,3.957449197769165,6.07195782661438,,,,,,,,,,
3.1244641542434692,2.695976972579956,2.5914307832717896,3.5374640226364136,2.6835711002349854,3.3518712520599365,7.394711017608643,2.9603164196014404,5.411389589309692,5.166515111923218,,,,,,,,,,,
3.01220703125,4.737610101699829,4.114501953125,4.211017608642578,3.5369410514831543,,,,,,,,,,,,,,,,
4.048706531524658,3.204152822494507,4.5878212451934814,5.610036849975586,3.021320939064026,3.0878031253814697,2.713303565979004,3.3751163482666016,4.192424535751343,4.08460259437561,3.355847120285034,4.4493019580841064,,,,,,,,,
2.6745434999465942,3.490135908126831,4.159110069274902,3.374577045440674,6.001885175704956,3.26493763923645,6.140522718429565,,,,,,,,,,,,,,
3.682499647140503,5.36327338218689,4.133410215377808,2.8550939559936523,3.5894100666046143,4.276465177536011,4.9351770877838135,7.014609098434448,,,,,,,,,,,,,
3.7023041248321533,2.6960779428482056,2.750871419906616,3.099938154220581,3.4809619188308716,3.3392536640167236,5.415630578994751,3.8165814876556396,6.06024694442749,4.8865697383880615,4.101794242858887,,,,,,,,,,
3.304247498512268,3.6393959522247314,6.200425624847412,3.7882750034332275,4.382185459136963,6.704429864883423,4.717941999435425,5.435602188110352,3.048812985420227,4.323904275894165,6.445638179779053,2.7227063179016113,4.029814958572388,5.234965085983276,,,,,,,
5.737624406814575,4.425718545913696,3.048812985420227,4.152308702468872,2.553965926170349,3.431462526321411,3.3089221715927124,3.0905792713165283,5.931771993637085,4.018415451049805,4.2991907596588135,5.027832984924316,4.879885196685791,4.103614568710327,3.631038784980774,4.4847939014434814,,,,,
4.474808931350708,4.317277193069458,7.027607440948486,2.672805070877075,4.201183080673218,4.672719955444336,3.0444146394729614,2.7175625562667847,3.6868237257003784,3.3180458545684814,5.208164930343628,,,,,,,,,,
2.5465532541275024,2.73578143119812,2.858333945274353,3.4594552516937256,3.4883097410202026,4.110385179519653,6.247256755828857,5.780591726303101,4.723836898803711,3.465963125228882,4.396061182022095,3.9381552934646606,3.2780392169952393,2.973959445953369,,,,,,,
4.147762060165405,6.886094331741333,4.488349676132202,4.674217939376831,3.0336116552352905,2.6899465322494507,3.7151594161987305,3.746014952659607,3.1034488677978516,4.44981575012207,3.599724054336548,2.705855369567871,3.3547234535217285,4.031845808029175,,,,,,,
4.168628931045532,3.561120867729187,6.5686235427856445,6.797432899475098,4.114501953125,5.182177543640137,6.506183862686157,2.976737856864929,2.3422480821609497,4.195855140686035,3.7598979473114014,3.1217883825302124,,,,,,,,,
2.59074330329895,2.692125678062439,3.226117968559265,3.8147588968276978,5.751338005065918,5.821701765060425,4.241596698760986,4.101561784744263,3.613426923751831,3.143038034439087,4.187852621078491,5.765145301818848,,,,,,,,,
4.132296562194824,2.569995403289795,3.3847837448120117,4.116077899932861,4.759239673614502,2.9507439136505127,4.378951072692871,4.138056755065918,4.4964940547943115,3.635045289993286,2.658041000366211,,,,,,,,,,
3.941876530647278,6.8650124073028564,3.798706293106079,3.173490881919861,4.160308837890625,2.6886876821517944,3.226350426673889,3.9790884256362915,3.086159825325012,3.302600145339966,2.407527804374695,7.129714727401733,4.060004472732544,,,,,,,,
3.0708975791931152,2.6602779626846313,2.198988676071167,2.0119237899780273,2.862924575805664,3.752362370491028,7.2715208530426025,5.388638973236084,4.382185459136963,5.944673538208008,3.854507327079773,3.9931602478027344,4.092698931694031,3.2180910110473633,,,,,,,
2.5016835927963257,3.043176770210266,2.5465532541275024,2.908615231513977,4.876674652099609,4.0395612716674805,4.939649820327759,5.449679374694824,6.681244611740112,,,,,,,,,,,,
3.763905167579651,2.7701672315597534,2.570554494857788,4.1995508670806885,5.9659340381622314,6.226038455963135,4.144390344619751,3.073681354522705,8.10675048828125,2.5413483381271362,2.866008162498474,,,,,,,,,,
3.4508687257766724,2.507760763168335,2.7411224842071533,6.493455171585083,4.808146953582764,4.055429935455322,6.279880046844482,6.404314994812012,3.9464666843414307,,,,,,,,,,,,
3.747738242149353,2.69217050075531,3.0318005084991455,2.747805118560791,2.9735642671585083,3.0948230028152466,3.135082960128784,6.77844500541687,4.043443202972412,5.575638294219971,,,,,,,,,,,
3.720925211906433,3.1392632722854614,3.766739845275879,3.8112345933914185,2.692185878753662,3.3511874675750732,2.5244057178497314,2.7291276454925537,3.7129666805267334,3.680691957473755,3.467036008834839,3.3096147775650024,2.9058889150619507,,,,,,,,
4.129734754562378,3.1505420207977295,2.567095637321472,3.9883657693862915,5.827432632446289,3.6353870630264282,3.423285722732544,3.6593152284622192,3.0651038885116577,5.798161268234253,3.076492667198181,,,,,,,,,,
3.7636390924453735,3.1326189041137695,3.2956976890563965,2.759623646736145,4.394911766052246,4.1960227489471436,3.025341510772705,,,,,,,,,,,,,,
8.094460010528564,6.269313812255859,2.857406497001648,4.353803873062134,5.83234167098999,6.613505601882935,6.435992956161499,3.5048309564590454,3.808927536010742,3.381593346595764,2.7348124980926514,3.583584189414978,3.249455690383911,,,,,,,,
2.7276620864868164,2.5438631772994995,2.804131507873535,5.347816228866577,4.165705680847168,2.910070061683655,6.9953367710113525,,,,,,,,,,,,,,
2.5422827005386353,3.2214155197143555,3.347602128982544,4.1222474575042725,3.069420337677002,4.239662408828735,3.061412811279297,6.168342113494873,4.270811080932617,4.335552215576172,,,,,,,,,,,
2.6745434999465942,5.082467317581177,3.8800066709518433,4.309632778167725,2.4870907068252563,7.151627540588379,3.8560291528701782,6.588929653167725,3.1322728395462036,5.259947776794434,,,,,,,,,,,
4.785322666168213,2.333546996116638,4.090590715408325,3.614564061164856,2.995806097984314,3.07120144367218,3.5065126419067383,3.8544647693634033,4.107304811477661,2.9447669982910156,3.7784762382507324,4.373652219772339,4.57470440864563,6.114348888397217,4.845406770706177,,,,,,
2.8899269104003906,2.9310353994369507,5.102597951889038,4.477779865264893,3.068118691444397,4.4944493770599365,6.383714199066162,3.8540403842926025,7.406323432922363,,,,,,,,,,,,
2.402586817741394,2.790484309196472,3.8256115913391113,3.520206332206726,4.794532775878906,6.638986110687256,5.509433746337891,3.736295700073242,5.1747660636901855,,,,,,,,,,,,
4.147934198379517,4.960445165634155,4.103539705276489,3.9418227672576904,4.314881086349487,4.130553960800171,3.3741778135299683,4.388973236083984,2.559835195541382,3.910470485687256,7.664577007293701,3.858475685119629,,,,,,,,,
3.194869041442871,4.907347917556763,2.2185784578323364,2.6567366123199463,3.5412309169769287,4.756509780883789,4.319839000701904,3.4980223178863525,4.4392523765563965,,,,,,,,,,,,
2.574917197227478,2.7053805589675903,2.3891494274139404,6.537891387939453,3.0472795963287354,4.5892252922058105,7.242763996124268,,,,,,,,,,,,,,
3.1753610372543335,2.790484309196472,5.798161268234253,3.6750441789627075,3.758026123046875,2.570554494857788,5.464131593704224,4.231192588806152,3.0552799701690674,5.588305950164795,4.137688398361206,,,,,,,,,,
4.131556510925293,4.780173063278198,2.6955260038375854,3.8441522121429443,4.310837507247925,,,,,,,,,,,,,,,,
3.6301156282424927,2.7894047498703003,3.043891668319702,2.81194007396698,5.164154052734375,4.043443202972412,6.257574081420898,5.778075218200684,3.7216397523880005,4.908952713012695,,,,,,,,,,,
7.067806005477905,3.865390419960022,5.919573783874512,3.1561052799224854,3.7546193599700928,3.058168411254883,2.507612943649292,6.35844087600708,3.0051859617233276,2.747057318687439,5.188594579696655,3.8309125900268555,4.0810465812683105,,,,,,,,
5.7098236083984375,3.8027701377868652,6.915063381195068,7.480717897415161,4.065687656402588,3.4612936973571777,5.171260118484497,3.747738242149353,2.803105115890503,,,,,,,,,,,,
2.812347650527954,2.4970245361328125,2.910608172416687,3.730299949645996,2.6832786798477173,3.7598979473114014,4.0810465812683105,3.2705355882644653,3.0034440755844116,3.9557790756225586,6.221449851989746,6.322484254837036,4.716969966888428,6.871308326721191,3.5173757076263428,5.609485149383545,,,,,
3.0830310583114624,2.672296404838562,4.083658933639526,5.260672569274902,4.7135114669799805,,,,,,,,,,,,,,,,
3.0832855701446533,2.7326172590255737,2.3993284702301025,2.8522826433181763,6.244349241256714,4.144390344619751,5.248428821563721,5.281673908233643,4.1440746784210205,4.026472568511963,3.7129666805267334,,,,,,,,,,
2.693631410598755,3.0822975635528564,3.2434656620025635,3.6985749006271362,4.080225229263306,5.653877258300781,5.164176940917969,3.5566470623016357,,,,,,,,,,,,,
2.508490800857544,2.9239596128463745,3.4766253232955933,6.059994697570801,4.535737037658691,3.5133320093154907,6.827439546585083,4.456924200057983,3.322740316390991,3.9825704097747803,4.111746191978455,7.368194818496704,,,,,,,,,
3.9540958404541016,2.841224789619446,2.5474098920822144,2.1956909894943237,4.3099524974823,3.2514923810958862,3.6861168146133423,5.815446138381958,3.6965887546539307,5.409769773483276,4.8549206256866455,5.593613386154175,,,,,,,,,
3.809160590171814,2.973380923271179,3.5357861518859863,3.3501055240631104,3.6616469621658325,4.616486072540283,4.060305118560791,3.091684937477112,2.7231374979019165,2.5346702337265015,5.879140138626099,2.658041000366211,4.510518789291382,3.0267064571380615,4.032312631607056,3.622383236885071,6.359596014022827,,,,
5.195411920547485,4.060162305831909,3.054227828979492,2.5768017768859863,3.9021319150924683,3.9787858724594116,5.411389589309692,2.6942055225372314,4.394027948379517,4.830495357513428,3.967560291290283,,,,,,,,,,
2.69217050075531,2.829745888710022,3.047424077987671,3.5778454542160034,4.571748495101929,4.905351400375366,6.1367223262786865,,,,,,,,,,,,,,
3.0565247535705566,2.8187289237976074,3.7598979473114014,3.5203731060028076,4.353792667388916,4.3711998462677,5.17935848236084,5.979623317718506,5.12690806388855,,,,,,,,,,,,
2.405699610710144,2.7953823804855347,4.110062599182129,2.8668835163116455,5.953093767166138,5.130511522293091,3.3881678581237793,2.6647722721099854,,,,,,,,,,,,,
3.047424077987671,2.8627758026123047,2.6994171142578125,3.7808817625045776,3.280066728591919,3.8717132806777954,4.866686582565308,3.7434730529785156,5.566263198852539,5.285918474197388,,,,,,,,,,,
2.6735960245132446,2.3419241905212402,3.7718558311462402,2.996360421180725,3.527286171913147,3.5562738180160522,5.442217588424683,3.0444146394729614,2.828384757041931,3.0555137395858765,4.135232925415039,3.4778354167938232,3.0863789319992065,4.517192363739014,3.0950645208358765,3.245788097381592,3.926154613494873,,,,
3.0708975791931152,2.775634527206421,2.413625717163086,2.5968655347824097,2.3824111223220825,4.008545637130737,4.050060272216797,4.055153846740723,4.7632527351379395,,,,,,,,,,,,
2.6741737127304077,3.825671672821045,3.4971017837524414,3.8049468994140625,3.705336570739746,4.925431966781616,2.953635573387146,3.950702667236328,,,,,,,,,,,,,
3.047424077987671,2.6745434999465942,2.1278412342071533,1.979898989200592,4.726454019546509,4.082601308822632,3.475950598716736,6.149072170257568,3.685677409172058,3.677235245704651,5.119678258895874,,,,,,,,,,
3.9249285459518433,3.1422083377838135,2.713153839111328,3.3987185955047607,3.7854796648025513,3.4237993955612183,2.7486897706985474,8.282657623291016,,,,,,,,,,,,,
2.6603931188583374,4.270849227905273,6.143725872039795,6.449223756790161,3.956488609313965,3.5295002460479736,3.0296859741210938,4.4664528369903564,7.151627540588379,5.1354498863220215,,,,,,,,,,,
2.5482958555221558,2.308722972869873,3.020338296890259,3.0095642805099487,4.252763986587524,4.5361409187316895,4.631971836090088,3.9133834838867188,,,,,,,,,,,,,
2.5718778371810913,2.11236572265625,2.9174492359161377,3.9790468215942383,3.6153390407562256,3.1255942583084106,3.8928730487823486,3.5565110445022583,4.371568918228149,5.2215635776519775,4.90062689781189,2.859984517097473,2.982681632041931,,,,,,,,
3.3020858764648438,4.13985276222229,5.045820713043213,3.772892951965332,5.227502346038818,2.2773594856262207,3.026793122291565,2.2530593872070312,3.0846914052963257,6.194822311401367,5.115674734115601,3.871589422225952,,,,,,,,,
5.715461254119873,6.013972759246826,3.098449945449829,3.763750433921814,5.87835955619812,2.6888595819473267,4.769787073135376,3.886110305786133,3.8065147399902344,,,,,,,,,,,,
2.402586817741394,2.7532875537872314,2.960400700569153,2.7360318899154663,3.101509690284729,4.603896617889404,4.462459564208984,4.306473255157471,3.3472827672958374,4.861592769622803,,,,,,,,,,,
3.0830310583114624,2.2180538177490234,2.3654953241348267,3.2134207487106323,3.1049323081970215,3.86151921749115,6.130245208740234,3.9193737506866455,7.412332534790039,5.2290120124816895,5.583346843719482,,,,,,,,,,
6.333002805709839,3.035791277885437,2.9063345193862915,2.829941749572754,3.8967506885528564,3.047498106956482,4.161401033401489,5.438995838165283,4.181890487670898,,,,,,,,,,,,
3.066030979156494,5.231663465499878,4.8941967487335205,3.6011615991592407,4.048304557800293,3.810443878173828,4.049527645111084,6.408528566360474,,,,,,,,,,,,,
3.0829209089279175,2.7274484634399414,2.8082610368728638,2.1996822357177734,4.269380569458008,3.173116683959961,3.6221967935562134,6.078885555267334,4.049249172210693,5.103362321853638,4.2977094650268555,5.780591726303101,,,,,,,,,
6.513718128204346,4.505151033401489,3.054751753807068,6.785470008850098,4.137131929397583,3.558461308479309,4.042308568954468,4.013151168823242,2.9111111164093018,3.6181572675704956,2.777368187904358,3.759619951248169,,,,,,,,,
3.2012354135513306,3.0426360368728638,2.763929843902588,4.134827375411987,3.816280961036682,5.514228582382202,3.761948585510254,4.195273399353027,4.512882709503174,4.617687702178955,,,,,,,,,,,
2.7195602655410767,2.4350844621658325,2.843450427055359,3.0243618488311768,2.5343817472457886,3.9237042665481567,3.030899405479431,2.4356188774108887,6.38398814201355,5.214541435241699,4.38096284866333,4.24294376373291,,,,,,,,,
2.8551591634750366,2.402586817741394,3.77227520942688,7.290039777755737,6.981867074966431,7.2711286544799805,4.487776041030884,,,,,,,,,,,,,,
4.052814960479736,6.395015478134155,3.048812985420227,2.4032576084136963,2.6924344301223755,3.67263126373291,4.263875246047974,3.7243716716766357,3.445953607559204,6.813549757003784,8.20551586151123,5.709120750427246,,,,,,,,,
3.0829209089279175,2.4026917219161987,2.788311719894409,4.065985679626465,4.5231287479400635,4.357958793640137,4.9253411293029785,4.400339603424072,5.286911487579346,4.40211033821106,3.4415488243103027,3.1462202072143555,3.9441776275634766,5.931771993637085,3.962996006011963,5.065777540206909,,,,,
3.0563777685165405,2.574917197227478,3.9315329790115356,4.138933181762695,5.168351173400879,5.396694660186768,6.43795371055603,2.79180109500885,2.7264639139175415,3.533476948738098,3.859982490539551,3.3078421354293823,3.483680844306946,,,,,,,,
2.6567277908325195,3.9021319150924683,5.179574966430664,3.0865859985351562,3.2137975692749023,4.789248943328857,2.7089565992355347,3.0813597440719604,5.110162019729614,,,,,,,,,,,,
3.758026123046875,7.369836091995239,2.4122045040130615,2.7772154808044434,3.0247327089309692,3.518803834915161,5.265941381454468,4.385950565338135,5.20456862449646,4.082752466201782,3.016542911529541,3.3032000064849854,4.552080869674683,,,,,,,,
2.9146082401275635,2.3673352003097534,2.6644036769866943,3.421010375022888,2.81194007396698,3.747738242149353,3.072814702987671,2.698254704475403,4.236483335494995,6.313910484313965,3.1192981004714966,6.217883110046387,,,,,,,,,
3.219282627105713,4.377004861831665,6.59930682182312,4.932928800582886,2.8408422470092773,4.569590330123901,2.5461610555648804,3.721458911895752,4.916126251220703,4.210403203964233,2.342541456222534,,,,,,,,,,
3.763905167579651,2.8586620092391968,3.066556215286255,5.839240312576294,,,,,,,,,,,,,,,,,
4.394027948379517,3.681931257247925,6.652118682861328,7.550631761550903,4.052797794342041,3.30966579914093,4.270653247833252,2.5054420232772827,3.7468106746673584,3.4419164657592773,3.100032925605774,4.161426067352295,,,,,,,,,
2.4038020372390747,3.428320527076721,4.043443202972412,2.7644307613372803,3.9012250900268555,6.5038323402404785,3.9015674591064453,,,,,,,,,,,,,,
6.384180307388306,4.698086500167847,4.162720441818237,2.9881527423858643,2.4567848443984985,4.119318008422852,4.138788223266602,7.47216796875,2.6178754568099976,2.7349860668182373,3.033262848854065,,,,,,,,,,
4.26619291305542,4.008679389953613,6.677412271499634,4.927230596542358,2.7602823972702026,3.018343687057495,2.9589765071868896,3.2336472272872925,4.0331199169158936,,,,,,,,,,,,
3.366896390914917,3.203080177307129,3.6768604516983032,2.8132699728012085,2.8098738193511963,3.595324754714966,2.7484923601150513,3.878599524497986,4.617745876312256,,,,,,,,,,,,
