mean_fit_time,std_fit_time,mean_score_time,std_score_time,param_max_depth,param_max_features,param_min_samples_leaf,param_min_samples_split,param_n_estimators,params,split0_test_score,split1_test_score,split2_test_score,split3_test_score,split4_test_score,mean_test_score,std_test_score,rank_test_score
6.46730375289917,0.11483354513410918,0.08108959197998047,0.00891829481788783,12,sqrt,4,7,250,"{'max_depth': 12, 'max_features': 'sqrt', 'min_samples_leaf': 4, 'min_samples_split': 7, 'n_estimators': 250}",0.91625,0.92125,0.923125,0.9225,0.91875,0.920375,0.0025495097567963883,2
13.618742227554321,0.09140161313743381,0.14303979873657227,0.0034962105397502905,12,sqrt,4,7,500,"{'max_depth': 12, 'max_features': 'sqrt', 'min_samples_leaf': 4, 'min_samples_split': 7, 'n_estimators': 500}",0.915,0.923125,0.92,0.92125,0.916875,0.91925,0.002942150573984942,25
20.90772738456726,0.28248062106639993,0.21315512657165528,0.007346542726733673,12,sqrt,4,7,750,"{'max_depth': 12, 'max_features': 'sqrt', 'min_samples_leaf': 4, 'min_samples_split': 7, 'n_estimators': 750}",0.91375,0.92125,0.92125,0.9225,0.9175,0.91925,0.0032210246816813007,25
28.493534755706786,0.23549155191737667,0.285889720916748,0.010971083908185778,12,sqrt,4,7,1000,"{'max_depth': 12, 'max_features': 'sqrt', 'min_samples_leaf': 4, 'min_samples_split': 7, 'n_estimators': 1000}",0.915,0.9225,0.92,0.92125,0.919375,0.919625,0.0025495097567963783,13
6.965089607238769,0.0799006946562661,0.07353715896606446,0.0011771870868929135,12,sqrt,4,10,250,"{'max_depth': 12, 'max_features': 'sqrt', 'min_samples_leaf': 4, 'min_samples_split': 10, 'n_estimators': 250}",0.914375,0.92,0.920625,0.920625,0.918125,0.91875,0.002371708245126281,50
14.42267827987671,0.09692118648100569,0.1450955390930176,0.006001222930501738,12,sqrt,4,10,500,"{'max_depth': 12, 'max_features': 'sqrt', 'min_samples_leaf': 4, 'min_samples_split': 10, 'n_estimators': 500}",0.91375,0.920625,0.91875,0.921875,0.918125,0.918625,0.00277826384636163,57
20.86531071662903,0.33348886122855514,0.21594762802124023,0.008063188138164748,12,sqrt,4,10,750,"{'max_depth': 12, 'max_features': 'sqrt', 'min_samples_leaf': 4, 'min_samples_split': 10, 'n_estimators': 750}",0.913125,0.92,0.920625,0.920625,0.9175,0.918375,0.0028668362352949556,67
27.52341547012329,0.19825640115722412,0.2842387676239014,0.0030312081499007048,12,sqrt,4,10,1000,"{'max_depth': 12, 'max_features': 'sqrt', 'min_samples_leaf': 4, 'min_samples_split': 10, 'n_estimators': 1000}",0.91375,0.920625,0.9225,0.92,0.91875,0.919125,0.00294745653063792,35
6.8628623485565186,0.0977752761480983,0.07414846420288086,0.0020818840861730387,12,sqrt,4,13,250,"{'max_depth': 12, 'max_features': 'sqrt', 'min_samples_leaf': 4, 'min_samples_split': 13, 'n_estimators': 250}",0.91375,0.92,0.9225,0.919375,0.91625,0.918375,0.0030516389039334435,67
13.776309871673584,0.12125122089875102,0.14231481552124023,0.003153284449164018,12,sqrt,4,13,500,"{'max_depth': 12, 'max_features': 'sqrt', 'min_samples_leaf': 4, 'min_samples_split': 13, 'n_estimators': 500}",0.914375,0.92,0.921875,0.920625,0.9175,0.918875,0.0026634094690828067,48
20.52285008430481,0.1889647826092286,0.20458016395568848,0.002155556925553724,12,sqrt,4,13,750,"{'max_depth': 12, 'max_features': 'sqrt', 'min_samples_leaf': 4, 'min_samples_split': 13, 'n_estimators': 750}",0.915,0.921875,0.92125,0.920625,0.9175,0.91925,0.002604083331999953,25
27.472709798812865,0.19116848692252603,0.2753907203674316,0.0021226069320128865,12,sqrt,4,13,1000,"{'max_depth': 12, 'max_features': 'sqrt', 'min_samples_leaf': 4, 'min_samples_split': 13, 'n_estimators': 1000}",0.91375,0.920625,0.92125,0.92,0.9175,0.918625,0.002750000000000029,57
6.8072977542877195,0.04023511743745964,0.07168006896972656,0.003259254247565936,12,sqrt,4,16,250,"{'max_depth': 12, 'max_features': 'sqrt', 'min_samples_leaf': 4, 'min_samples_split': 16, 'n_estimators': 250}",0.91375,0.919375,0.92,0.920625,0.916875,0.918125,0.002531057091414607,87
13.799356412887573,0.13454010154570337,0.139870548248291,0.004143138505202814,12,sqrt,4,16,500,"{'max_depth': 12, 'max_features': 'sqrt', 'min_samples_leaf': 4, 'min_samples_split': 16, 'n_estimators': 500}",0.913125,0.92125,0.92,0.920625,0.9175,0.9185,0.0029738443133426043,64
20.473174381256104,0.12421787132212192,0.20124740600585939,0.002243921461673923,12,sqrt,4,16,750,"{'max_depth': 12, 'max_features': 'sqrt', 'min_samples_leaf': 4, 'min_samples_split': 16, 'n_estimators': 750}",0.91375,0.92125,0.920625,0.920625,0.9175,0.91875,0.002822897447659082,50
27.014768838882446,0.19855295965869774,0.27039780616760256,0.002169393919662655,12,sqrt,4,16,1000,"{'max_depth': 12, 'max_features': 'sqrt', 'min_samples_leaf': 4, 'min_samples_split': 16, 'n_estimators': 1000}",0.913125,0.9225,0.919375,0.919375,0.918125,0.9185,0.0030516389039334413,64
6.477429914474487,0.07063872696806844,0.07104663848876953,0.0002470097209097186,12,sqrt,7,7,250,"{'max_depth': 12, 'max_features': 'sqrt', 'min_samples_leaf': 7, 'min_samples_split': 7, 'n_estimators': 250}",0.91375,0.91875,0.920625,0.9225,0.918125,0.91875,0.002931509849889662,50
12.909915828704834,0.12314865704746189,0.1358339786529541,0.0018853823642728245,12,sqrt,7,7,500,"{'max_depth': 12, 'max_features': 'sqrt', 'min_samples_leaf': 7, 'min_samples_split': 7, 'n_estimators': 500}",0.91125,0.919375,0.92125,0.92125,0.918125,0.91825,0.0036954363747736265,76
19.42619881629944,0.24162083698783693,0.20194010734558104,0.005295479450266683,12,sqrt,7,7,750,"{'max_depth': 12, 'max_features': 'sqrt', 'min_samples_leaf': 7, 'min_samples_split': 7, 'n_estimators': 750}",0.913125,0.92,0.92125,0.91875,0.915625,0.91775,0.002973844313342594,118
26.144690418243407,0.2722352729011608,0.26734066009521484,0.007826126890973742,12,sqrt,7,7,1000,"{'max_depth': 12, 'max_features': 'sqrt', 'min_samples_leaf': 7, 'min_samples_split': 7, 'n_estimators': 1000}",0.911875,0.92,0.92,0.92,0.915625,0.9175,0.0032834813841409434,143
6.448032474517822,0.041714518624069545,0.07048425674438477,0.001098809931637104,12,sqrt,7,10,250,"{'max_depth': 12, 'max_features': 'sqrt', 'min_samples_leaf': 7, 'min_samples_split': 10, 'n_estimators': 250}",0.914375,0.918125,0.92,0.920625,0.916875,0.918,0.0022499999999999977,95
13.188902616500854,0.07379178408930012,0.1353731632232666,0.0022999536200606126,12,sqrt,7,10,500,"{'max_depth': 12, 'max_features': 'sqrt', 'min_samples_leaf': 7, 'min_samples_split': 10, 'n_estimators': 500}",0.913125,0.92375,0.919375,0.923125,0.91625,0.919125,0.0040427404071990535,35
19.433116149902343,0.22405734408533814,0.1992941379547119,0.006351228749823863,12,sqrt,7,10,750,"{'max_depth': 12, 'max_features': 'sqrt', 'min_samples_leaf': 7, 'min_samples_split': 10, 'n_estimators': 750}",0.91,0.92125,0.920625,0.919375,0.9175,0.91775,0.004081206929328626,118
25.66938877105713,0.2040869650305858,0.27047905921936033,0.016233982873486014,12,sqrt,7,10,1000,"{'max_depth': 12, 'max_features': 'sqrt', 'min_samples_leaf': 7, 'min_samples_split': 10, 'n_estimators': 1000}",0.913125,0.92,0.92125,0.919375,0.91625,0.918,0.002942150573984979,95
6.427372837066651,0.07557738236846182,0.07128891944885254,0.0020503830831424498,12,sqrt,7,13,250,"{'max_depth': 12, 'max_features': 'sqrt', 'min_samples_leaf': 7, 'min_samples_split': 13, 'n_estimators': 250}",0.911875,0.92,0.919375,0.92,0.916875,0.917625,0.0030973779233409884,128
12.788386917114257,0.12283351616436741,0.13559360504150392,0.004539660285803654,12,sqrt,7,13,500,"{'max_depth': 12, 'max_features': 'sqrt', 'min_samples_leaf': 7, 'min_samples_split': 13, 'n_estimators': 500}",0.915625,0.92,0.919375,0.919375,0.916875,0.91825,0.0016955824957813333,76
19.142071199417114,0.12653474657622196,0.20290923118591309,0.002248301066075732,12,sqrt,7,13,750,"{'max_depth': 12, 'max_features': 'sqrt', 'min_samples_leaf': 7, 'min_samples_split': 13, 'n_estimators': 750}",0.911875,0.91875,0.920625,0.92,0.91625,0.9175,0.003186887195995501,143
25.60657444000244,0.22093160907947754,0.2638217926025391,0.005065660006924006,12,sqrt,7,13,1000,"{'max_depth': 12, 'max_features': 'sqrt', 'min_samples_leaf': 7, 'min_samples_split': 13, 'n_estimators': 1000}",0.9125,0.92,0.919375,0.919375,0.915,0.91725,0.0029738443133426043,158
6.4028003215789795,0.08149998930941839,0.07220220565795898,0.0020477086526631814,12,sqrt,7,16,250,"{'max_depth': 12, 'max_features': 'sqrt', 'min_samples_leaf': 7, 'min_samples_split': 16, 'n_estimators': 250}",0.91375,0.92,0.919375,0.921875,0.916875,0.918375,0.0028118054698005233,67
12.870519161224365,0.1338230984288936,0.1364060878753662,0.0020445075126595408,12,sqrt,7,16,500,"{'max_depth': 12, 'max_features': 'sqrt', 'min_samples_leaf': 7, 'min_samples_split': 16, 'n_estimators': 500}",0.914375,0.91875,0.920625,0.92125,0.915625,0.918125,0.0027099354235848383,87
19.277878952026366,0.11406943201386974,0.19964027404785156,0.0073563656128213945,12,sqrt,7,16,750,"{'max_depth': 12, 'max_features': 'sqrt', 'min_samples_leaf': 7, 'min_samples_split': 16, 'n_estimators': 750}",0.9125,0.918125,0.92,0.91875,0.91625,0.917125,0.002610076627227646,169
25.575821971893312,0.24190066050356998,0.2678682327270508,0.0036547590707385618,12,sqrt,7,16,1000,"{'max_depth': 12, 'max_features': 'sqrt', 'min_samples_leaf': 7, 'min_samples_split': 16, 'n_estimators': 1000}",0.913125,0.91875,0.921875,0.92,0.91625,0.918,0.003046514401738499,95
6.176540374755859,0.06173354921856887,0.0694469928741455,0.002791948856809936,12,sqrt,10,7,250,"{'max_depth': 12, 'max_features': 'sqrt', 'min_samples_leaf': 10, 'min_samples_split': 7, 'n_estimators': 250}",0.911875,0.919375,0.92125,0.92125,0.9175,0.91825,0.003477606935810901,76
12.314861583709718,0.07374083100854116,0.13490543365478516,0.0032337052945298275,12,sqrt,10,7,500,"{'max_depth': 12, 'max_features': 'sqrt', 'min_samples_leaf': 10, 'min_samples_split': 7, 'n_estimators': 500}",0.913125,0.91875,0.92125,0.92,0.9175,0.918125,0.0027950849718747567,87
18.441236591339113,0.1226684887705413,0.19649128913879393,0.0031673200737226902,12,sqrt,10,7,750,"{'max_depth': 12, 'max_features': 'sqrt', 'min_samples_leaf': 10, 'min_samples_split': 7, 'n_estimators': 750}",0.913125,0.919375,0.9175,0.919375,0.915,0.916875,0.0024685522072664633,192
24.589347457885744,0.1436016382170725,0.25659842491149903,0.0045216034671204915,12,sqrt,10,7,1000,"{'max_depth': 12, 'max_features': 'sqrt', 'min_samples_leaf': 10, 'min_samples_split': 7, 'n_estimators': 1000}",0.911875,0.92,0.92,0.919375,0.915,0.91725,0.003273950213427217,158
6.201684045791626,0.11344666127694636,0.06965031623840331,0.000980231788256831,12,sqrt,10,10,250,"{'max_depth': 12, 'max_features': 'sqrt', 'min_samples_leaf': 10, 'min_samples_split': 10, 'n_estimators': 250}",0.913125,0.918125,0.91875,0.92,0.91625,0.91725,0.0023913908087136366,158
12.32215232849121,0.10148355651403813,0.1370253086090088,0.008237527059508724,12,sqrt,10,10,500,"{'max_depth': 12, 'max_features': 'sqrt', 'min_samples_leaf': 10, 'min_samples_split': 10, 'n_estimators': 500}",0.913125,0.916875,0.920625,0.918125,0.915,0.91675,0.00257390753524676,201
18.70825514793396,0.34296106432373524,0.20418252944946289,0.014098206231628236,12,sqrt,10,10,750,"{'max_depth': 12, 'max_features': 'sqrt', 'min_samples_leaf': 10, 'min_samples_split': 10, 'n_estimators': 750}",0.9125,0.918125,0.91875,0.919375,0.91625,0.917,0.0024811791551599097,185
26.413792514801024,0.26740541643571725,0.26120424270629883,0.004926941596084419,12,sqrt,10,10,1000,"{'max_depth': 12, 'max_features': 'sqrt', 'min_samples_leaf': 10, 'min_samples_split': 10, 'n_estimators': 1000}",0.91125,0.919375,0.91875,0.920625,0.915625,0.917125,0.003368048396326875,169
6.266938209533691,0.12835000922194603,0.07053375244140625,0.0017020380649232724,12,sqrt,10,13,250,"{'max_depth': 12, 'max_features': 'sqrt', 'min_samples_leaf': 10, 'min_samples_split': 13, 'n_estimators': 250}",0.91125,0.919375,0.920625,0.919375,0.9175,0.917625,0.0033400973039718613,128
14.074743032455444,0.08648413357290674,0.13383798599243163,0.0018899119235927734,12,sqrt,10,13,500,"{'max_depth': 12, 'max_features': 'sqrt', 'min_samples_leaf': 10, 'min_samples_split': 13, 'n_estimators': 500}",0.913125,0.920625,0.91875,0.91875,0.916875,0.917625,0.002543373743671987,128
19.110374784469606,0.6358676444382269,0.19875354766845704,0.006666989549586331,12,sqrt,10,13,750,"{'max_depth': 12, 'max_features': 'sqrt', 'min_samples_leaf': 10, 'min_samples_split': 13, 'n_estimators': 750}",0.911875,0.919375,0.92,0.918125,0.915,0.916875,0.003036239450372793,192
24.81004958152771,0.16013938957397256,0.2606493949890137,0.002001289764638,12,sqrt,10,13,1000,"{'max_depth': 12, 'max_features': 'sqrt', 'min_samples_leaf': 10, 'min_samples_split': 13, 'n_estimators': 1000}",0.9125,0.91875,0.91875,0.91875,0.914375,0.916625,0.0026692695630078055,218
6.194018411636352,0.12223649594380204,0.0707010269165039,0.0018559141027995622,12,sqrt,10,16,250,"{'max_depth': 12, 'max_features': 'sqrt', 'min_samples_leaf': 10, 'min_samples_split': 16, 'n_estimators': 250}",0.913125,0.92125,0.918125,0.918125,0.915625,0.91725,0.0027271780286589366,158
12.327430486679077,0.06590398298582523,0.13375248908996581,0.002610528255884361,12,sqrt,10,16,500,"{'max_depth': 12, 'max_features': 'sqrt', 'min_samples_leaf': 10, 'min_samples_split': 16, 'n_estimators': 500}",0.911875,0.91875,0.920625,0.92,0.91625,0.9175,0.003186887195995501,143
18.454097557067872,0.13241411188070576,0.2049262523651123,0.012717046996239783,12,sqrt,10,16,750,"{'max_depth': 12, 'max_features': 'sqrt', 'min_samples_leaf': 10, 'min_samples_split': 16, 'n_estimators': 750}",0.9125,0.9175,0.92125,0.919375,0.915,0.917125,0.0031024184114977265,169
24.6194926738739,0.16391115086738273,0.2635737419128418,0.0008810580779805145,12,sqrt,10,16,1000,"{'max_depth': 12, 'max_features': 'sqrt', 'min_samples_leaf': 10, 'min_samples_split': 16, 'n_estimators': 1000}",0.911875,0.91875,0.920625,0.918125,0.915625,0.917,0.003020761493398643,185
5.9526927947998045,0.06991191664566083,0.06905803680419922,0.0009386665553165778,12,sqrt,13,7,250,"{'max_depth': 12, 'max_features': 'sqrt', 'min_samples_leaf': 13, 'min_samples_split': 7, 'n_estimators': 250}",0.911875,0.918125,0.919375,0.919375,0.915,0.91675,0.0029154759474226658,201
11.955648279190063,0.11479304925881399,0.13216810226440429,0.003569257632491393,12,sqrt,13,7,500,"{'max_depth': 12, 'max_features': 'sqrt', 'min_samples_leaf': 13, 'min_samples_split': 7, 'n_estimators': 500}",0.913125,0.91875,0.92,0.9175,0.914375,0.91675,0.00260408333199996,201
18.276325607299803,0.07245996228369862,0.19471340179443358,0.002613758372632337,12,sqrt,13,7,750,"{'max_depth': 12, 'max_features': 'sqrt', 'min_samples_leaf': 13, 'min_samples_split': 7, 'n_estimators': 750}",0.91125,0.918125,0.919375,0.91875,0.915625,0.916625,0.002973844313342577,218
24.182784175872804,0.24862592830001096,0.25713376998901366,0.0030234475220166073,12,sqrt,13,7,1000,"{'max_depth': 12, 'max_features': 'sqrt', 'min_samples_leaf': 13, 'min_samples_split': 7, 'n_estimators': 1000}",0.911875,0.92,0.91875,0.919375,0.914375,0.916875,0.003186887195995497,192
6.09049801826477,0.1820182757831701,0.06808333396911621,0.0007235538948494756,12,sqrt,13,10,250,"{'max_depth': 12, 'max_features': 'sqrt', 'min_samples_leaf': 13, 'min_samples_split': 10, 'n_estimators': 250}",0.910625,0.9175,0.919375,0.918125,0.915625,0.91625,0.0030618621784789706,242
11.893685388565064,0.11861893216300413,0.1507753849029541,0.015305741061935892,12,sqrt,13,10,500,"{'max_depth': 12, 'max_features': 'sqrt', 'min_samples_leaf': 13, 'min_samples_split': 10, 'n_estimators': 500}",0.911875,0.916875,0.919375,0.92,0.91625,0.916875,0.002877716108305355,192
17.827284002304076,0.1886638930749254,0.19987840652465821,0.01206843286389479,12,sqrt,13,10,750,"{'max_depth': 12, 'max_features': 'sqrt', 'min_samples_leaf': 13, 'min_samples_split': 10, 'n_estimators': 750}",0.91125,0.9175,0.91875,0.9175,0.915625,0.916125,0.00263391343821317,252
23.787095975875854,0.11565181603081687,0.263615083694458,0.0035906160316439206,12,sqrt,13,10,1000,"{'max_depth': 12, 'max_features': 'sqrt', 'min_samples_leaf': 13, 'min_samples_split': 10, 'n_estimators': 1000}",0.911875,0.9175,0.91875,0.919375,0.91375,0.91625,0.0029315098498896566,242
5.953147077560425,0.06254470957192698,0.06808319091796874,0.0005985423587900236,12,sqrt,13,13,250,"{'max_depth': 12, 'max_features': 'sqrt', 'min_samples_leaf': 13, 'min_samples_split': 13, 'n_estimators': 250}",0.91125,0.92,0.919375,0.919375,0.91375,0.91675,0.0035663356544218066,201
11.932584047317505,0.08846713626719817,0.13697943687438965,0.0038776300678094256,12,sqrt,13,13,500,"{'max_depth': 12, 'max_features': 'sqrt', 'min_samples_leaf': 13, 'min_samples_split': 13, 'n_estimators': 500}",0.911875,0.91875,0.91875,0.918125,0.915625,0.916625,0.0026398390102428436,218
17.8872088432312,0.16336262022910694,0.1985701084136963,0.0043714664505313154,12,sqrt,13,13,750,"{'max_depth': 12, 'max_features': 'sqrt', 'min_samples_leaf': 13, 'min_samples_split': 13, 'n_estimators': 750}",0.9125,0.919375,0.92,0.91875,0.915,0.917125,0.0028939592256975693,169
23.816415119171143,0.14393594540839857,0.2570218563079834,0.005408302461652296,12,sqrt,13,13,1000,"{'max_depth': 12, 'max_features': 'sqrt', 'min_samples_leaf': 13, 'min_samples_split': 13, 'n_estimators': 1000}",0.911875,0.9175,0.91875,0.92,0.915,0.916625,0.002893959225697557,218
5.957366228103638,0.06125878639083231,0.07004013061523437,0.0038504274402335675,12,sqrt,13,16,250,"{'max_depth': 12, 'max_features': 'sqrt', 'min_samples_leaf': 13, 'min_samples_split': 16, 'n_estimators': 250}",0.913125,0.918125,0.92,0.920625,0.914375,0.91725,0.0030000000000000118,158
11.988101387023926,0.08857018382574626,0.13030004501342773,0.0010688563845133714,12,sqrt,13,16,500,"{'max_depth': 12, 'max_features': 'sqrt', 'min_samples_leaf': 13, 'min_samples_split': 16, 'n_estimators': 500}",0.911875,0.919375,0.9175,0.918125,0.915625,0.9165,0.002610076627227646,227
17.833278083801268,0.16753562534528202,0.19528918266296386,0.004936328223693601,12,sqrt,13,16,750,"{'max_depth': 12, 'max_features': 'sqrt', 'min_samples_leaf': 13, 'min_samples_split': 16, 'n_estimators': 750}",0.9125,0.918125,0.91875,0.918125,0.91375,0.91625,0.0025920551691659636,242
23.79341540336609,0.1879867641334708,0.2624443531036377,0.010223032967852297,12,sqrt,13,16,1000,"{'max_depth': 12, 'max_features': 'sqrt', 'min_samples_leaf': 13, 'min_samples_split': 16, 'n_estimators': 1000}",0.9125,0.918125,0.91875,0.91875,0.91375,0.916375,0.002692582403567248,237
6.9143226146698,0.048726383607258984,0.07335486412048339,0.002261915038212088,14,sqrt,4,7,250,"{'max_depth': 14, 'max_features': 'sqrt', 'min_samples_leaf': 4, 'min_samples_split': 7, 'n_estimators': 250}",0.914375,0.925,0.923125,0.919375,0.9175,0.919875,0.0038201766974840256,7
13.819746828079223,0.1368763188220767,0.1383121967315674,0.0015761597586152257,14,sqrt,4,7,500,"{'max_depth': 14, 'max_features': 'sqrt', 'min_samples_leaf': 4, 'min_samples_split': 7, 'n_estimators': 500}",0.91625,0.920625,0.9225,0.9225,0.9175,0.919875,0.002573907535246747,7
20.653383588790895,0.15137469304808424,0.20214319229125977,0.0037980252814511783,14,sqrt,4,7,750,"{'max_depth': 14, 'max_features': 'sqrt', 'min_samples_leaf': 4, 'min_samples_split': 7, 'n_estimators': 750}",0.915,0.923125,0.9225,0.921875,0.916875,0.919875,0.0032929849680798555,7
27.54588665962219,0.16585167493124633,0.2725066661834717,0.005435753616978265,14,sqrt,4,7,1000,"{'max_depth': 14, 'max_features': 'sqrt', 'min_samples_leaf': 4, 'min_samples_split': 7, 'n_estimators': 1000}",0.915,0.9225,0.92,0.92125,0.918125,0.919375,0.0026220221204253705,22
6.885388708114624,0.09005496443770357,0.07193150520324706,0.002842508893828035,14,sqrt,4,10,250,"{'max_depth': 14, 'max_features': 'sqrt', 'min_samples_leaf': 4, 'min_samples_split': 10, 'n_estimators': 250}",0.91375,0.92,0.920625,0.920625,0.916875,0.918375,0.002698379143115394,67
13.675357484817505,0.15411611227058364,0.13686013221740723,0.002313468934264417,14,sqrt,4,10,500,"{'max_depth': 14, 'max_features': 'sqrt', 'min_samples_leaf': 4, 'min_samples_split': 10, 'n_estimators': 500}",0.914375,0.921875,0.921875,0.92125,0.920625,0.92,0.002850438562747828,4
20.52010307312012,0.20930150529780545,0.20114693641662598,0.0027722482640972516,14,sqrt,4,10,750,"{'max_depth': 14, 'max_features': 'sqrt', 'min_samples_leaf': 4, 'min_samples_split': 10, 'n_estimators': 750}",0.915,0.92125,0.92,0.91875,0.91875,0.91875,0.002091650066335184,50
27.43969488143921,0.22103409994365522,0.27019100189208983,0.004801303993848621,14,sqrt,4,10,1000,"{'max_depth': 14, 'max_features': 'sqrt', 'min_samples_leaf': 4, 'min_samples_split': 10, 'n_estimators': 1000}",0.914375,0.921875,0.92125,0.920625,0.916875,0.919,0.0028939592256975464,44
6.8786060333251955,0.07897157893194555,0.07194714546203614,0.0012010265854188599,14,sqrt,4,13,250,"{'max_depth': 14, 'max_features': 'sqrt', 'min_samples_leaf': 4, 'min_samples_split': 13, 'n_estimators': 250}",0.915625,0.92125,0.921875,0.919375,0.9175,0.919125,0.0023251344047172835,35
13.665416193008422,0.07395693756089894,0.13653221130371093,0.0031267008779291864,14,sqrt,4,13,500,"{'max_depth': 14, 'max_features': 'sqrt', 'min_samples_leaf': 4, 'min_samples_split': 13, 'n_estimators': 500}",0.911875,0.92,0.920625,0.92,0.918125,0.918125,0.003235544776386213,87
20.77954497337341,0.16327398700424195,0.21139492988586425,0.005925536556638345,14,sqrt,4,13,750,"{'max_depth': 14, 'max_features': 'sqrt', 'min_samples_leaf': 4, 'min_samples_split': 13, 'n_estimators': 750}",0.9125,0.9225,0.923125,0.92,0.915625,0.91875,0.004088856808449029,50
27.827166318893433,0.2477325812967222,0.2724738597869873,0.007123978759320129,14,sqrt,4,13,1000,"{'max_depth': 14, 'max_features': 'sqrt', 'min_samples_leaf': 4, 'min_samples_split': 13, 'n_estimators': 1000}",0.915,0.92125,0.921875,0.92,0.9175,0.919125,0.0025495097567963883,35
6.93909969329834,0.06468587475249785,0.07427039146423339,0.008486062516615439,14,sqrt,4,16,250,"{'max_depth': 14, 'max_features': 'sqrt', 'min_samples_leaf': 4, 'min_samples_split': 16, 'n_estimators': 250}",0.914375,0.91875,0.92,0.92,0.918125,0.91825,0.0020691181696558497,76
13.898959350585937,0.11605604296196988,0.13827867507934571,0.0032264157705669755,14,sqrt,4,16,500,"{'max_depth': 14, 'max_features': 'sqrt', 'min_samples_leaf': 4, 'min_samples_split': 16, 'n_estimators': 500}",0.914375,0.920625,0.920625,0.920625,0.91875,0.919,0.0024238399287081574,44
20.712549781799318,0.1340640759581923,0.20327558517456054,0.004506515246643774,14,sqrt,4,16,750,"{'max_depth': 14, 'max_features': 'sqrt', 'min_samples_leaf': 4, 'min_samples_split': 16, 'n_estimators': 750}",0.914375,0.920625,0.921875,0.92,0.91625,0.918625,0.0028339460121886498,57
27.456260204315186,0.24961382356595097,0.27895050048828124,0.01694169754697899,14,sqrt,4,16,1000,"{'max_depth': 14, 'max_features': 'sqrt', 'min_samples_leaf': 4, 'min_samples_split': 16, 'n_estimators': 1000}",0.914375,0.9225,0.92125,0.919375,0.918125,0.919125,0.0028118054698004834,35
6.607311487197876,0.04857876137414368,0.07102961540222168,0.0013434359304023786,14,sqrt,7,7,250,"{'max_depth': 14, 'max_features': 'sqrt', 'min_samples_leaf': 7, 'min_samples_split': 7, 'n_estimators': 250}",0.9125,0.92,0.92125,0.920625,0.919375,0.91875,0.0031868871959955095,50
12.954253673553467,0.09169680903890597,0.13810534477233888,0.0034812468451894552,14,sqrt,7,7,500,"{'max_depth': 14, 'max_features': 'sqrt', 'min_samples_leaf': 7, 'min_samples_split': 7, 'n_estimators': 500}",0.914375,0.918125,0.921875,0.92,0.9175,0.918375,0.002518680209951227,67
19.48490686416626,0.16924496438219938,0.2039184093475342,0.0010422479286894765,14,sqrt,7,7,750,"{'max_depth': 14, 'max_features': 'sqrt', 'min_samples_leaf': 7, 'min_samples_split': 7, 'n_estimators': 750}",0.91375,0.92,0.92125,0.92,0.91625,0.91825,0.002806243040080483,76
25.88379955291748,0.1992416618626587,0.2742144107818604,0.0030123578730789054,14,sqrt,7,7,1000,"{'max_depth': 14, 'max_features': 'sqrt', 'min_samples_leaf': 7, 'min_samples_split': 7, 'n_estimators': 1000}",0.913125,0.920625,0.92,0.91875,0.9175,0.918,0.002663409469082837,95
6.465771436691284,0.05104677608688138,0.07163491249084472,0.00273679405481572,14,sqrt,7,10,250,"{'max_depth': 14, 'max_features': 'sqrt', 'min_samples_leaf': 7, 'min_samples_split': 10, 'n_estimators': 250}",0.9125,0.919375,0.921875,0.92,0.915625,0.917875,0.003368048396326884,110
12.980920362472535,0.16198528297720202,0.13675980567932128,0.0021632321269526695,14,sqrt,7,10,500,"{'max_depth': 14, 'max_features': 'sqrt', 'min_samples_leaf': 7, 'min_samples_split': 10, 'n_estimators': 500}",0.913125,0.919375,0.920625,0.91875,0.9175,0.917875,0.0025799709300688093,110
19.424244451522828,0.1617210579973564,0.19919633865356445,0.002345768304285981,14,sqrt,7,10,750,"{'max_depth': 14, 'max_features': 'sqrt', 'min_samples_leaf': 7, 'min_samples_split': 10, 'n_estimators': 750}",0.9125,0.92,0.921875,0.919375,0.91625,0.918,0.003292984968079888,95
25.968600034713745,0.23911131089023516,0.2765211582183838,0.014310772097728741,14,sqrt,7,10,1000,"{'max_depth': 14, 'max_features': 'sqrt', 'min_samples_leaf': 7, 'min_samples_split': 10, 'n_estimators': 1000}",0.91375,0.920625,0.919375,0.920625,0.918125,0.9185,0.002549509756796424,64
6.472820806503296,0.07209080245715495,0.07024283409118652,0.001601835073332609,14,sqrt,7,13,250,"{'max_depth': 14, 'max_features': 'sqrt', 'min_samples_leaf': 7, 'min_samples_split': 13, 'n_estimators': 250}",0.915,0.919375,0.92125,0.91875,0.915625,0.918,0.0023518609652783407,95
12.959852981567384,0.14261343995285766,0.13631982803344728,0.00185356496488492,14,sqrt,7,13,500,"{'max_depth': 14, 'max_features': 'sqrt', 'min_samples_leaf': 7, 'min_samples_split': 13, 'n_estimators': 500}",0.9125,0.9225,0.92125,0.918125,0.91875,0.918625,0.003455068740271321,57
19.44298095703125,0.20141745159090424,0.2068544864654541,0.0075962509276371985,14,sqrt,7,13,750,"{'max_depth': 14, 'max_features': 'sqrt', 'min_samples_leaf': 7, 'min_samples_split': 13, 'n_estimators': 750}",0.91375,0.91875,0.92,0.92125,0.91625,0.918,0.0026925824035672727,95
25.839268159866332,0.29456876048079655,0.2644186496734619,0.002724021413083067,14,sqrt,7,13,1000,"{'max_depth': 14, 'max_features': 'sqrt', 'min_samples_leaf': 7, 'min_samples_split': 13, 'n_estimators': 1000}",0.911875,0.918125,0.92,0.920625,0.918125,0.91775,0.0031024184114977265,118
6.46213731765747,0.06986963670894422,0.06997547149658204,0.0019093633060891639,14,sqrt,7,16,250,"{'max_depth': 14, 'max_features': 'sqrt', 'min_samples_leaf': 7, 'min_samples_split': 16, 'n_estimators': 250}",0.911875,0.92125,0.92125,0.919375,0.91625,0.918,0.0035663356544217875,95
12.999999189376831,0.15577424663369802,0.13558392524719237,0.004895144526149635,14,sqrt,7,16,500,"{'max_depth': 14, 'max_features': 'sqrt', 'min_samples_leaf': 7, 'min_samples_split': 16, 'n_estimators': 500}",0.91375,0.92,0.919375,0.920625,0.9175,0.91825,0.0024811791551599353,76
19.40044403076172,0.16129121204279867,0.20048727989196777,0.004147379590249286,14,sqrt,7,16,750,"{'max_depth': 14, 'max_features': 'sqrt', 'min_samples_leaf': 7, 'min_samples_split': 16, 'n_estimators': 750}",0.9125,0.918125,0.92125,0.919375,0.918125,0.917875,0.002920830361386996,110
25.897628116607667,0.22690857369983525,0.2729548454284668,0.006750328557033587,14,sqrt,7,16,1000,"{'max_depth': 14, 'max_features': 'sqrt', 'min_samples_leaf': 7, 'min_samples_split': 16, 'n_estimators': 1000}",0.913125,0.92,0.92125,0.92,0.91625,0.918125,0.003010398644698097,87
6.153669691085815,0.0593149760726182,0.06990175247192383,0.0010034335674434626,14,sqrt,10,7,250,"{'max_depth': 14, 'max_features': 'sqrt', 'min_samples_leaf': 10, 'min_samples_split': 7, 'n_estimators': 250}",0.91375,0.919375,0.920625,0.91875,0.915625,0.917625,0.0025433737436719966,128
12.428650760650635,0.13069368753915434,0.13640093803405762,0.0062895477239442,14,sqrt,10,7,500,"{'max_depth': 14, 'max_features': 'sqrt', 'min_samples_leaf': 10, 'min_samples_split': 7, 'n_estimators': 500}",0.91375,0.918125,0.92,0.92,0.91625,0.917625,0.002384848003542394,128
18.607098245620726,0.13462729372976964,0.19889845848083496,0.0034150088348387526,14,sqrt,10,7,750,"{'max_depth': 14, 'max_features': 'sqrt', 'min_samples_leaf': 10, 'min_samples_split': 7, 'n_estimators': 750}",0.9125,0.91875,0.92,0.91875,0.915,0.917,0.002806243040080456,185
24.79920115470886,0.28249049982288044,0.2666276454925537,0.005706845786579022,14,sqrt,10,7,1000,"{'max_depth': 14, 'max_features': 'sqrt', 'min_samples_leaf': 10, 'min_samples_split': 7, 'n_estimators': 1000}",0.911875,0.9175,0.919375,0.92,0.915,0.91675,0.0029947871376777508,201
6.195471382141113,0.05575011118529386,0.069175386428833,0.00042605549780567185,14,sqrt,10,10,250,"{'max_depth': 14, 'max_features': 'sqrt', 'min_samples_leaf': 10, 'min_samples_split': 10, 'n_estimators': 250}",0.914375,0.918125,0.920625,0.91875,0.915625,0.9175,0.002236067977499773,143
12.38074164390564,0.10286575475903928,0.13702659606933593,0.003258197242190165,14,sqrt,10,10,500,"{'max_depth': 14, 'max_features': 'sqrt', 'min_samples_leaf': 10, 'min_samples_split': 10, 'n_estimators': 500}",0.913125,0.91875,0.92,0.92125,0.915,0.917625,0.0030720514318611373,128
18.646728992462158,0.2177473571180776,0.19817690849304198,0.005052577525354055,14,sqrt,10,10,750,"{'max_depth': 14, 'max_features': 'sqrt', 'min_samples_leaf': 10, 'min_samples_split': 10, 'n_estimators': 750}",0.9125,0.91875,0.92125,0.91875,0.915,0.91725,0.003102418411497711,158
24.818022394180296,0.21686530255171166,0.28174443244934083,0.017870045810763374,14,sqrt,10,10,1000,"{'max_depth': 14, 'max_features': 'sqrt', 'min_samples_leaf': 10, 'min_samples_split': 10, 'n_estimators': 1000}",0.91125,0.918125,0.920625,0.91875,0.915625,0.916875,0.0032355447763861914,192
6.225124454498291,0.03315358523301607,0.06969714164733887,0.0014937943646759527,14,sqrt,10,13,250,"{'max_depth': 14, 'max_features': 'sqrt', 'min_samples_leaf': 10, 'min_samples_split': 13, 'n_estimators': 250}",0.9125,0.919375,0.91875,0.9175,0.915625,0.91675,0.0024811791551599097,201
12.427855920791625,0.12350341637335484,0.1347803592681885,0.002394370196595437,14,sqrt,10,13,500,"{'max_depth': 14, 'max_features': 'sqrt', 'min_samples_leaf': 10, 'min_samples_split': 13, 'n_estimators': 500}",0.91375,0.919375,0.92125,0.916875,0.914375,0.917125,0.002866836235294943,169
18.634065532684325,0.15533723728182,0.19542193412780762,0.0008627782357989136,14,sqrt,10,13,750,"{'max_depth': 14, 'max_features': 'sqrt', 'min_samples_leaf': 10, 'min_samples_split': 13, 'n_estimators': 750}",0.9125,0.920625,0.920625,0.92,0.915,0.91775,0.0033680483963268856,118
24.787473487854005,0.1778544717375698,0.2612123966217041,0.0032108867405719866,14,sqrt,10,13,1000,"{'max_depth': 14, 'max_features': 'sqrt', 'min_samples_leaf': 10, 'min_samples_split': 13, 'n_estimators': 1000}",0.913125,0.920625,0.919375,0.919375,0.91375,0.91725,0.003152380053229663,158
6.22584638595581,0.08049570441659246,0.06974625587463379,0.0011018043035109283,14,sqrt,10,16,250,"{'max_depth': 14, 'max_features': 'sqrt', 'min_samples_leaf': 10, 'min_samples_split': 16, 'n_estimators': 250}",0.911875,0.92,0.91875,0.92,0.91625,0.917375,0.003072051431861139,150
12.396268796920776,0.08240297486098365,0.13354139328002929,0.0018564893642758716,14,sqrt,10,16,500,"{'max_depth': 14, 'max_features': 'sqrt', 'min_samples_leaf': 10, 'min_samples_split': 16, 'n_estimators': 500}",0.91375,0.91875,0.920625,0.919375,0.915625,0.917625,0.0025433737436719966,128
18.615918159484863,0.16772243580016463,0.19877915382385253,0.0050753184221935645,14,sqrt,10,16,750,"{'max_depth': 14, 'max_features': 'sqrt', 'min_samples_leaf': 10, 'min_samples_split': 16, 'n_estimators': 750}",0.913125,0.919375,0.920625,0.918125,0.915625,0.917375,0.002692582403567273,150
24.778033781051636,0.20992359272403724,0.2627841949462891,0.004589788313184343,14,sqrt,10,16,1000,"{'max_depth': 14, 'max_features': 'sqrt', 'min_samples_leaf': 10, 'min_samples_split': 16, 'n_estimators': 1000}",0.9125,0.919375,0.92,0.918125,0.915625,0.917125,0.002755675960631095,169
6.0059037685394285,0.0694870068700236,0.0677422046661377,0.00017052210142954618,14,sqrt,13,7,250,"{'max_depth': 14, 'max_features': 'sqrt', 'min_samples_leaf': 13, 'min_samples_split': 7, 'n_estimators': 250}",0.910625,0.919375,0.919375,0.9175,0.915,0.916375,0.0032929849680798816,237
12.018132638931274,0.1196626400077172,0.13531975746154784,0.005281703266227768,14,sqrt,13,7,500,"{'max_depth': 14, 'max_features': 'sqrt', 'min_samples_leaf': 13, 'min_samples_split': 7, 'n_estimators': 500}",0.9125,0.91875,0.919375,0.91875,0.914375,0.91675,0.002778263846361604,201
17.95315432548523,0.17957571649260784,0.1987208366394043,0.004624053384822912,14,sqrt,13,7,750,"{'max_depth': 14, 'max_features': 'sqrt', 'min_samples_leaf': 13, 'min_samples_split': 7, 'n_estimators': 750}",0.91125,0.9175,0.919375,0.91875,0.915,0.916375,0.002968585521759477,237
23.894709873199464,0.18868230886673987,0.26474900245666505,0.01150368903599634,14,sqrt,13,7,1000,"{'max_depth': 14, 'max_features': 'sqrt', 'min_samples_leaf': 13, 'min_samples_split': 7, 'n_estimators': 1000}",0.9125,0.9175,0.919375,0.918125,0.91375,0.91625,0.0026516504294495755,242
5.962049055099487,0.06883414556517828,0.06973476409912109,0.0014209081518973424,14,sqrt,13,10,250,"{'max_depth': 14, 'max_features': 'sqrt', 'min_samples_leaf': 13, 'min_samples_split': 10, 'n_estimators': 250}",0.911875,0.91875,0.919375,0.920625,0.915,0.917125,0.0032258719751409918,169
12.01218318939209,0.0883644107734182,0.13148646354675292,0.001406664019104763,14,sqrt,13,10,500,"{'max_depth': 14, 'max_features': 'sqrt', 'min_samples_leaf': 13, 'min_samples_split': 10, 'n_estimators': 500}",0.91125,0.919375,0.920625,0.919375,0.915,0.917125,0.00350446144221906,169
18.055585956573488,0.1229902116743571,0.1981271743774414,0.004037820984697749,14,sqrt,13,10,750,"{'max_depth': 14, 'max_features': 'sqrt', 'min_samples_leaf': 13, 'min_samples_split': 10, 'n_estimators': 750}",0.91125,0.91625,0.91875,0.91875,0.91375,0.91575,0.0029154759474226376,256
24.03727607727051,0.20001489350053211,0.26056857109069825,0.0045934794511586835,14,sqrt,13,10,1000,"{'max_depth': 14, 'max_features': 'sqrt', 'min_samples_leaf': 13, 'min_samples_split': 10, 'n_estimators': 1000}",0.9125,0.9175,0.919375,0.9175,0.91375,0.916125,0.002573907535246775,252
6.019141149520874,0.08167885912738007,0.07060379981994629,0.001300384251617747,14,sqrt,13,13,250,"{'max_depth': 14, 'max_features': 'sqrt', 'min_samples_leaf': 13, 'min_samples_split': 13, 'n_estimators': 250}",0.911875,0.91875,0.920625,0.9175,0.916875,0.917125,0.0029208303613869847,169
12.004607009887696,0.06780784371781703,0.13604307174682617,0.002746854597216655,14,sqrt,13,13,500,"{'max_depth': 14, 'max_features': 'sqrt', 'min_samples_leaf': 13, 'min_samples_split': 13, 'n_estimators': 500}",0.91125,0.920625,0.918125,0.919375,0.914375,0.91675,0.003455068740271317,201
18.008419513702393,0.17087218249004746,0.19213452339172363,0.002213225873172474,14,sqrt,13,13,750,"{'max_depth': 14, 'max_features': 'sqrt', 'min_samples_leaf': 13, 'min_samples_split': 13, 'n_estimators': 750}",0.911875,0.918125,0.919375,0.9175,0.914375,0.91625,0.0027386127875258333,242
23.99794840812683,0.2467100809428057,0.25604958534240724,0.001729265225699489,14,sqrt,13,13,1000,"{'max_depth': 14, 'max_features': 'sqrt', 'min_samples_leaf': 13, 'min_samples_split': 13, 'n_estimators': 1000}",0.9125,0.91875,0.92,0.91875,0.915625,0.917125,0.002727178028658932,169
6.011962938308716,0.09570346072889252,0.0687448501586914,0.000784934917553506,14,sqrt,13,16,250,"{'max_depth': 14, 'max_features': 'sqrt', 'min_samples_leaf': 13, 'min_samples_split': 16, 'n_estimators': 250}",0.911875,0.918125,0.91875,0.92,0.915,0.91675,0.0029421505739849535,201
11.9628821849823,0.16288792630612137,0.1426931858062744,0.017695560204002325,14,sqrt,13,16,500,"{'max_depth': 14, 'max_features': 'sqrt', 'min_samples_leaf': 13, 'min_samples_split': 16, 'n_estimators': 500}",0.91125,0.91875,0.920625,0.918125,0.915625,0.916875,0.003235544776386192,192
18.04881281852722,0.22517893794992774,0.19571781158447266,0.0038316380679958894,14,sqrt,13,16,750,"{'max_depth': 14, 'max_features': 'sqrt', 'min_samples_leaf': 13, 'min_samples_split': 16, 'n_estimators': 750}",0.911875,0.9175,0.919375,0.919375,0.915,0.916625,0.002866836235294947,218
23.912626791000367,0.15834607927302216,0.26214261054992677,0.005879558071179245,14,sqrt,13,16,1000,"{'max_depth': 14, 'max_features': 'sqrt', 'min_samples_leaf': 13, 'min_samples_split': 16, 'n_estimators': 1000}",0.9125,0.9175,0.919375,0.919375,0.914375,0.916625,0.002755675960631094,218
6.933301401138306,0.06291781838783558,0.07189478874206542,0.0011788457161585099,16,sqrt,4,7,250,"{'max_depth': 16, 'max_features': 'sqrt', 'min_samples_leaf': 4, 'min_samples_split': 7, 'n_estimators': 250}",0.916875,0.919375,0.9225,0.919375,0.91875,0.919375,0.0018114220932736794,22
13.866059398651123,0.1146445948193048,0.13898348808288574,0.0015540236305579798,16,sqrt,4,7,500,"{'max_depth': 16, 'max_features': 'sqrt', 'min_samples_leaf': 4, 'min_samples_split': 7, 'n_estimators': 500}",0.91625,0.921875,0.920625,0.92125,0.918125,0.919625,0.0021139418156609765,13
20.741256427764892,0.1893979733448459,0.20531058311462402,0.002854020964045176,16,sqrt,4,7,750,"{'max_depth': 16, 'max_features': 'sqrt', 'min_samples_leaf': 4, 'min_samples_split': 7, 'n_estimators': 750}",0.91375,0.9225,0.921875,0.92125,0.916875,0.91925,0.003386554296036032,25
27.675509214401245,0.22626964529254082,0.2736483097076416,0.001839229417049026,16,sqrt,4,7,1000,"{'max_depth': 16, 'max_features': 'sqrt', 'min_samples_leaf': 4, 'min_samples_split': 7, 'n_estimators': 1000}",0.9125,0.920625,0.92,0.92125,0.916875,0.91825,0.003245188746436811,76
6.935296535491943,0.06611470286275554,0.07125487327575683,0.000295523290125314,16,sqrt,4,10,250,"{'max_depth': 16, 'max_features': 'sqrt', 'min_samples_leaf': 4, 'min_samples_split': 10, 'n_estimators': 250}",0.915625,0.92125,0.92,0.9225,0.920625,0.92,0.002338535866733705,4
13.837509775161744,0.12445969620831814,0.13813791275024415,0.0022840304791965247,16,sqrt,4,10,500,"{'max_depth': 16, 'max_features': 'sqrt', 'min_samples_leaf': 4, 'min_samples_split': 10, 'n_estimators': 500}",0.915625,0.919375,0.920625,0.919375,0.91875,0.91875,0.0016770509831248478,50
20.812184953689574,0.23210033202783828,0.20319061279296874,0.0012932701102175781,16,sqrt,4,10,750,"{'max_depth': 16, 'max_features': 'sqrt', 'min_samples_leaf': 4, 'min_samples_split': 10, 'n_estimators': 750}",0.91375,0.921875,0.921875,0.921875,0.916875,0.91925,0.003363406011768444,25
27.558700466156004,0.2546961066360843,0.2716559410095215,0.004455151498289202,16,sqrt,4,10,1000,"{'max_depth': 16, 'max_features': 'sqrt', 'min_samples_leaf': 4, 'min_samples_split': 10, 'n_estimators': 1000}",0.91375,0.92125,0.92,0.921875,0.91875,0.919125,0.00289395922569758,35
6.881996059417725,0.0816152726793557,0.07156352996826172,0.0022447854924591286,16,sqrt,4,13,250,"{'max_depth': 16, 'max_features': 'sqrt', 'min_samples_leaf': 4, 'min_samples_split': 13, 'n_estimators': 250}",0.914375,0.92,0.92,0.92,0.916875,0.91825,0.0022844583603121357,76
13.793091917037964,0.08029616524612547,0.14162473678588866,0.004554129821381531,16,sqrt,4,13,500,"{'max_depth': 16, 'max_features': 'sqrt', 'min_samples_leaf': 4, 'min_samples_split': 13, 'n_estimators': 500}",0.91375,0.9225,0.921875,0.920625,0.91625,0.919,0.003414125070936929,44
20.717072200775146,0.17667991849761047,0.2047299861907959,0.0023295403395535747,16,sqrt,4,13,750,"{'max_depth': 16, 'max_features': 'sqrt', 'min_samples_leaf': 4, 'min_samples_split': 13, 'n_estimators': 750}",0.915,0.92,0.920625,0.92125,0.91875,0.919125,0.002222048604328895,35
27.52476625442505,0.19202044827977313,0.2667111396789551,0.0037829150934448963,16,sqrt,4,13,1000,"{'max_depth': 16, 'max_features': 'sqrt', 'min_samples_leaf': 4, 'min_samples_split': 13, 'n_estimators': 1000}",0.914375,0.920625,0.921875,0.92125,0.9175,0.919125,0.002811805469800488,35
6.864066028594971,0.10165325813944165,0.0724787712097168,0.00040088633191445375,16,sqrt,4,16,250,"{'max_depth': 16, 'max_features': 'sqrt', 'min_samples_leaf': 4, 'min_samples_split': 16, 'n_estimators': 250}",0.913125,0.923125,0.921875,0.9225,0.915625,0.91925,0.004077376607575022,25
13.780700492858887,0.18731993871126074,0.1385887622833252,0.00352358179893925,16,sqrt,4,16,500,"{'max_depth': 16, 'max_features': 'sqrt', 'min_samples_leaf': 4, 'min_samples_split': 16, 'n_estimators': 500}",0.913125,0.92125,0.9225,0.921875,0.9175,0.91925,0.003522250700901356,25
20.68646969795227,0.25667483014743175,0.20198068618774415,0.004512388147969685,16,sqrt,4,16,750,"{'max_depth': 16, 'max_features': 'sqrt', 'min_samples_leaf': 4, 'min_samples_split': 16, 'n_estimators': 750}",0.915625,0.920625,0.92125,0.92125,0.916875,0.919125,0.002391390808713626,35
27.544060134887694,0.1840328450962946,0.26559791564941404,0.002742314490311338,16,sqrt,4,16,1000,"{'max_depth': 16, 'max_features': 'sqrt', 'min_samples_leaf': 4, 'min_samples_split': 16, 'n_estimators': 1000}",0.915625,0.920625,0.9225,0.920625,0.918125,0.9195,0.002384848003542362,18
6.517927789688111,0.08354307927025212,0.070853853225708,0.0014560893797408356,16,sqrt,7,7,250,"{'max_depth': 16, 'max_features': 'sqrt', 'min_samples_leaf': 7, 'min_samples_split': 7, 'n_estimators': 250}",0.913125,0.91875,0.9225,0.916875,0.9175,0.91775,0.0030259296092275552,118
13.02319393157959,0.1441924672260667,0.1370682716369629,0.0026220009586441512,16,sqrt,7,7,500,"{'max_depth': 16, 'max_features': 'sqrt', 'min_samples_leaf': 7, 'min_samples_split': 7, 'n_estimators': 500}",0.913125,0.918125,0.92125,0.918125,0.918125,0.91775,0.002610076627227651,118
19.517982721328735,0.14623939013650095,0.20241522789001465,0.003332150541968902,16,sqrt,7,7,750,"{'max_depth': 16, 'max_features': 'sqrt', 'min_samples_leaf': 7, 'min_samples_split': 7, 'n_estimators': 750}",0.911875,0.919375,0.92,0.92,0.91625,0.9175,0.003137475099502805,143
26.079141855239868,0.3022040156215964,0.27290616035461424,0.00720959293636769,16,sqrt,7,7,1000,"{'max_depth': 16, 'max_features': 'sqrt', 'min_samples_leaf': 7, 'min_samples_split': 7, 'n_estimators': 1000}",0.914375,0.919375,0.92125,0.920625,0.9175,0.918625,0.002481179155159896,57
6.502823114395142,0.05880672524200234,0.07045507431030273,0.001283902532963349,16,sqrt,7,10,250,"{'max_depth': 16, 'max_features': 'sqrt', 'min_samples_leaf': 7, 'min_samples_split': 10, 'n_estimators': 250}",0.913125,0.920625,0.92,0.920625,0.91875,0.918625,0.002833946012188683,57
13.027469682693482,0.11664076508116034,0.13822340965270996,0.00213286827627008,16,sqrt,7,10,500,"{'max_depth': 16, 'max_features': 'sqrt', 'min_samples_leaf': 7, 'min_samples_split': 10, 'n_estimators': 500}",0.913125,0.92,0.919375,0.918125,0.91625,0.917375,0.0024811791551599275,150
19.56824426651001,0.19476439920071115,0.20040502548217773,0.0028305777175158422,16,sqrt,7,10,750,"{'max_depth': 16, 'max_features': 'sqrt', 'min_samples_leaf': 7, 'min_samples_split': 10, 'n_estimators': 750}",0.914375,0.9175,0.92,0.92,0.9175,0.917875,0.00207665596572952,110
26.20239839553833,0.21219247658158677,0.26779375076293943,0.0038227765494071647,16,sqrt,7,10,1000,"{'max_depth': 16, 'max_features': 'sqrt', 'min_samples_leaf': 7, 'min_samples_split': 10, 'n_estimators': 1000}",0.913125,0.920625,0.92125,0.919375,0.916875,0.91825,0.002968585521759503,76
6.502446556091309,0.07049094077580503,0.07155404090881348,0.0006998935273556071,16,sqrt,7,13,250,"{'max_depth': 16, 'max_features': 'sqrt', 'min_samples_leaf': 7, 'min_samples_split': 13, 'n_estimators': 250}",0.91375,0.9175,0.91875,0.921875,0.91625,0.917625,0.0026925824035672614,128
12.980307579040527,0.13981458982307315,0.1397557735443115,0.007357825358523646,16,sqrt,7,13,500,"{'max_depth': 16, 'max_features': 'sqrt', 'min_samples_leaf': 7, 'min_samples_split': 13, 'n_estimators': 500}",0.91375,0.921875,0.920625,0.920625,0.9175,0.918875,0.00294215057398498,48
19.507515096664427,0.24496891286731284,0.2019425392150879,0.0014455581766769515,16,sqrt,7,13,750,"{'max_depth': 16, 'max_features': 'sqrt', 'min_samples_leaf': 7, 'min_samples_split': 13, 'n_estimators': 750}",0.915,0.9225,0.921875,0.92,0.9175,0.919375,0.002795084971874727,22
26.053680086135863,0.305452670149391,0.27360167503356936,0.010516582715203093,16,sqrt,7,13,1000,"{'max_depth': 16, 'max_features': 'sqrt', 'min_samples_leaf': 7, 'min_samples_split': 13, 'n_estimators': 1000}",0.9125,0.92125,0.92125,0.918125,0.9175,0.918125,0.003211308144666296,87
6.529618549346924,0.060866572151569744,0.07019271850585937,0.0005422578577486852,16,sqrt,7,16,250,"{'max_depth': 16, 'max_features': 'sqrt', 'min_samples_leaf': 7, 'min_samples_split': 16, 'n_estimators': 250}",0.9125,0.92,0.919375,0.92125,0.916875,0.918,0.0030973779233409876,95
13.060008764266968,0.10304189966336703,0.13494834899902344,0.0013806850801873708,16,sqrt,7,16,500,"{'max_depth': 16, 'max_features': 'sqrt', 'min_samples_leaf': 7, 'min_samples_split': 16, 'n_estimators': 500}",0.9125,0.923125,0.9175,0.919375,0.9175,0.918,0.0034323825544365,95
19.538881683349608,0.1641499742515838,0.20055775642395018,0.004532924240838231,16,sqrt,7,16,750,"{'max_depth': 16, 'max_features': 'sqrt', 'min_samples_leaf': 7, 'min_samples_split': 16, 'n_estimators': 750}",0.91375,0.9225,0.920625,0.919375,0.915625,0.918375,0.0032258719751409987,67
25.987830066680907,0.22176752809975708,0.26767282485961913,0.006119953259939663,16,sqrt,7,16,1000,"{'max_depth': 16, 'max_features': 'sqrt', 'min_samples_leaf': 7, 'min_samples_split': 16, 'n_estimators': 1000}",0.911875,0.92,0.92,0.92,0.91625,0.917625,0.0032210246816813015,128
6.235638284683228,0.0635570000653138,0.07013463973999023,0.0006699376426106633,16,sqrt,10,7,250,"{'max_depth': 16, 'max_features': 'sqrt', 'min_samples_leaf': 10, 'min_samples_split': 7, 'n_estimators': 250}",0.914375,0.9175,0.92,0.91875,0.91625,0.917375,0.0019525624189766517,150
12.42662615776062,0.08362786241428861,0.13598871231079102,0.002043613753721908,16,sqrt,10,7,500,"{'max_depth': 16, 'max_features': 'sqrt', 'min_samples_leaf': 10, 'min_samples_split': 7, 'n_estimators': 500}",0.913125,0.919375,0.92,0.919375,0.918125,0.918,0.0025124689052802543,95
18.708056449890137,0.1710241846507862,0.20011558532714843,0.006265676396336847,16,sqrt,10,7,750,"{'max_depth': 16, 'max_features': 'sqrt', 'min_samples_leaf': 10, 'min_samples_split': 7, 'n_estimators': 750}",0.913125,0.92,0.92,0.92,0.915,0.917625,0.002968585521759503,128
24.935628604888915,0.196753667098469,0.2639674186706543,0.0033206287381186694,16,sqrt,10,7,1000,"{'max_depth': 16, 'max_features': 'sqrt', 'min_samples_leaf': 10, 'min_samples_split': 7, 'n_estimators': 1000}",0.9125,0.919375,0.920625,0.920625,0.915,0.917625,0.003292984968079889,128
6.321692419052124,0.07786023826200748,0.06851482391357422,0.0011403823479046466,16,sqrt,10,10,250,"{'max_depth': 16, 'max_features': 'sqrt', 'min_samples_leaf': 10, 'min_samples_split': 10, 'n_estimators': 250}",0.911875,0.91875,0.919375,0.92,0.915,0.917,0.003097377923340976,185
12.435435152053833,0.07054987477085721,0.13654146194458008,0.002754283819706749,16,sqrt,10,10,500,"{'max_depth': 16, 'max_features': 'sqrt', 'min_samples_leaf': 10, 'min_samples_split': 10, 'n_estimators': 500}",0.91125,0.9175,0.92125,0.92125,0.915625,0.917375,0.003758324094593229,150
18.653764390945433,0.14107525129001935,0.19967045783996581,0.004074293969075287,16,sqrt,10,10,750,"{'max_depth': 16, 'max_features': 'sqrt', 'min_samples_leaf': 10, 'min_samples_split': 10, 'n_estimators': 750}",0.913125,0.919375,0.920625,0.91875,0.91625,0.917625,0.002663409469082835,128
24.897761011123656,0.20789999830484304,0.2740812301635742,0.015674868596395376,16,sqrt,10,10,1000,"{'max_depth': 16, 'max_features': 'sqrt', 'min_samples_leaf': 10, 'min_samples_split': 10, 'n_estimators': 1000}",0.913125,0.92,0.92,0.91875,0.916875,0.91775,0.00257997093006881,118
6.214371156692505,0.07211306264919143,0.07196359634399414,0.003452709824505857,16,sqrt,10,13,250,"{'max_depth': 16, 'max_features': 'sqrt', 'min_samples_leaf': 10, 'min_samples_split': 13, 'n_estimators': 250}",0.915,0.9175,0.920625,0.918125,0.916875,0.917625,0.0018285923547909715,128
12.451496505737305,0.1128408975944388,0.13851370811462402,0.003210328945570638,16,sqrt,10,13,500,"{'max_depth': 16, 'max_features': 'sqrt', 'min_samples_leaf': 10, 'min_samples_split': 13, 'n_estimators': 500}",0.9125,0.918125,0.92125,0.919375,0.915625,0.917375,0.003046514401738499,150
18.665628242492676,0.16627542034097206,0.19819726943969726,0.002589222948413528,16,sqrt,10,13,750,"{'max_depth': 16, 'max_features': 'sqrt', 'min_samples_leaf': 10, 'min_samples_split': 13, 'n_estimators': 750}",0.913125,0.91875,0.92,0.919375,0.915625,0.917375,0.0026040833319999775,150
24.811252117156982,0.28883657582060795,0.2673513412475586,0.0036062790206265595,16,sqrt,10,13,1000,"{'max_depth': 16, 'max_features': 'sqrt', 'min_samples_leaf': 10, 'min_samples_split': 13, 'n_estimators': 1000}",0.91125,0.91875,0.919375,0.919375,0.916875,0.917125,0.0030771334062728016,169
6.234450197219848,0.11169775644663678,0.07015829086303711,0.0016003712774313092,16,sqrt,10,16,250,"{'max_depth': 16, 'max_features': 'sqrt', 'min_samples_leaf': 10, 'min_samples_split': 16, 'n_estimators': 250}",0.91375,0.920625,0.920625,0.918125,0.915625,0.91775,0.00272717802865895,118
12.474081563949586,0.1257078230956825,0.13347811698913575,0.002197174200334848,16,sqrt,10,16,500,"{'max_depth': 16, 'max_features': 'sqrt', 'min_samples_leaf': 10, 'min_samples_split': 16, 'n_estimators': 500}",0.913125,0.919375,0.92,0.918125,0.916875,0.9175,0.0024366985862022687,143
18.684558200836182,0.22872962525476717,0.1976008415222168,0.0019605915012585323,16,sqrt,10,16,750,"{'max_depth': 16, 'max_features': 'sqrt', 'min_samples_leaf': 10, 'min_samples_split': 16, 'n_estimators': 750}",0.911875,0.919375,0.92,0.918125,0.915,0.916875,0.003036239450372793,192
24.782917070388795,0.25664099764795656,0.26334128379821775,0.005924504702035299,16,sqrt,10,16,1000,"{'max_depth': 16, 'max_features': 'sqrt', 'min_samples_leaf': 10, 'min_samples_split': 16, 'n_estimators': 1000}",0.9125,0.918125,0.919375,0.919375,0.916875,0.91725,0.0025495097567964165,158
5.954782915115357,0.02125047761400759,0.0681905746459961,0.000591998545792319,16,sqrt,13,7,250,"{'max_depth': 16, 'max_features': 'sqrt', 'min_samples_leaf': 13, 'min_samples_split': 7, 'n_estimators': 250}",0.91,0.92125,0.92,0.919375,0.915,0.917125,0.004138236339311712,169
12.014947080612183,0.12136991206461333,0.13243207931518555,0.0022692145731865064,16,sqrt,13,7,500,"{'max_depth': 16, 'max_features': 'sqrt', 'min_samples_leaf': 13, 'min_samples_split': 7, 'n_estimators': 500}",0.913125,0.9175,0.919375,0.91875,0.915,0.91675,0.0023518609652783563,201
17.98512840270996,0.0637156125529697,0.19524497985839845,0.0038617746012549864,16,sqrt,13,7,750,"{'max_depth': 16, 'max_features': 'sqrt', 'min_samples_leaf': 13, 'min_samples_split': 7, 'n_estimators': 750}",0.911875,0.91875,0.91875,0.9175,0.914375,0.91625,0.002709935423584828,242
24.020332956314085,0.27281684196093015,0.27362804412841796,0.030088066345066975,16,sqrt,13,7,1000,"{'max_depth': 16, 'max_features': 'sqrt', 'min_samples_leaf': 13, 'min_samples_split': 7, 'n_estimators': 1000}",0.9125,0.9175,0.919375,0.91875,0.914375,0.9165,0.002639839010242861,227
5.980204296112061,0.07759975129401842,0.06929388046264648,0.003119532176467664,16,sqrt,13,10,250,"{'max_depth': 16, 'max_features': 'sqrt', 'min_samples_leaf': 13, 'min_samples_split': 10, 'n_estimators': 250}",0.911875,0.9175,0.92,0.919375,0.91375,0.9165,0.0031770662567847372,227
12.075160455703735,0.14404894640249938,0.13484721183776854,0.0011889501668570777,16,sqrt,13,10,500,"{'max_depth': 16, 'max_features': 'sqrt', 'min_samples_leaf': 13, 'min_samples_split': 10, 'n_estimators': 500}",0.911875,0.92,0.92,0.916875,0.91375,0.9165,0.0032739502134272263,227
18.057022905349733,0.1666141311669819,0.19613571166992189,0.002849935722474634,16,sqrt,13,10,750,"{'max_depth': 16, 'max_features': 'sqrt', 'min_samples_leaf': 13, 'min_samples_split': 10, 'n_estimators': 750}",0.910625,0.9175,0.919375,0.91875,0.91375,0.916,0.003321332563896609,254
24.0078875541687,0.1432720081281813,0.27189297676086427,0.03414653962127551,16,sqrt,13,10,1000,"{'max_depth': 16, 'max_features': 'sqrt', 'min_samples_leaf': 13, 'min_samples_split': 10, 'n_estimators': 1000}",0.9125,0.919375,0.92,0.91875,0.915,0.917125,0.0028939592256975693,169
6.00372052192688,0.05267642057952614,0.06913943290710449,0.0017308122586283461,16,sqrt,13,13,250,"{'max_depth': 16, 'max_features': 'sqrt', 'min_samples_leaf': 13, 'min_samples_split': 13, 'n_estimators': 250}",0.9125,0.919375,0.919375,0.916875,0.915,0.916625,0.0026398390102428844,218
12.004880571365357,0.02683432962210738,0.13245840072631837,0.0019276452572173901,16,sqrt,13,13,500,"{'max_depth': 16, 'max_features': 'sqrt', 'min_samples_leaf': 13, 'min_samples_split': 13, 'n_estimators': 500}",0.91125,0.918125,0.920625,0.91875,0.915,0.91675,0.003292984968079866,201
17.975315618515015,0.14663804067334135,0.19799480438232422,0.0076319599228415885,16,sqrt,13,13,750,"{'max_depth': 16, 'max_features': 'sqrt', 'min_samples_leaf': 13, 'min_samples_split': 13, 'n_estimators': 750}",0.911875,0.9175,0.919375,0.918125,0.914375,0.91625,0.0027386127875258333,242
23.88182678222656,0.2195230324180422,0.2574488162994385,0.0018008531542087031,16,sqrt,13,13,1000,"{'max_depth': 16, 'max_features': 'sqrt', 'min_samples_leaf': 13, 'min_samples_split': 13, 'n_estimators': 1000}",0.9125,0.918125,0.919375,0.91875,0.915,0.91675,0.00260408333199996,201
6.010296583175659,0.056407653397160126,0.06876487731933593,0.0009125987215229477,16,sqrt,13,16,250,"{'max_depth': 16, 'max_features': 'sqrt', 'min_samples_leaf': 13, 'min_samples_split': 16, 'n_estimators': 250}",0.91375,0.9175,0.919375,0.919375,0.91375,0.91675,0.0025433737436720196,201
12.005056381225586,0.05554919624956578,0.133390474319458,0.0016962277797928232,16,sqrt,13,16,500,"{'max_depth': 16, 'max_features': 'sqrt', 'min_samples_leaf': 13, 'min_samples_split': 16, 'n_estimators': 500}",0.9125,0.91875,0.919375,0.91875,0.915625,0.917,0.0026040833319999606,185
17.90113730430603,0.10917937980114636,0.19278969764709472,0.00041714949735644836,16,sqrt,13,16,750,"{'max_depth': 16, 'max_features': 'sqrt', 'min_samples_leaf': 13, 'min_samples_split': 16, 'n_estimators': 750}",0.91125,0.919375,0.91875,0.91875,0.91375,0.916375,0.003269174207655509,237
23.988370656967163,0.21086663889755133,0.256792688369751,0.004165586781227409,16,sqrt,13,16,1000,"{'max_depth': 16, 'max_features': 'sqrt', 'min_samples_leaf': 13, 'min_samples_split': 16, 'n_estimators': 1000}",0.911875,0.91875,0.919375,0.918125,0.915,0.916625,0.0028118054698004977,218
6.966015911102295,0.056726461430210685,0.07178673744201661,0.0011938986129437978,18,sqrt,4,7,250,"{'max_depth': 18, 'max_features': 'sqrt', 'min_samples_leaf': 4, 'min_samples_split': 7, 'n_estimators': 250}",0.915625,0.923125,0.923125,0.92,0.918125,0.92,0.0029047375096555484,4
13.82632818222046,0.18642494709351934,0.13956279754638673,0.0018374311748413045,18,sqrt,4,7,500,"{'max_depth': 18, 'max_features': 'sqrt', 'min_samples_leaf': 4, 'min_samples_split': 7, 'n_estimators': 500}",0.91625,0.920625,0.921875,0.920625,0.91875,0.919625,0.0019605483926697716,13
20.756343603134155,0.22215323451092497,0.2087371826171875,0.001849496050140723,18,sqrt,4,7,750,"{'max_depth': 18, 'max_features': 'sqrt', 'min_samples_leaf': 4, 'min_samples_split': 7, 'n_estimators': 750}",0.915,0.9225,0.92125,0.924375,0.920625,0.92075,0.0031474195780035164,1
27.69469509124756,0.292212614471685,0.2750396251678467,0.004709527761584287,18,sqrt,4,7,1000,"{'max_depth': 18, 'max_features': 'sqrt', 'min_samples_leaf': 4, 'min_samples_split': 7, 'n_estimators': 1000}",0.91625,0.921875,0.92125,0.921875,0.919375,0.920125,0.0021433035249352754,3
6.8510541915893555,0.10062155863628584,0.07261004447937011,0.0011270317797034996,18,sqrt,4,10,250,"{'max_depth': 18, 'max_features': 'sqrt', 'min_samples_leaf': 4, 'min_samples_split': 10, 'n_estimators': 250}",0.915625,0.92125,0.920625,0.92125,0.9175,0.91925,0.0022844583603121365,25
13.852717781066895,0.18254263802855628,0.13720426559448243,0.0008671619625366399,18,sqrt,4,10,500,"{'max_depth': 18, 'max_features': 'sqrt', 'min_samples_leaf': 4, 'min_samples_split': 10, 'n_estimators': 500}",0.915,0.92125,0.921875,0.921875,0.9175,0.9195,0.002778263846361601,18
20.658445358276367,0.2114587441354522,0.20739984512329102,0.0047331578995519746,18,sqrt,4,10,750,"{'max_depth': 18, 'max_features': 'sqrt', 'min_samples_leaf': 4, 'min_samples_split': 10, 'n_estimators': 750}",0.913125,0.923125,0.92125,0.921875,0.919375,0.91975,0.0035266839949164796,10
27.664814043045045,0.3478920737285768,0.27276978492736814,0.005319352626991156,18,sqrt,4,10,1000,"{'max_depth': 18, 'max_features': 'sqrt', 'min_samples_leaf': 4, 'min_samples_split': 10, 'n_estimators': 1000}",0.915625,0.92125,0.9225,0.92125,0.918125,0.91975,0.0025186802099512323,10
6.845488262176514,0.07869199561440872,0.07201995849609374,0.0009219838826727738,18,sqrt,4,13,250,"{'max_depth': 18, 'max_features': 'sqrt', 'min_samples_leaf': 4, 'min_samples_split': 13, 'n_estimators': 250}",0.913125,0.918125,0.9225,0.92,0.9175,0.91825,0.00309737792334098,76
13.920502948760987,0.16380707308131956,0.13925604820251464,0.002552123151901525,18,sqrt,4,13,500,"{'max_depth': 18, 'max_features': 'sqrt', 'min_samples_leaf': 4, 'min_samples_split': 13, 'n_estimators': 500}",0.915625,0.920625,0.92125,0.9225,0.91875,0.91975,0.0023913908087136206,10
20.700467586517334,0.19892610166250688,0.20472588539123535,0.003249638168400049,18,sqrt,4,13,750,"{'max_depth': 18, 'max_features': 'sqrt', 'min_samples_leaf': 4, 'min_samples_split': 13, 'n_estimators': 750}",0.9125,0.921875,0.921875,0.921875,0.92,0.919625,0.0036357598930622567,13
27.523653650283812,0.24874239943740034,0.2746405124664307,0.006991440587490168,18,sqrt,4,13,1000,"{'max_depth': 18, 'max_features': 'sqrt', 'min_samples_leaf': 4, 'min_samples_split': 13, 'n_estimators': 1000}",0.91375,0.921875,0.92125,0.923125,0.9175,0.9195,0.003432382554436509,18
6.837198781967163,0.06613647545587036,0.07192950248718262,0.0011087226164671331,18,sqrt,4,16,250,"{'max_depth': 18, 'max_features': 'sqrt', 'min_samples_leaf': 4, 'min_samples_split': 16, 'n_estimators': 250}",0.915,0.9225,0.920625,0.920625,0.9175,0.91925,0.0026634094690828076,25
13.749470233917236,0.11758957747497231,0.1392423152923584,0.009019794741221112,18,sqrt,4,16,500,"{'max_depth': 18, 'max_features': 'sqrt', 'min_samples_leaf': 4, 'min_samples_split': 16, 'n_estimators': 500}",0.915625,0.9225,0.92125,0.919375,0.9175,0.91925,0.0024811791551598962,25
20.616278219223023,0.18821759073774852,0.21932525634765626,0.022302805707606316,18,sqrt,4,16,750,"{'max_depth': 18, 'max_features': 'sqrt', 'min_samples_leaf': 4, 'min_samples_split': 16, 'n_estimators': 750}",0.914375,0.9225,0.921875,0.920625,0.91875,0.919625,0.002920830361386965,13
27.595681810379027,0.28984672047307836,0.2778786659240723,0.013490246321182234,18,sqrt,4,16,1000,"{'max_depth': 18, 'max_features': 'sqrt', 'min_samples_leaf': 4, 'min_samples_split': 16, 'n_estimators': 1000}",0.913125,0.920625,0.921875,0.92,0.919375,0.919,0.003051638903933446,44
6.454579925537109,0.08174670542262245,0.071480131149292,0.0020226078727810007,18,sqrt,7,7,250,"{'max_depth': 18, 'max_features': 'sqrt', 'min_samples_leaf': 7, 'min_samples_split': 7, 'n_estimators': 250}",0.9125,0.91875,0.920625,0.919375,0.918125,0.917875,0.002811805469800514,110
13.135058212280274,0.0805755936852592,0.13548755645751953,0.0028261486258014208,18,sqrt,7,7,500,"{'max_depth': 18, 'max_features': 'sqrt', 'min_samples_leaf': 7, 'min_samples_split': 7, 'n_estimators': 500}",0.91375,0.920625,0.92,0.920625,0.916875,0.918375,0.002698379143115394,67
19.57071018218994,0.12805088250487687,0.20153002738952636,0.00322924956189588,18,sqrt,7,7,750,"{'max_depth': 18, 'max_features': 'sqrt', 'min_samples_leaf': 7, 'min_samples_split': 7, 'n_estimators': 750}",0.913125,0.92,0.91875,0.919375,0.916875,0.917625,0.0024811791551599253,128
26.012117004394533,0.2532832176341718,0.2682680130004883,0.0027974333588595794,18,sqrt,7,7,1000,"{'max_depth': 18, 'max_features': 'sqrt', 'min_samples_leaf': 7, 'min_samples_split': 7, 'n_estimators': 1000}",0.915,0.920625,0.919375,0.92,0.915,0.918,0.002481179155159902,95
6.508486080169678,0.06704880246497961,0.07126741409301758,0.0016121855673439304,18,sqrt,7,10,250,"{'max_depth': 18, 'max_features': 'sqrt', 'min_samples_leaf': 7, 'min_samples_split': 10, 'n_estimators': 250}",0.91375,0.918125,0.919375,0.92125,0.916875,0.917875,0.0025186802099512614,110
13.007242774963379,0.11670721322120158,0.13515281677246094,0.002044518802865937,18,sqrt,7,10,500,"{'max_depth': 18, 'max_features': 'sqrt', 'min_samples_leaf': 7, 'min_samples_split': 10, 'n_estimators': 500}",0.913125,0.919375,0.92,0.919375,0.918125,0.918,0.0025124689052802543,95
19.462211275100707,0.1312843067508335,0.1993122100830078,0.0012360062028314279,18,sqrt,7,10,750,"{'max_depth': 18, 'max_features': 'sqrt', 'min_samples_leaf': 7, 'min_samples_split': 10, 'n_estimators': 750}",0.913125,0.920625,0.92,0.92,0.918125,0.918375,0.0027556759606311033,67
25.902485036849974,0.21405069608730234,0.2732863426208496,0.0014491148550285816,18,sqrt,7,10,1000,"{'max_depth': 18, 'max_features': 'sqrt', 'min_samples_leaf': 7, 'min_samples_split': 10, 'n_estimators': 1000}",0.913125,0.920625,0.920625,0.919375,0.916875,0.918125,0.002850438562747872,87
6.527726554870606,0.07431434862065901,0.07073373794555664,0.0011763819458827617,18,sqrt,7,13,250,"{'max_depth': 18, 'max_features': 'sqrt', 'min_samples_leaf': 7, 'min_samples_split': 13, 'n_estimators': 250}",0.915625,0.92125,0.92,0.923125,0.9175,0.9195,0.0026634094690828067,18
12.97442536354065,0.1404138222397026,0.13469276428222657,0.0009564669561806368,18,sqrt,7,13,500,"{'max_depth': 18, 'max_features': 'sqrt', 'min_samples_leaf': 7, 'min_samples_split': 13, 'n_estimators': 500}",0.914375,0.920625,0.920625,0.91875,0.9175,0.918375,0.002325134404717278,67
19.478828954696656,0.2063833901620416,0.20031347274780273,0.0024726231483186527,18,sqrt,7,13,750,"{'max_depth': 18, 'max_features': 'sqrt', 'min_samples_leaf': 7, 'min_samples_split': 13, 'n_estimators': 750}",0.915625,0.92,0.92125,0.92,0.91625,0.918625,0.002250000000000005,57
25.9783887386322,0.2431473136460511,0.2643573760986328,0.0039985893114750926,18,sqrt,7,13,1000,"{'max_depth': 18, 'max_features': 'sqrt', 'min_samples_leaf': 7, 'min_samples_split': 13, 'n_estimators': 1000}",0.91375,0.919375,0.920625,0.920625,0.91625,0.918125,0.002709935423584879,87
6.459540557861328,0.07235698323898535,0.0705604076385498,0.002135573510710155,18,sqrt,7,16,250,"{'max_depth': 18, 'max_features': 'sqrt', 'min_samples_leaf': 7, 'min_samples_split': 16, 'n_estimators': 250}",0.915,0.918125,0.920625,0.92,0.915,0.91775,0.0023913908087136206,118
12.98033037185669,0.139443830487578,0.1502377986907959,0.01269474668385295,18,sqrt,7,16,500,"{'max_depth': 18, 'max_features': 'sqrt', 'min_samples_leaf': 7, 'min_samples_split': 16, 'n_estimators': 500}",0.91375,0.9175,0.920625,0.92,0.916875,0.91775,0.002455860338048593,118
19.74096074104309,0.22376144432508427,0.21016221046447753,0.005444864731394864,18,sqrt,7,16,750,"{'max_depth': 18, 'max_features': 'sqrt', 'min_samples_leaf': 7, 'min_samples_split': 16, 'n_estimators': 750}",0.91375,0.9175,0.920625,0.920625,0.9175,0.918,0.0025433737436720044,95
27.559702157974243,0.46165016499485184,0.34456558227539064,0.03342902990481938,18,sqrt,7,16,1000,"{'max_depth': 18, 'max_features': 'sqrt', 'min_samples_leaf': 7, 'min_samples_split': 16, 'n_estimators': 1000}",0.91375,0.919375,0.92125,0.920625,0.91625,0.91825,0.002833946012188684,76
6.393611764907837,0.12998797690352032,0.07462506294250489,0.007544716979275957,18,sqrt,10,7,250,"{'max_depth': 18, 'max_features': 'sqrt', 'min_samples_leaf': 10, 'min_samples_split': 7, 'n_estimators': 250}",0.9125,0.919375,0.919375,0.919375,0.91375,0.916875,0.003087272258807159,192
13.618803358078003,0.37620684455143766,0.16751642227172853,0.014804884535134986,18,sqrt,10,7,500,"{'max_depth': 18, 'max_features': 'sqrt', 'min_samples_leaf': 10, 'min_samples_split': 7, 'n_estimators': 500}",0.9125,0.918125,0.92125,0.918125,0.915625,0.917125,0.0029208303613869847,169
21.809799242019654,0.12578656144626066,0.22068524360656738,0.014157897696937052,18,sqrt,10,7,750,"{'max_depth': 18, 'max_features': 'sqrt', 'min_samples_leaf': 10, 'min_samples_split': 7, 'n_estimators': 750}",0.91125,0.918125,0.92,0.92,0.91625,0.917125,0.0032500000000000103,169
28.845976686477663,0.23091608472794456,0.2946424961090088,0.02016614108086387,18,sqrt,10,7,1000,"{'max_depth': 18, 'max_features': 'sqrt', 'min_samples_leaf': 10, 'min_samples_split': 7, 'n_estimators': 1000}",0.9125,0.920625,0.92125,0.919375,0.915625,0.917875,0.003321332563896622,110
7.382717418670654,0.23633396320873082,0.07960200309753418,0.005777674412847068,18,sqrt,10,10,250,"{'max_depth': 18, 'max_features': 'sqrt', 'min_samples_leaf': 10, 'min_samples_split': 10, 'n_estimators': 250}",0.913125,0.916875,0.92,0.920625,0.91625,0.917375,0.00272144263213468,150
14.070048141479493,0.1273800498634903,0.14326534271240235,0.0037433579775141314,18,sqrt,10,10,500,"{'max_depth': 18, 'max_features': 'sqrt', 'min_samples_leaf': 10, 'min_samples_split': 10, 'n_estimators': 500}",0.913125,0.91875,0.920625,0.919375,0.91625,0.917625,0.002663409469082835,128
20.170660638809203,0.472038597201091,0.2021026134490967,0.0035877464977851262,18,sqrt,10,10,750,"{'max_depth': 18, 'max_features': 'sqrt', 'min_samples_leaf': 10, 'min_samples_split': 10, 'n_estimators': 750}",0.91125,0.919375,0.92,0.919375,0.915,0.917,0.003386554296036033,185
25.82261457443237,0.10529570615509516,0.27852702140808105,0.02069223375549054,18,sqrt,10,10,1000,"{'max_depth': 18, 'max_features': 'sqrt', 'min_samples_leaf': 10, 'min_samples_split': 10, 'n_estimators': 1000}",0.9125,0.91875,0.9175,0.92,0.91625,0.917,0.00257390753524676,185
6.53099365234375,0.37862728255600864,0.07047553062438965,0.003253306069049238,18,sqrt,10,13,250,"{'max_depth': 18, 'max_features': 'sqrt', 'min_samples_leaf': 10, 'min_samples_split': 13, 'n_estimators': 250}",0.9125,0.918125,0.919375,0.91875,0.916875,0.917125,0.002455860338048572,169
12.472415828704834,0.1370721051338309,0.13573832511901857,0.0014175141554402435,18,sqrt,10,13,500,"{'max_depth': 18, 'max_features': 'sqrt', 'min_samples_leaf': 10, 'min_samples_split': 13, 'n_estimators': 500}",0.911875,0.9175,0.92,0.92,0.915,0.916875,0.003112474899497197,192
18.74731864929199,0.11175109667287922,0.19805302619934081,0.0027243596336451567,18,sqrt,10,13,750,"{'max_depth': 18, 'max_features': 'sqrt', 'min_samples_leaf': 10, 'min_samples_split': 13, 'n_estimators': 750}",0.91125,0.919375,0.92,0.919375,0.91625,0.91725,0.003273950213427217,158
24.922846937179564,0.1697886732420319,0.2696853160858154,0.002790585694385858,18,sqrt,10,13,1000,"{'max_depth': 18, 'max_features': 'sqrt', 'min_samples_leaf': 10, 'min_samples_split': 13, 'n_estimators': 1000}",0.913125,0.91875,0.91875,0.919375,0.9175,0.9175,0.0022707377655731315,143
6.229821729660034,0.05846797693684337,0.06941213607788085,0.0011388283850410422,18,sqrt,10,16,250,"{'max_depth': 18, 'max_features': 'sqrt', 'min_samples_leaf': 10, 'min_samples_split': 16, 'n_estimators': 250}",0.91375,0.92,0.918125,0.916875,0.914375,0.916625,0.0023251344047172944,218
12.438940143585205,0.11813640926618986,0.13250260353088378,0.002317208460176209,18,sqrt,10,16,500,"{'max_depth': 18, 'max_features': 'sqrt', 'min_samples_leaf': 10, 'min_samples_split': 16, 'n_estimators': 500}",0.913125,0.92,0.92,0.92,0.91625,0.917875,0.0027838821814150402,110
18.726556158065797,0.18326599871762775,0.19636526107788085,0.002631851490471926,18,sqrt,10,16,750,"{'max_depth': 18, 'max_features': 'sqrt', 'min_samples_leaf': 10, 'min_samples_split': 16, 'n_estimators': 750}",0.91375,0.91875,0.92125,0.919375,0.916875,0.918,0.002543373743671999,95
24.934105014801027,0.20591912899999848,0.25889124870300295,0.0017653625250670486,18,sqrt,10,16,1000,"{'max_depth': 18, 'max_features': 'sqrt', 'min_samples_leaf': 10, 'min_samples_split': 16, 'n_estimators': 1000}",0.911875,0.92,0.92,0.91875,0.915625,0.91725,0.0031274990007992116,158
6.158355283737182,0.07136672022074057,0.06986303329467773,0.0027683175626834157,18,sqrt,13,7,250,"{'max_depth': 18, 'max_features': 'sqrt', 'min_samples_leaf': 13, 'min_samples_split': 7, 'n_estimators': 250}",0.91125,0.92,0.92,0.9175,0.915,0.91675,0.00331662479035541,201
11.95775580406189,0.08983318373778065,0.13473129272460938,0.002911163308868811,18,sqrt,13,7,500,"{'max_depth': 18, 'max_features': 'sqrt', 'min_samples_leaf': 13, 'min_samples_split': 7, 'n_estimators': 500}",0.9125,0.919375,0.919375,0.919375,0.913125,0.91675,0.0032210246816813215,201
18.037540769577028,0.15500818479026088,0.1994938373565674,0.0069463339581819425,18,sqrt,13,7,750,"{'max_depth': 18, 'max_features': 'sqrt', 'min_samples_leaf': 13, 'min_samples_split': 7, 'n_estimators': 750}",0.91125,0.91875,0.919375,0.91875,0.914375,0.9165,0.0031770662567846978,227
24.051510286331176,0.26738368278184993,0.26247992515563967,0.004344695659899642,18,sqrt,13,7,1000,"{'max_depth': 18, 'max_features': 'sqrt', 'min_samples_leaf': 13, 'min_samples_split': 7, 'n_estimators': 1000}",0.91125,0.9175,0.91875,0.919375,0.914375,0.91625,0.0030362394503727743,242
6.000990772247315,0.03497315508708276,0.07061271667480469,0.004966030127937252,18,sqrt,13,10,250,"{'max_depth': 18, 'max_features': 'sqrt', 'min_samples_leaf': 13, 'min_samples_split': 10, 'n_estimators': 250}",0.91125,0.920625,0.92,0.91875,0.915625,0.91725,0.003459588125774516,158
12.083303785324096,0.10290077253686052,0.13353219032287597,0.0028286351860946405,18,sqrt,13,10,500,"{'max_depth': 18, 'max_features': 'sqrt', 'min_samples_leaf': 13, 'min_samples_split': 10, 'n_estimators': 500}",0.911875,0.918125,0.92,0.91875,0.91375,0.9165,0.0031274990007992116,227
17.985145616531373,0.15554752614176878,0.19854493141174318,0.004174876466800314,18,sqrt,13,10,750,"{'max_depth': 18, 'max_features': 'sqrt', 'min_samples_leaf': 13, 'min_samples_split': 10, 'n_estimators': 750}",0.9125,0.916875,0.919375,0.92,0.91375,0.9165,0.0029738443133426142,227
24.075780200958253,0.1384063144649406,0.2623319149017334,0.0024392592565551873,18,sqrt,13,10,1000,"{'max_depth': 18, 'max_features': 'sqrt', 'min_samples_leaf': 13, 'min_samples_split': 10, 'n_estimators': 1000}",0.91125,0.918125,0.91875,0.91875,0.914375,0.91625,0.002984334096578304,242
5.991270542144775,0.050495885679665446,0.06903724670410157,0.001935927605728987,18,sqrt,13,13,250,"{'max_depth': 18, 'max_features': 'sqrt', 'min_samples_leaf': 13, 'min_samples_split': 13, 'n_estimators': 250}",0.9125,0.91875,0.91875,0.915625,0.914375,0.916,0.0024558603380485417,254
12.117841386795044,0.05404153212968832,0.1302645683288574,0.001001253342832609,18,sqrt,13,13,500,"{'max_depth': 18, 'max_features': 'sqrt', 'min_samples_leaf': 13, 'min_samples_split': 13, 'n_estimators': 500}",0.9125,0.918125,0.919375,0.919375,0.914375,0.91675,0.0028062430400804714,201
18.103775358200075,0.12242258423884937,0.2038780689239502,0.012002477860125683,18,sqrt,13,13,750,"{'max_depth': 18, 'max_features': 'sqrt', 'min_samples_leaf': 13, 'min_samples_split': 13, 'n_estimators': 750}",0.9125,0.918125,0.919375,0.91875,0.913125,0.916375,0.0029421505739849686,237
24.344858169555664,0.15499626368099959,0.27435965538024903,0.0071329019453846895,18,sqrt,13,13,1000,"{'max_depth': 18, 'max_features': 'sqrt', 'min_samples_leaf': 13, 'min_samples_split': 13, 'n_estimators': 1000}",0.91125,0.9175,0.92,0.91875,0.915,0.9165,0.003102418411497711,227
5.982486295700073,0.052577703862378665,0.0713930606842041,0.0036618505339242706,18,sqrt,13,16,250,"{'max_depth': 18, 'max_features': 'sqrt', 'min_samples_leaf': 13, 'min_samples_split': 16, 'n_estimators': 250}",0.91125,0.916875,0.920625,0.92,0.915,0.91675,0.003432382554436504,201
12.41172022819519,0.17395118629502423,0.13362903594970704,0.0057241570182376775,18,sqrt,13,16,500,"{'max_depth': 18, 'max_features': 'sqrt', 'min_samples_leaf': 13, 'min_samples_split': 16, 'n_estimators': 500}",0.911875,0.918125,0.919375,0.918125,0.915,0.9165,0.002727178028658932,227
16.73952169418335,0.8912058981777026,0.16229968070983886,0.023058763415559715,18,sqrt,13,16,750,"{'max_depth': 18, 'max_features': 'sqrt', 'min_samples_leaf': 13, 'min_samples_split': 16, 'n_estimators': 750}",0.91125,0.91875,0.919375,0.91875,0.913125,0.91625,0.003377314021526576,242
19.12665228843689,0.2794017384610294,0.15878081321716309,0.004280215295435293,18,sqrt,13,16,1000,"{'max_depth': 18, 'max_features': 'sqrt', 'min_samples_leaf': 13, 'min_samples_split': 16, 'n_estimators': 1000}",0.9125,0.91875,0.918125,0.918125,0.915,0.9165,0.00239139080871361,227
