0,1,2,3,4,5,6,7,8,9,10,11,12,13,14,15,16,17,18,19,20,21,22,23,24,25,26,27,28,29,30
2.468001127243042,3.0106189250946045,3.546517491340637,2.9449390172958374,3.6340794563293457,3.6405504941940308,6.063328981399536,4.913372039794922,5.57579493522644,2.98328697681427,2.686544418334961,3.4959527254104614,3.496829032897949,3.6853429079055786,4.121474981307983,3.9203497171401978,7.516055583953857,6.303342342376709,4.493675231933594,5.198071479797363,5.421020030975342,,,,,,,,,,
3.4748531579971313,5.402044057846069,3.7104246616363525,2.451385736465454,2.1555436849594116,2.9455790519714355,4.171585440635681,2.4964804649353027,2.9528011083602905,2.3371829986572266,2.9535045623779297,3.828346371650696,3.2821584939956665,4.0771777629852295,3.141547203063965,3.406693458557129,4.833932638168335,4.616099119186401,4.487973690032959,4.146607160568237,5.217486143112183,,,,,,,,,,
2.966083526611328,2.4021522998809814,2.0768908262252808,2.858080267906189,6.388040065765381,4.482955694198608,3.9704771041870117,5.9232847690582275,4.046882390975952,3.0953458547592163,3.656794548034668,3.2561475038528442,3.0398850440979004,4.270442485809326,5.153780221939087,3.843283534049988,,,,,,,,,,,,,,,
3.096728801727295,2.402055263519287,1.9822355508804321,2.573761463165283,2.939641833305359,2.7090659141540527,2.055842876434326,2.7113648653030396,5.514228582382202,3.655610203742981,7.424787282943726,3.862121105194092,3.6556133031845093,3.1639108657836914,4.404318809509277,6.371933698654175,3.4702095985412598,5.2692999839782715,,,,,,,,,,,,,
3.0398850440979004,2.2447985410690308,2.108873963356018,2.467651128768921,2.493784546852112,2.4374618530273438,2.3212562799453735,2.794469714164734,5.927735328674316,5.347750663757324,5.863659143447876,3.175766110420227,3.3104097843170166,3.7176939249038696,6.361275672912598,3.9552388191223145,,,,,,,,,,,,,,,
3.4766370058059692,5.63627815246582,3.825545907020569,2.5818830728530884,2.7423897981643677,3.0241669416427612,3.7406338453292847,3.1122525930404663,2.6703739166259766,2.1691129207611084,2.530222773551941,2.4372211694717407,2.467651128768921,3.0708975791931152,3.9091577529907227,4.567327260971069,5.371470212936401,3.82813823223114,4.791626691818237,8.118562698364258,4.030012130737305,,,,,,,,,,
2.5477304458618164,2.3844048976898193,1.9462634921073914,2.9094735383987427,2.6502519845962524,3.028391480445862,2.9394627809524536,3.152594208717346,2.81434965133667,5.5668370723724365,3.8071330785751343,3.5916248559951782,4.397669076919556,3.8859723806381226,5.392762660980225,8.006857633590698,5.8058271408081055,,,,,,,,,,,,,,
2.569319725036621,2.3736653327941895,1.9822355508804321,2.967016816139221,3.528415322303772,5.783697605133057,5.685251951217651,4.419398069381714,3.750247001647949,3.300804853439331,3.0680042505264282,2.4458072185516357,3.4526416063308716,3.034867763519287,4.80896520614624,4.066196441650391,6.8231446743011475,5.020249605178833,4.821688175201416,,,,,,,,,,,,
2.2385759353637695,3.1175085306167603,2.1312596797943115,3.003006100654602,2.3115073442459106,2.5476378202438354,3.052685856819153,3.1778476238250732,3.903576135635376,5.7890894412994385,2.8989819288253784,4.581427097320557,3.5626983642578125,3.95802640914917,4.3656017780303955,3.8133989572525024,3.7333678007125854,6.780450105667114,4.8185389041900635,4.810997009277344,,,,,,,,,,,
2.48799729347229,2.2077839374542236,3.072921872138977,3.0320950746536255,2.9425872564315796,3.307627320289612,3.852731466293335,2.796861171722412,6.152371644973755,4.491994619369507,4.868510961532593,4.178708076477051,6.41714882850647,4.59542179107666,2.886117935180664,3.6584266424179077,3.802133083343506,5.359339714050293,4.320986747741699,,,,,,,,,,,,
3.2630313634872437,3.329452157020569,1.9462634921073914,2.6931028366088867,2.4044642448425293,3.802394151687622,2.964262843132019,5.781383991241455,4.138788223266602,4.332160949707031,3.520921230316162,4.1878502368927,4.327936410903931,6.067885875701904,6.55755090713501,3.6264939308166504,3.2748197317123413,3.7022597789764404,3.8721898794174194,3.4368937015533447,3.5855244398117065,5.385787725448608,,,,,,,,,
3.072494387626648,2.381696343421936,2.0607340335845947,2.113550305366516,2.8707737922668457,2.698222041130066,4.039019346237183,4.844895362854004,4.3707499504089355,3.298442840576172,3.514133095741272,3.296338200569153,6.524946212768555,5.666376829147339,4.109896421432495,4.5928614139556885,5.459465742111206,,,,,,,,,,,,,,
5.859837532043457,5.50019907951355,3.095416784286499,2.3397462368011475,1.9776777029037476,1.9881506562232971,2.2753504514694214,2.2329277992248535,2.940680146217346,3.01236891746521,2.768766403198242,2.820497751235962,2.3767037391662598,4.027134537696838,4.986936092376709,4.636301755905151,3.7364180088043213,4.362111330032349,3.768921971321106,3.485602617263794,4.684377908706665,4.399545669555664,4.022719144821167,3.5017369985580444,3.798871874809265,,,,,,
4.473921537399292,5.514752149581909,5.9426186084747314,2.9662595987319946,2.3385778665542603,2.4078327417373657,2.260603427886963,5.04181694984436,4.628769874572754,5.891558408737183,5.097113370895386,4.088944673538208,5.493239879608154,3.5623936653137207,4.86482310295105,3.481118083000183,4.373259544372559,,,,,,,,,,,,,,
3.1534998416900635,2.3918720483779907,2.9425199031829834,2.560992956161499,3.0526230335235596,3.1373536586761475,4.189495801925659,6.456722974777222,4.096502304077148,3.6833770275115967,3.2708758115768433,4.590557336807251,4.423673391342163,5.229580402374268,2.0603652000427246,2.559843420982361,3.2207775115966797,3.5969619750976562,5.892312526702881,2.9717425107955933,3.058368444442749,3.395437717437744,3.4771112203598022,3.2825950384140015,5.6837382316589355,,,,,,
3.250240445137024,3.183056354522705,2.4524720907211304,2.3343225717544556,2.960506796836853,2.741927981376648,2.8054388761520386,2.559831738471985,2.2385759353637695,2.402803659439087,4.093957185745239,3.3835558891296387,3.6417163610458374,4.028607368469238,6.384844541549683,5.531031370162964,4.750411510467529,4.042747497558594,3.8193519115448,5.3647966384887695,4.298450946807861,3.938367247581482,9.025422096252441,,,,,,,,
3.0476537942886353,2.74297297000885,3.017884373664856,2.45004141330719,1.9761625528335571,2.8636655807495117,7.3758015632629395,4.11642861366272,5.92744517326355,4.7130279541015625,5.668389320373535,4.445001602172852,3.853033661842346,4.719963550567627,3.8752245903015137,3.131506562232971,6.419136047363281,4.468851327896118,3.878394365310669,4.275454521179199,4.857941627502441,,,,,,,,,,
2.9662595987319946,2.865201950073242,2.3816717863082886,2.246724009513855,3.612163543701172,4.82929253578186,4.983812093734741,5.891558408737183,6.412855863571167,3.9804197549819946,8.266151428222656,5.934718608856201,3.7866578102111816,3.5757120847702026,3.191048502922058,4.062098503112793,,,,,,,,,,,,,,,
3.0985013246536255,2.841291069984436,2.209260940551758,1.9462634921073914,2.64947772026062,2.2520049810409546,3.214453935623169,3.1835919618606567,3.759108543395996,3.390034556388855,3.125699043273926,4.778481721878052,3.75900936126709,3.5445785522460938,6.395015478134155,6.103964805603027,5.962547540664673,4.169241189956665,5.528506755828857,4.295809984207153,,,,,,,,,,,
2.4808168411254883,3.5322967767715454,2.8511394262313843,2.2873464822769165,3.008584499359131,2.7332992553710938,3.4217586517333984,3.3199713230133057,2.706995725631714,6.141528606414795,4.3703601360321045,3.2035269737243652,4.637115001678467,3.9421297311782837,5.501744270324707,,,,,,,,,,,,,,,,
2.8648855686187744,8.926369190216064,4.82165002822876,3.447692036628723,5.501861572265625,4.219707369804382,5.34669828414917,2.8586620092391968,2.5991153717041016,3.22502863407135,2.214809775352478,3.8500560522079468,4.510200262069702,2.6900702714920044,3.0405858755111694,3.6389405727386475,2.763883352279663,3.0818511247634888,,,,,,,,,,,,,
2.2346032857894897,2.4808168411254883,2.9228347539901733,2.5343682765960693,3.5700050592422485,3.596044659614563,2.9160865545272827,5.699435472488403,4.0190534591674805,4.560661554336548,3.4876930713653564,2.8524484634399414,3.649320125579834,4.8626110553741455,6.007534980773926,4.549131155014038,,,,,,,,,,,,,,,
2.3866220712661743,2.964027523994446,2.7806063890457153,2.9687564373016357,2.2684541940689087,2.0759209394454956,5.898457288742065,4.8896803855896,3.9462486505508423,2.5130478143692017,4.599215269088745,6.395015478134155,3.065118908882141,3.833762764930725,4.516117334365845,3.500144124031067,5.26390814781189,3.737581729888916,4.1754584312438965,,,,,,,,,,,,
2.320913791656494,1.9710585474967957,2.8530843257904053,3.0724531412124634,2.3585723638534546,3.491439700126648,3.0502253770828247,2.5024116039276123,3.0696941614151,3.752518653869629,3.2768322229385376,5.70072340965271,3.755977988243103,3.7201517820358276,3.070029139518738,4.244022607803345,5.8675501346588135,8.29601502418518,5.173126935958862,4.69584846496582,,,,,,,,,,,
2.209260940551758,3.9794853925704956,2.9822388887405396,5.229088544845581,6.103964805603027,4.8470470905303955,3.7810654640197754,5.254430055618286,3.5391547679901123,4.7407262325286865,3.814640164375305,3.0517115592956543,3.7382150888442993,3.3539916276931763,3.5297553539276123,3.7777565717697144,2.664367437362671,2.4382978677749634,6.376638412475586,,,,,,,,,,,,
4.099524021148682,2.9857959747314453,2.369346022605896,2.2342934608459473,2.968298077583313,2.5722405910491943,4.318337440490723,3.0947614908218384,3.0462347269058228,3.2355653047561646,3.001456141471863,2.850227952003479,3.2000935077667236,3.9573692083358765,4.500906229019165,4.788124084472656,5.3616251945495605,5.759818077087402,,,,,,,,,,,,,
3.0476537942886353,2.2108402252197266,2.472743272781372,2.7336515188217163,4.0085285902023315,4.029268503189087,3.662076473236084,3.750519275665283,3.5228829383850098,5.798161268234253,6.996992588043213,3.810857892036438,3.8510284423828125,5.637680768966675,5.854110240936279,4.043596506118774,,,,,,,,,,,,,,,
2.9684337377548218,2.503152012825012,2.7686898708343506,2.4713621139526367,2.1335535049438477,2.59705126285553,2.6512086391448975,2.2858814001083374,2.444729447364807,4.132682800292969,4.387187719345093,5.354886293411255,3.544447422027588,4.808146953582764,4.277315139770508,4.381196737289429,4.800994157791138,4.409785747528076,4.082262277603149,,,,,,,,,,,,
3.096458315849304,2.381696343421936,2.556073784828186,2.9369436502456665,2.4152125120162964,2.8959577083587646,2.7592285871505737,4.836810827255249,3.6425832509994507,3.340527296066284,4.1457390785217285,3.303324818611145,4.182035446166992,3.429289221763611,5.632805347442627,,,,,,,,,,,,,,,,
2.468001127243042,2.423295736312866,2.0784010887145996,2.5396721363067627,2.8560866117477417,3.0575685501098633,3.8867692947387695,3.6562176942825317,5.738387584686279,4.76624870300293,3.1057971715927124,2.965868353843689,4.964470148086548,4.403139114379883,3.1571680307388306,5.860574722290039,4.050493001937866,,,,,,,,,,,,,,
3.2576674222946167,5.81348180770874,3.557920455932617,4.467479944229126,4.784574031829834,4.459896564483643,3.9421297311782837,2.497714042663574,2.520233988761902,2.3865346908569336,2.009213924407959,2.7963651418685913,2.448433041572571,5.237022876739502,3.271740674972534,3.1426922082901,3.6993112564086914,4.771694183349609,5.7620320320129395,3.100501298904419,6.02991795539856,3.8729329109191895,4.816724538803101,,,,,,,,
2.4081642627716064,2.620132803916931,3.279166102409363,2.446671485900879,3.1335132122039795,3.166513681411743,5.979031085968018,3.844738006591797,3.813227415084839,5.013062000274658,3.6411627531051636,4.840868949890137,4.08055853843689,3.5410465002059937,4.602933406829834,4.198823690414429,5.510990619659424,,,,,,,,,,,,,,
2.8559142351150513,2.356664299964905,1.9776777029037476,2.2560681104660034,3.5332309007644653,2.7809529304504395,3.385916590690613,2.9412591457366943,2.9031323194503784,2.6754566431045532,4.850323438644409,3.9978201389312744,3.9221112728118896,7.137617826461792,6.051948547363281,5.4497458934783936,4.517292022705078,3.8066911697387695,2.8218406438827515,5.2248382568359375,4.69584846496582,3.8764238357543945,5.213979005813599,4.778481721878052,3.4387401342391968,,,,,,
2.9679614305496216,2.1689380407333374,1.9776777029037476,2.452604055404663,2.4686336517333984,2.694706916809082,2.6484925746917725,2.5830079317092896,2.6856985092163086,2.3767037391662598,2.8228402137756348,5.0793962478637695,3.9490933418273926,3.2831279039382935,4.422961235046387,3.8859589099884033,6.3197922706604,4.81722092628479,3.078429698944092,3.8560001850128174,4.492425203323364,4.624587774276733,3.1427536010742188,,,,,,,,
3.0410176515579224,2.4949322938919067,1.9462634921073914,2.514216423034668,2.647740960121155,2.3367840051651,2.5471800565719604,3.0068559646606445,5.79840350151062,3.998149037361145,3.8679611682891846,3.7752106189727783,4.901761293411255,4.659134864807129,4.492378234863281,3.9500513076782227,,,,,,,,,,,,,,,
2.987852454185486,2.961961269378662,2.7740155458450317,2.3397462368011475,2.524783492088318,2.9099618196487427,3.4955142736434937,4.322997331619263,5.6398820877075195,4.634861946105957,5.416949033737183,5.38420033454895,4.007341146469116,3.9402761459350586,5.100644588470459,3.4200958013534546,5.803449630737305,4.724517583847046,4.07334566116333,4.738519906997681,3.8472880125045776,3.4975409507751465,3.929063558578491,,,,,,,,
2.567653179168701,2.9491735696792603,3.9427542686462402,3.196563482284546,7.2487616539001465,4.185084342956543,5.047826528549194,2.601195454597473,3.063071131706238,2.733649253845215,3.1529083251953125,4.949956893920898,3.664793014526367,3.887887477874756,2.65108323097229,3.001603364944458,5.764907360076904,4.765846014022827,,,,,,,,,,,,,
3.008062958717346,2.209260940551758,2.5810117721557617,2.4699817895889282,2.9006242752075195,6.1184680461883545,3.693987488746643,4.089648008346558,3.4048242568969727,3.577072501182556,3.3544209003448486,3.1651514768600464,3.5985922813415527,3.2263429164886475,5.308203458786011,3.315054178237915,5.903234243392944,3.8923792839050293,3.1248226165771484,2.850227952003479,2.854726195335388,2.3689074516296387,2.9329447746276855,3.9392552375793457,4.737122297286987,4.633852481842041,4.690138578414917,4.0702773332595825,5.994604587554932,,
3.5525872707366943,2.850079894065857,2.376116633415222,2.271135091781616,1.9966062307357788,2.7228575944900513,2.9953696727752686,2.7691186666488647,2.923335313796997,2.3276644945144653,3.1174739599227905,4.442004680633545,3.1315001249313354,5.515843868255615,3.739815354347229,4.670850515365601,4.73015570640564,4.001309752464294,4.765846014022827,,,,,,,,,,,,
3.0708975791931152,2.4946876764297485,2.133223295211792,1.9761625528335571,2.847179889678955,3.9031227827072144,3.4755464792251587,4.7765867710113525,3.664473295211792,3.5113229751586914,3.307702898979187,4.153765439987183,3.640116810798645,4.953990936279297,3.761271834373474,5.798161268234253,4.154650449752808,4.843440294265747,5.381009101867676,,,,,,,,,,,,
3.0476537942886353,2.2680904865264893,2.98688280582428,2.3405447006225586,2.7635427713394165,7.105718374252319,5.4801411628723145,3.6693918704986572,4.233689308166504,6.226170778274536,4.7913079261779785,3.486653447151184,3.318086862564087,3.9483402967453003,4.4880311489105225,5.507472991943359,5.204499006271362,,,,,,,,,,,,,,
2.4819862842559814,2.3053869009017944,2.086019515991211,2.323790192604065,3.1021764278411865,2.949599027633667,4.218390226364136,3.366513967514038,4.137131929397583,3.558719754219055,4.97200083732605,4.800932168960571,4.052863836288452,3.5103811025619507,3.746834397315979,4.121593475341797,2.84489107131958,5.367035388946533,5.9110801219940186,,,,,,,,,,,,
3.039519786834717,2.1691129207611084,2.367156744003296,2.6895763874053955,2.9767415523529053,2.69179904460907,2.068898320198059,4.5799760818481445,4.8204498291015625,3.4392733573913574,6.017924785614014,4.386717081069946,6.6660990715026855,7.231755495071411,,,,,,,,,,,,,,,,,
2.3396934270858765,2.510369062423706,2.4144424200057983,2.681672215461731,3.165817379951477,2.843462824821472,3.9736207723617554,3.775596261024475,2.9455790519714355,2.6501039266586304,3.646983027458191,3.427313804626465,5.842413902282715,8.35907530784607,4.083492279052734,4.694432258605957,4.243697166442871,5.513460636138916,3.8200193643569946,4.511775016784668,5.229001045227051,4.624363660812378,6.430375337600708,4.057120084762573,7.583609580993652,,,,,,
1.940044343471527,2.83104145526886,2.9097598791122437,2.7245227098464966,2.8381431102752686,2.3051557540893555,3.365122675895691,4.953401327133179,3.1967917680740356,6.9846601486206055,4.3437793254852295,2.856143832206726,4.569195985794067,4.684290885925293,4.405724287033081,,,,,,,,,,,,,,,,
2.875082492828369,2.1910593509674072,2.2180792093276978,2.794469714164734,3.2951879501342773,4.0904176235198975,3.879117012023926,7.46454381942749,2.9032641649246216,7.463493347167969,3.86151921749115,2.9321179389953613,2.3981348276138306,3.0218207836151123,3.8313419818878174,2.903221607208252,5.965893268585205,5.154784917831421,5.508556604385376,5.1093902587890625,5.40447473526001,5.301787376403809,8.824343204498291,4.813695907592773,,,,,,,
3.126168131828308,3.317999005317688,3.8613628149032593,3.7960931062698364,7.091193199157715,4.631194591522217,4.612962245941162,4.862211465835571,3.8966504335403442,5.006653070449829,2.8352949619293213,4.6413352489471436,3.300349235534668,3.515498995780945,2.6814398765563965,2.9573296308517456,3.8533103466033936,3.2847418785095215,3.2276850938796997,3.986579656600952,3.2170886993408203,2.8500449657440186,2.3065993785858154,2.1216901540756226,2.3709765672683716,3.8900201320648193,,,,,
2.342931866645813,2.1381582021713257,3.6580331325531006,2.5611491203308105,3.2401864528656006,2.8613990545272827,2.3193010091781616,2.870443820953369,3.4092013835906982,2.966889977455139,3.835039973258972,3.183056354522705,6.78898811340332,4.541672706604004,8.187088012695312,3.994221568107605,3.1704916954040527,3.104491353034973,2.720391631126404,2.407927989959717,5.798608779907227,4.916335105895996,4.510326862335205,3.4649736881256104,4.725907325744629,4.816725254058838,4.7787933349609375,,,,
3.5732693672180176,2.209260940551758,2.6159307956695557,2.9590842723846436,3.1042462587356567,2.9600472450256348,2.1666982173919678,3.0572417974472046,3.4456340074539185,5.096144199371338,4.009664535522461,2.883089542388916,7.969022274017334,,,,,,,,,,,,,,,,,,
3.886963725090027,3.1706231832504272,5.507472991943359,4.118492841720581,6.482227563858032,3.0495039224624634,2.4935004711151123,1.9311294555664062,4.7223711013793945,3.5794715881347656,3.945086359977722,3.4443359375,3.068139910697937,4.485551118850708,3.6097850799560547,,,,,,,,,,,,,,,,
3.095416784286499,2.8797510862350464,2.8520665168762207,2.3378628492355347,4.12541389465332,3.519203305244446,3.5187541246414185,6.528212547302246,3.8778878450393677,3.552071452140808,4.723612308502197,5.676884889602661,4.07344126701355,3.461383104324341,,,,,,,,,,,,,,,,,
2.9662595987319946,2.0793431997299194,2.5636401176452637,2.7020612955093384,2.9337152242660522,2.477143168449402,3.848118782043457,3.112300157546997,4.398818492889404,3.499207854270935,5.6375508308410645,5.101452112197876,4.83439826965332,3.7691502571105957,3.8493239879608154,3.088998317718506,5.711954116821289,4.618584156036377,,,,,,,,,,,,,
3.0041662454605103,2.2648457288742065,2.341190457344055,5.792866468429565,3.6543914079666138,2.819387197494507,3.129296660423279,2.8501698970794678,3.1664979457855225,4.5557050704956055,4.683273077011108,7.434905052185059,6.786243677139282,3.6722826957702637,4.818785667419434,3.5130419731140137,,,,,,,,,,,,,,,
4.0047290325164795,3.8904021978378296,2.8384556770324707,3.2601780891418457,2.7445963621139526,4.830594778060913,5.7952189445495605,2.139036536216736,2.712954044342041,2.3995397090911865,3.9525116682052612,5.5054285526275635,4.8220133781433105,2.909098505973816,3.5008842945098877,3.986738443374634,5.762682199478149,4.051934242248535,4.473866939544678,,,,,,,,,,,,
3.774791955947876,7.099248170852661,6.43584132194519,6.063380718231201,4.842615604400635,5.627233982086182,2.9686590433120728,2.50800621509552,5.320610761642456,4.701972961425781,3.3253848552703857,3.6691668033599854,3.383527159690857,2.9029401540756226,2.534705638885498,3.81295645236969,3.6967129707336426,3.181455969810486,2.9600189924240112,4.964082479476929,4.215768575668335,4.530985355377197,,,,,,,,,
3.0507471561431885,2.574296236038208,2.210902452468872,2.1903834342956543,2.66980242729187,5.879140138626099,4.181761026382446,4.886836767196655,3.8122549057006836,3.886963725090027,3.8957431316375732,3.615360975265503,3.1578404903411865,5.328584671020508,3.8257864713668823,4.770800352096558,5.153780221939087,4.064908742904663,,,,,,,,,,,,,
3.0978602170944214,2.9188541173934937,2.750133752822876,2.4044837951660156,2.533573865890503,2.475241184234619,2.8798727989196777,4.4392523765563965,7.320001602172852,5.044022083282471,4.055471658706665,3.420762538909912,3.769807457923889,4.932109832763672,5.411389589309692,5.301180124282837,,,,,,,,,,,,,,,
3.0057071447372437,2.3546102046966553,2.366987109184265,2.7310049533843994,2.1708565950393677,2.66845965385437,2.878713011741638,2.6824713945388794,3.473739743232727,5.163533687591553,4.106200456619263,4.738519906997681,5.70439338684082,3.4386707544326782,7.680107831954956,4.934700965881348,3.6425890922546387,4.030957460403442,,,,,,,,,,,,,
3.0832492113113403,2.1703630685806274,2.8060778379440308,2.845297694206238,2.481895923614502,4.76137375831604,4.267826080322266,3.850560784339905,5.7188026905059814,4.722152471542358,3.8160706758499146,3.8523223400115967,3.799875855445862,6.4759392738342285,5.770217657089233,,,,,,,,,,,,,,,,
2.209260940551758,2.956175208091736,3.0228044986724854,3.0926212072372437,3.081776738166809,2.6949177980422974,2.2476961612701416,2.2868210077285767,2.497252345085144,2.799159526824951,3.134030342102051,6.685498476028442,4.4471375942230225,4.827529668807983,3.2156723737716675,2.9554407596588135,4.006953001022339,4.65706205368042,5.098370790481567,2.975088596343994,3.4776899814605713,3.0526230335235596,3.409875273704529,9.070992469787598,6.9921534061431885,5.531031370162964,,,,,
5.950196266174316,8.122773170471191,2.6745434999465942,2.968507409095764,2.218038320541382,2.8488552570343018,2.568821430206299,5.386834144592285,3.853540062904358,4.907347917556763,2.697615385055542,2.6900702714920044,4.96807074546814,3.2535446882247925,4.785043478012085,3.7681905031204224,,,,,,,,,,,,,,,
3.030764102935791,2.234853982925415,2.651702880859375,2.851755142211914,2.4742270708084106,2.419301986694336,2.702996850013733,2.7100828886032104,2.6704115867614746,2.4361276626586914,2.893755793571472,3.676286220550537,3.398889899253845,4.591729402542114,5.930178642272949,4.104447364807129,3.3503788709640503,3.7511508464813232,5.013062000274658,4.392303228378296,3.2987323999404907,5.416949033737183,3.260380268096924,3.7251124382019043,4.551946401596069,4.790351629257202,3.309296488761902,,,,
3.1299418210983276,2.4052326679229736,2.0476632118225098,2.6416465044021606,2.9767764806747437,3.0345664024353027,2.841099977493286,3.865646004676819,3.7368485927581787,5.4136576652526855,3.6717939376831055,3.7594974040985107,3.8861547708511353,5.897239923477173,6.372061729431152,5.502967596054077,4.561272621154785,3.886963725090027,5.46444296836853,,,,,,,,,,,,
3.4772924184799194,2.967413544654846,6.72365927696228,3.899535894393921,3.9171053171157837,4.842181444168091,5.237022876739502,3.2268471717834473,2.3989628553390503,2.7635527849197388,2.1692087650299072,2.268290162086487,2.6722058057785034,3.5313538312911987,3.4020997285842896,3.0189080238342285,3.709286689758301,2.752995014190674,3.808322310447693,5.302608013153076,4.0280983448028564,5.651508808135986,,,,,,,,,
3.8697274923324585,3.1193383932113647,3.752534866333008,5.79840350151062,6.868481397628784,5.209392070770264,4.7367939949035645,3.921284317970276,5.538352727890015,4.9253199100494385,4.308964729309082,4.4392523765563965,3.5206410884857178,2.338040351867676,2.106856942176819,2.4237780570983887,3.042646288871765,3.924385905265808,5.27216100692749,4.87405252456665,3.28007435798645,3.065063953399658,4.420093297958374,3.5119398832321167,,,,,,,
3.662190079689026,2.7438206672668457,5.751359939575195,8.53482961654663,2.966230630874634,2.491907000541687,2.2825347185134888,3.178504467010498,4.808149099349976,4.069607734680176,3.467361092567444,3.7545493841171265,3.3675005435943604,3.393408417701721,4.718402624130249,3.920459747314453,4.8896803855896,5.055149078369141,,,,,,,,,,,,,
3.0472795963287354,2.8026516437530518,2.4752784967422485,2.0548752546310425,2.34343683719635,2.4856274127960205,2.1902965307235718,2.2585939168930054,2.8473212718963623,5.234503984451294,4.637115001678467,3.5523974895477295,3.9177528619766235,3.5223922729492188,4.017144560813904,5.2824811935424805,4.819787502288818,4.0828187465667725,,,,,,,,,,,,,
3.195073366165161,2.234853982925415,2.524783492088318,2.9177581071853638,2.82115375995636,2.6695812940597534,2.9876630306243896,3.1195998191833496,2.842737913131714,4.436563730239868,5.206530332565308,4.215768575668335,5.266871452331543,3.7297455072402954,3.7866439819335938,5.9608166217803955,4.560661554336548,5.999797582626343,4.471677780151367,4.651594877243042,,,,,,,,,,,
2.494225263595581,2.3419241905212402,3.6565253734588623,3.1450695991516113,2.389131188392639,2.955265522003174,2.8566397428512573,3.6961041688919067,2.2959545850753784,2.9899203777313232,3.2810028791427612,4.7994771003723145,4.835369348526001,3.2529722452163696,5.869297981262207,5.268988370895386,6.107391119003296,4.111263394355774,3.8370697498321533,4.508479356765747,,,,,,,,,,,
2.4720869064331055,3.0916483402252197,2.856983780860901,3.2453705072402954,3.521606922149658,4.847148656845093,3.4928104877471924,3.107368230819702,7.0613603591918945,5.623129606246948,4.8483827114105225,3.0568500757217407,4.07081937789917,2.6121381521224976,3.895527720451355,3.0205748081207275,3.4253000020980835,,,,,,,,,,,,,,
5.910946607589722,2.254289388656616,2.695381999015808,1.9288302659988403,2.6212000846862793,2.8895974159240723,2.7168720960617065,3.51414692401886,3.1923760175704956,5.062450170516968,3.938027858734131,4.4992406368255615,,,,,,,,,,,,,,,,,,,
2.9648357629776,2.476447582244873,2.2442129850387573,2.788724660873413,2.650946617126465,5.516976594924927,6.385921478271484,4.484647512435913,6.605181694030762,5.479549407958984,4.271681547164917,3.664625406265259,3.027850031852722,5.452833890914917,4.7531232833862305,4.458388090133667,,,,,,,,,,,,,,,
2.9866201877593994,3.2221516370773315,3.4849815368652344,2.861127018928528,2.0803364515304565,2.2165157794952393,2.87499737739563,3.4581305980682373,3.466364860534668,5.81348180770874,2.7405821084976196,3.8466310501098633,3.1328519582748413,4.190982103347778,4.521104574203491,2.842010498046875,6.149226188659668,5.3357014656066895,5.803124189376831,,,,,,,,,,,,
3.3766196966171265,2.9671542644500732,2.6714024543762207,2.865389347076416,2.3849560022354126,2.859423518180847,3.6738030910491943,3.4289941787719727,4.260824203491211,3.869554042816162,3.0612813234329224,3.264384150505066,5.414867877960205,3.5496238470077515,2.8788650035858154,4.548818349838257,,,,,,,,,,,,,,,
3.7312707901000977,3.3249897956848145,2.3053869009017944,3.2600666284561157,2.972464442253113,2.3297927379608154,5.483546495437622,4.488769054412842,3.95173180103302,3.5344239473342896,2.338313937187195,2.1633256673812866,2.4474542140960693,2.5844924449920654,3.9505436420440674,2.7812329530715942,3.5629985332489014,2.847179889678955,3.6305664777755737,5.80517578125,6.194626808166504,6.365339756011963,,,,,,,,,
3.492260456085205,3.8537344932556152,2.545981287956238,2.1528619527816772,1.9497568011283875,3.1508634090423584,3.963770270347595,5.798161268234253,3.683123826980591,9.529785633087158,3.5136983394622803,5.198121547698975,4.11948823928833,3.1214929819107056,5.964641571044922,5.594258546829224,,,,,,,,,,,,,,,
3.216697096824646,2.8168320655822754,2.255738854408264,3.0071667432785034,2.0590323209762573,2.2635462284088135,2.6167993545532227,2.5586488246917725,2.3261826038360596,3.1048868894577026,2.5852277278900146,4.817107677459717,4.1361188888549805,3.806182026863098,3.9654189348220825,6.693095445632935,5.480656385421753,,,,,,,,,,,,,,
5.229955434799194,5.799142122268677,3.111074447631836,2.2089831829071045,2.491907000541687,3.054557204246521,2.8648266792297363,2.4938321113586426,2.724202871322632,4.0837931632995605,3.684896469116211,3.6231125593185425,4.618579626083374,6.686690330505371,4.566673755645752,5.770217657089233,7.017959833145142,5.5226380825042725,,,,,,,,,,,,,
3.8712363243103027,3.2635653018951416,5.283226728439331,5.501744270324707,5.8879382610321045,5.711214780807495,2.9066431522369385,2.2743529081344604,1.9431847929954529,2.4516669511795044,3.4419164657592773,3.0096856355667114,3.1178895235061646,3.655580759048462,3.718681216239929,6.747048854827881,,,,,,,,,,,,,,,
2.967934250831604,2.4953421354293823,2.403090476989746,2.368512988090515,4.18103551864624,4.311583757400513,9.396535873413086,5.4792799949646,4.378633260726929,5.578392505645752,4.708713054656982,5.821706295013428,4.394629716873169,3.6853525638580322,5.646151542663574,8.769938468933105,5.678409814834595,,,,,,,,,,,,,,
2.986627459526062,7.020615339279175,3.938384771347046,2.858196496963501,5.422712802886963,4.8990797996521,2.061374068260193,2.5040313005447388,2.2172117233276367,2.486399292945862,3.360280752182007,5.28635311126709,4.401855945587158,3.199284076690674,2.6900702714920044,5.256071090698242,,,,,,,,,,,,,,,
3.0495039224624634,2.2108402252197266,2.377211570739746,2.67205011844635,2.5512747764587402,6.771878957748413,4.8693225383758545,3.8846335411071777,6.545232057571411,3.9865076541900635,3.2716569900512695,4.668708562850952,5.574070930480957,3.858056902885437,4.5139336585998535,4.781873941421509,4.635961055755615,5.2161705493927,7.294693470001221,,,,,,,,,,,,
3.1511266231536865,4.7439048290252686,2.5606769323349,2.8985193967819214,2.969636082649231,2.667413830757141,3.583233952522278,3.122669219970703,2.3983943462371826,3.9409555196762085,2.9994776248931885,2.8586620092391968,3.020207643508911,3.8605711460113525,3.392600893974304,5.264625787734985,4.371552467346191,5.447445392608643,5.171050786972046,4.6783905029296875,,,,,,,,,,,
3.45013689994812,5.952434539794922,2.919647455215454,6.693095445632935,6.605181694030762,5.422712802886963,3.096037983894348,2.1500332355499268,2.078572392463684,2.536339044570923,2.4000388383865356,4.233432054519653,3.8163710832595825,3.608638882637024,4.004607200622559,3.5128841400146484,4.470275402069092,,,,,,,,,,,,,,
2.3430455923080444,2.083498477935791,2.6071085929870605,2.5825788974761963,3.1492738723754883,4.273411750793457,5.713525056838989,3.8571360111236572,3.232770562171936,5.603511810302734,3.1313170194625854,2.719707727432251,4.544813871383667,4.663990020751953,3.0998181104660034,3.9129170179367065,3.204902768135071,3.5571449995040894,4.845755100250244,5.3818840980529785,,,,,,,,,,,
2.9662595987319946,2.1084847450256348,2.384498357772827,2.402586817741394,2.629368782043457,2.9327770471572876,5.383113622665405,4.813695907592773,3.992981791496277,3.870948076248169,4.3117101192474365,7.214214563369751,4.728652238845825,4.004778861999512,3.906519055366516,3.833762764930725,4.565502882003784,4.081670522689819,,,,,,,,,,,,,
3.004246950149536,2.1692087650299072,2.4735487699508667,2.5562609434127808,2.7756333351135254,3.7752845287323,3.6581026315689087,3.1889379024505615,8.53482961654663,5.28513765335083,5.798161268234253,4.7786853313446045,4.701461553573608,4.810219049453735,9.158545970916748,3.799553871154785,5.587051868438721,5.181145668029785,3.1044530868530273,4.159487009048462,3.966758131980896,3.2112659215927124,,,,,,,,,
2.9682393074035645,2.3767037391662598,1.975406527519226,3.7779393196105957,5.257858514785767,3.7374850511550903,4.2734339237213135,2.850558876991272,3.4210349321365356,8.680750370025635,4.091698169708252,5.6714630126953125,4.665517568588257,4.249653100967407,5.593061923980713,,,,,,,,,,,,,,,,
3.056090831756592,2.8485941886901855,2.709030508995056,5.689996004104614,3.5243555307388306,3.7752845287323,5.533346176147461,3.970081329345703,4.423752784729004,3.5568753480911255,4.3029749393463135,5.267334699630737,3.5164833068847656,,,,,,,,,,,,,,,,,,
2.9662595987319946,2.3389925956726074,2.4504172801971436,2.782154679298401,2.286700963973999,2.7410064935684204,2.4524641036987305,5.903365612030029,4.310837507247925,7.379682540893555,5.319465637207031,3.8370697498321533,3.2957907915115356,3.024025559425354,3.737211227416992,3.700714588165283,5.016920328140259,6.7388763427734375,,,,,,,,,,,,,
6.1387999057769775,3.9490933418273926,6.414071321487427,3.2810028791427612,5.381009101867676,3.0971693992614746,2.931042432785034,2.510369062423706,2.3389596939086914,1.9359204769134521,2.502646803855896,2.1865800619125366,3.193263292312622,5.549511432647705,4.951137542724609,4.424069404602051,3.56285297870636,2.8475871086120605,4.402999639511108,5.342857122421265,3.180175304412842,,,,,,,,,,
2.976684093475342,2.2753504514694214,2.2960420846939087,2.9694855213165283,2.703278660774231,2.4805548191070557,3.4839510917663574,2.990945816040039,3.020359516143799,6.855861663818359,7.05484938621521,3.6023162603378296,5.100542306900024,4.825038433074951,4.0722315311431885,4.523043632507324,3.703794836997986,4.907086133956909,6.356267690658569,4.2003138065338135,,,,,,,,,,,
3.980061650276184,6.1308534145355225,2.9214041233062744,2.356664299964905,2.015736758708954,2.361056923866272,2.749600648880005,3.0766955614089966,6.821059942245483,3.3152968883514404,2.669791102409363,3.5137195587158203,5.410157680511475,3.781975746154785,3.8897064924240112,2.9337152242660522,5.57156229019165,4.438955307006836,,,,,,,,,,,,,
2.9663660526275635,2.1514132022857666,2.919061779975891,2.068159818649292,2.9808307886123657,2.1948834657669067,3.865929126739502,5.114311695098877,5.606330394744873,3.402411937713623,3.088831067085266,2.176425576210022,3.494349718093872,3.418529510498047,6.360076904296875,6.372061729431152,4.483730316162109,5.727736949920654,3.8456987142562866,4.378232717514038,3.703168749809265,6.025604724884033,3.9422008991241455,4.358243465423584,,,,,,,
2.391387939453125,2.2753372192382812,2.0784010887145996,2.3955302238464355,2.9449390172958374,3.581150531768799,4.893377304077148,3.2005234956741333,3.8370697498321533,4.132581949234009,3.631493926048279,2.8512104749679565,3.9348167181015015,4.039775133132935,4.321741819381714,3.388901114463806,5.7966554164886475,6.34944748878479,,,,,,,,,,,,,
2.356664299964905,2.5586488246917725,3.1614757776260376,3.495314598083496,3.302193284034729,3.269871473312378,5.235659122467041,3.2892898321151733,2.8375271558761597,3.42511522769928,3.334396243095398,3.943456768989563,3.028550148010254,2.8340001106262207,2.9707043170928955,3.1801817417144775,2.6021310091018677,3.1788381338119507,6.666439771652222,5.837418079376221,4.9898786544799805,4.535611629486084,5.890557289123535,4.321999788284302,,,,,,,
3.100982904434204,2.0767799615859985,2.5557960271835327,2.672117233276367,2.546919584274292,2.614218831062317,2.9032641649246216,2.7191282510757446,5.946677207946777,4.446390390396118,3.8731391429901123,3.236939311027527,6.3740317821502686,3.2191312313079834,4.248713731765747,4.532870531082153,4.441125154495239,5.173126935958862,4.163930416107178,4.7972376346588135,3.9505436420440674,4.8740949630737305,7.177253484725952,,,,,,,,
2.4961715936660767,2.2764909267425537,2.4170050621032715,2.4045753479003906,3.159751772880554,3.8760287761688232,5.522765159606934,4.770746946334839,2.699079394340515,4.8510353565216064,3.939945340156555,4.64477276802063,3.536507487297058,5.354886293411255,4.52843451499939,3.9500513076782227,5.262787103652954,5.375589370727539,5.8058271408081055,,,,,,,,,,,,
2.060583710670471,2.7520045042037964,2.295591354370117,3.4929481744766235,2.9667625427246094,2.6693668365478516,2.947705030441284,4.303325891494751,8.108874320983887,5.367380619049072,3.2512367963790894,3.1212810277938843,5.270066976547241,3.589886426925659,3.71418559551239,4.754064083099365,4.789193153381348,3.7458003759384155,,,,,,,,,,,,,
3.004206657409668,2.702541708946228,2.834172248840332,2.2089831829071045,1.9737845659255981,2.0545527935028076,4.8990797996521,3.780794382095337,6.5620036125183105,5.514228582382202,3.774229407310486,4.1823883056640625,4.66791844367981,3.300306558609009,3.7823734283447266,3.229588270187378,4.018617391586304,3.0319653749465942,5.8058271408081055,4.929040193557739,5.684712171554565,,,,,,,,,,
3.0953458547592163,2.5210174322128296,2.494225263595581,2.338869094848633,2.7762227058410645,2.7106773853302,2.7953702211380005,2.871052861213684,4.103721380233765,3.1960610151290894,3.6288915872573853,5.903645992279053,4.3703601360321045,5.467137336730957,3.50853431224823,4.520383358001709,,,,,,,,,,,,,,,
2.998789072036743,2.737484097480774,2.305007815361023,2.472167491912842,2.550178289413452,2.9355177879333496,3.5156919956207275,6.101046562194824,3.4596478939056396,6.21248459815979,3.328411340713501,3.5148918628692627,3.2001709938049316,4.3204567432403564,3.525654911994934,3.3530595302581787,3.4907405376434326,5.80517578125,4.003106474876404,4.813695907592773,3.932116150856018,3.9782794713974,4.170915842056274,4.442228555679321,,,,,,,
2.9684337377548218,2.0768908262252808,2.856821656227112,2.4651436805725098,3.8514844179153442,3.0472795963287354,6.667679071426392,5.531031370162964,4.782111167907715,3.0827215909957886,4.561272621154785,5.643737077713013,,,,,,,,,,,,,,,,,,,
2.39117431640625,1.9134998321533203,2.3336859941482544,2.3404335975646973,3.099492073059082,3.262737512588501,2.973477840423584,2.5586031675338745,2.850227952003479,3.4909452199935913,4.871535778045654,4.853702545166016,4.417510747909546,6.169052362442017,4.456400632858276,,,,,,,,,,,,,,,,
3.5489667654037476,2.811544895172119,3.0680195093154907,5.805749893188477,5.529311895370483,3.7714691162109375,4.302969932556152,3.147991895675659,3.6227177381515503,2.348746418952942,3.8516300916671753,3.961258888244629,2.781720280647278,2.076619505882263,3.691992998123169,3.1593579053878784,3.7597321271896362,4.897443771362305,3.567131996154785,,,,,,,,,,,,
2.2632960081100464,2.4741427898406982,2.317995071411133,2.7342987060546875,3.351310968399048,2.983113169670105,6.602112531661987,3.956281065940857,3.4412320852279663,3.88116717338562,3.1967917680740356,6.101046562194824,3.0631468296051025,5.237022876739502,3.6117743253707886,3.9040958881378174,3.237566113471985,4.100604295730591,4.72602105140686,4.1385334730148315,3.9244961738586426,,,,,,,,,,
3.4740655422210693,5.234503984451294,5.0995259284973145,5.291830778121948,2.968507409095764,2.6271231174468994,2.3816717863082886,2.724799871444702,2.554427981376648,2.358494997024536,5.891558408737183,3.6562176942825317,4.2664794921875,6.3740317821502686,4.170801877975464,4.562540769577026,3.5193902254104614,3.1374655961990356,2.969938635826111,4.681803464889526,3.957594871520996,6.372061729431152,,,,,,,,,
3.004206657409668,2.2640910148620605,1.9822355508804321,2.4711594581604004,2.786934018135071,2.1954078674316406,2.986662268638611,2.628420114517212,3.3997867107391357,5.370246648788452,4.078997373580933,3.7438998222351074,5.371192455291748,4.284607410430908,3.924385905265808,3.2651807069778442,5.511796712875366,4.175337314605713,3.7752106189727783,3.486296772956848,5.474597692489624,4.472314357757568,4.8352344036102295,,,,,,,,
2.9667625427246094,2.364575743675232,2.3026353120803833,2.842737913131714,5.216839551925659,3.745699882507324,3.4190558195114136,4.049171566963196,4.0766847133636475,3.9187530279159546,3.4711263179779053,3.2634133100509644,3.9075509309768677,4.02358078956604,4.335552215576172,4.737978935241699,4.472551584243774,3.4955142736434937,3.7902092933654785,3.951144218444824,,,,,,,,,,,
3.886963725090027,3.281757950782776,3.7621257305145264,6.679376602172852,5.902517318725586,5.909597873687744,4.456689357757568,6.361623287200928,2.7469242811203003,2.285759925842285,2.5433400869369507,3.180055856704712,4.400310277938843,2.4719135761260986,1.9414161443710327,4.538743734359741,5.849190711975098,2.980173707008362,2.8923823833465576,3.876055359840393,3.6625914573669434,5.2139363288879395,4.276009798049927,3.0792696475982666,2.3849560022354126,3.7823734283447266,,,,,
3.2989550828933716,3.1492738723754883,2.7356067895889282,2.2858508825302124,2.6762239933013916,2.578553795814514,2.821648359298706,2.7920535802841187,2.5501779317855835,2.83711576461792,4.85074520111084,7.105718374252319,5.366456508636475,4.280481338500977,3.7795151472091675,4.079148769378662,8.572373390197754,5.51330304145813,6.3599419593811035,4.523043632507324,,,,,,,,,,,
2.9662595987319946,2.6877732276916504,2.7249767780303955,2.709030508995056,2.710700273513794,3.9237624406814575,4.753621816635132,5.422712802886963,5.237022876739502,8.006857633590698,3.662076473236084,3.0880056619644165,4.781120777130127,4.386717081069946,3.2269874811172485,3.778350830078125,4.930048704147339,,,,,,,,,,,,,,
3.8635058403015137,2.502783417701721,2.3466391563415527,1.9761625528335571,3.0174323320388794,3.184578061103821,3.617130994796753,2.8642088174819946,2.517155408859253,3.2224899530410767,3.51414692401886,3.04337477684021,3.056090831756592,5.282618761062622,4.019057035446167,4.943757057189941,4.9026288986206055,3.3232492208480835,3.938384771347046,4.50134801864624,6.186326026916504,,,,,,,,,,
3.095416784286499,2.662345767021179,1.9475374817848206,2.4808168411254883,2.469817638397217,2.6794755458831787,4.032738208770752,3.862948775291443,6.693095445632935,3.847483992576599,5.1816511154174805,4.639665842056274,3.938384771347046,5.074883460998535,5.518015384674072,3.658018708229065,4.056442737579346,4.189889192581177,5.217175722122192,,,,,,,,,,,,
3.030764102935791,2.3780148029327393,2.8835405111312866,2.475432276725769,2.181094527244568,2.7838594913482666,3.644022226333618,3.8134653568267822,3.8320075273513794,3.3129334449768066,6.0728535652160645,4.201714277267456,4.292295694351196,3.5044721364974976,3.752534866333008,3.9392552375793457,4.777659177780151,,,,,,,,,,,,,,
3.0398850440979004,2.3564590215682983,2.28865647315979,2.158349394798279,2.964690685272217,2.8852919340133667,2.4361276626586914,5.383113622665405,4.490927219390869,6.5403406620025635,3.387041211128235,4.1190595626831055,3.8407015800476074,4.200482368469238,4.557541847229004,6.30236029624939,4.128096699714661,3.980220079421997,4.8289196491241455,6.269629716873169,7.135267972946167,3.941633701324463,,,,,,,,,
2.966083526611328,2.391677737236023,2.559831738471985,2.6722439527511597,2.7006582021713257,2.7964192628860474,2.8228402137756348,5.164098024368286,3.6308858394622803,3.130567193031311,4.411985397338867,4.163988828659058,4.720713376998901,5.513984203338623,5.411389589309692,4.081710577011108,4.58723258972168,3.4631307125091553,5.730360984802246,4.856702566146851,3.3635261058807373,3.704739809036255,4.29363226890564,3.5004730224609375,3.6151384115219116,,,,,,
2.969172239303589,2.5307424068450928,2.190748453140259,5.28635311126709,4.250913858413696,4.4316489696502686,3.7060046195983887,3.67745840549469,3.5873875617980957,3.165846347808838,3.3533718585968018,4.813849925994873,4.781873941421509,,,,,,,,,,,,,,,,,,
3.096728801727295,2.061374068260193,2.6312599182128906,2.509032130241394,2.8775593042373657,2.890607476234436,2.482247829437256,2.795328736305237,2.795856475830078,4.0853095054626465,3.3018195629119873,4.136645078659058,3.7573258876800537,4.581427097320557,4.009664535522461,3.4717905521392822,4.704103946685791,5.034860134124756,7.121049642562866,3.8482213020324707,3.500231623649597,3.9182209968566895,3.4180855751037598,4.617701530456543,5.573726415634155,6.021653890609741,5.7255635261535645,,,,
5.28810453414917,3.096604108810425,2.6867185831069946,2.747805118560791,2.4001779556274414,2.7020612955093384,2.5664706230163574,2.3226672410964966,3.271982789039612,4.861948251724243,3.3146426677703857,3.1706873178482056,4.049439907073975,5.451485633850098,3.983322501182556,4.764711856842041,,,,,,,,,,,,,,,
3.064747929573059,1.9673444628715515,2.0912872552871704,2.3813796043395996,2.191053628921509,2.81938374042511,5.497312068939209,3.998393416404724,3.4770748615264893,4.826973915100098,3.6276262998580933,3.9391326904296875,3.1786961555480957,5.259838104248047,3.524432063102722,3.8440128564834595,2.8511394262313843,4.915581941604614,5.685576915740967,,,,,,,,,,,,
3.2041361331939697,2.4871309995651245,2.1691129207611084,2.464025616645813,2.732217788696289,2.4128334522247314,2.880026936531067,2.781824231147766,2.3207132816314697,2.7118533849716187,5.170935392379761,3.8622630834579468,4.4878668785095215,3.6000800132751465,5.4882307052612305,5.204954624176025,5.187293529510498,5.737537384033203,4.359696388244629,4.051204442977905,4.897443771362305,4.386717081069946,3.41060471534729,5.467137336730957,,,,,,,
2.9668548107147217,2.3640029430389404,2.0738686323165894,2.4871909618377686,2.512758493423462,2.792043089866638,2.5878106355667114,5.914150953292847,5.136030673980713,4.359957456588745,6.063380718231201,3.7767080068588257,3.3715384006500244,3.379343032836914,4.0427985191345215,,,,,,,,,,,,,,,,
3.095416784286499,2.444802165031433,2.3556928634643555,2.7926546335220337,3.6121625900268555,5.366883039474487,5.198617458343506,6.663097858428955,5.721743822097778,5.507590293884277,3.4697093963623047,3.8378303050994873,,,,,,,,,,,,,,,,,,,
3.1299140453338623,2.381696343421936,2.941388964653015,2.922911763191223,2.745187520980835,2.4361276626586914,2.835972547531128,4.845024824142456,5.530262231826782,4.8179779052734375,4.089710712432861,6.102485418319702,5.910225868225098,4.8990797996521,4.618691682815552,4.917970657348633,4.397239923477173,3.174862027168274,4.077185869216919,,,,,,,,,,,,
3.297831416130066,2.457000255584717,6.6930084228515625,3.9683291912078857,4.008223652839661,4.824739933013916,3.876286268234253,4.723612308502197,2.892660975456238,4.07568883895874,7.848732948303223,5.542975425720215,5.34118127822876,2.556849241256714,2.404706835746765,2.1564489603042603,3.102922797203064,3.51943576335907,2.9151793718338013,2.3643949031829834,2.89640474319458,3.002977728843689,5.670302629470825,3.3226261138916016,8.250334739685059,3.8909190893173218,5.505534887313843,3.905397653579712,3.1061187982559204,,
3.0971009731292725,2.4805548191070557,2.800079584121704,2.9405429363250732,2.6774866580963135,2.340003728866577,2.138320803642273,2.3901761770248413,2.6490451097488403,3.0480915307998657,2.763548254966736,6.72365927696228,3.86237633228302,5.333000421524048,4.815181732177734,7.23375391960144,4.677276611328125,3.7977391481399536,3.2972460985183716,3.7881773710250854,5.154745817184448,6.317600727081299,3.7700982093811035,5.056602478027344,4.092243194580078,3.93693745136261,3.9482476711273193,,,,
3.129884958267212,2.356664299964905,1.9462634921073914,2.5951677560806274,2.5613553524017334,4.870888710021973,3.72011935710907,5.802654266357422,2.7953702211380005,3.48404061794281,3.1016772985458374,3.8928409814834595,5.691276550292969,5.0051047801971436,4.632076263427734,,,,,,,,,,,,,,,,
2.6813830137252808,2.216877579689026,2.5380587577819824,2.3094704151153564,3.369080662727356,3.278654098510742,2.9887226819992065,5.382768869400024,4.756749629974365,4.6132636070251465,6.59162712097168,3.9360971450805664,3.0052855014801025,2.709590435028076,4.267151117324829,5.538352727890015,4.58149266242981,,,,,,,,,,,,,,
3.8620285987854004,2.9480665922164917,2.6001853942871094,2.8161439895629883,6.64060378074646,4.826604604721069,5.537819147109985,4.7426207065582275,2.99847674369812,2.402586817741394,2.168686270713806,2.2900524139404297,3.535030722618103,2.8598939180374146,2.0742111206054688,2.3675631284713745,2.86503267288208,4.823988437652588,4.137961387634277,3.4856241941452026,4.669334650039673,,,,,,,,,,
3.126134514808655,2.452604055404663,2.960379958152771,3.0721100568771362,2.8412023782730103,2.400024890899658,2.0850976705551147,4.524775266647339,3.693001866340637,3.529507875442505,6.771985292434692,5.776634693145752,5.742336273193359,4.061592102050781,4.733396768569946,5.258694887161255,3.810857892036438,,,,,,,,,,,,,,
3.7884854078292847,3.0949337482452393,2.8530843257904053,3.3527979850769043,3.2045507431030273,2.905552864074707,2.7615108489990234,2.524340867996216,1.948935329914093,3.782618999481201,3.1065601110458374,7.017959833145142,5.119903802871704,5.4845030307769775,3.1422442197799683,3.634927272796631,3.655195951461792,,,,,,,,,,,,,,
2.8732075691223145,6.462319612503052,3.9603992700576782,4.317742586135864,3.9457017183303833,3.04715633392334,1.9732524156570435,2.3781813383102417,2.534291982650757,2.614577054977417,2.7095752954483032,2.2180792093276978,2.543680787086487,4.8701629638671875,4.097943544387817,5.334716320037842,6.0931618213653564,5.512096643447876,3.470515489578247,3.981598734855652,5.686610460281372,6.482227563858032,,,,,,,,,
2.475326895713806,2.189025044441223,2.779989242553711,3.0403138399124146,4.4223291873931885,2.912976861000061,3.181077241897583,8.708619594573975,4.561725854873657,9.514439582824707,5.509957313537598,3.851569414138794,3.0526230335235596,4.934834718704224,4.546895265579224,5.579838991165161,,,,,,,,,,,,,,,
3.353850245475769,2.357935667037964,3.0580166578292847,2.914579749107361,2.545473337173462,3.2269874811172485,3.1646053791046143,3.886963725090027,3.2611163854599,4.62651801109314,4.735569000244141,5.734604358673096,4.861438274383545,3.0007506608963013,4.40346360206604,3.7734649181365967,5.202587842941284,,,,,,,,,,,,,,
3.0500460863113403,2.208820939064026,2.1170560121536255,2.5991175174713135,2.5766308307647705,2.9805465936660767,2.9882900714874268,2.853371500968933,6.395159721374512,3.4128865003585815,3.7012832164764404,4.758843898773193,3.7905930280685425,5.160760164260864,4.416329383850098,3.430702328681946,3.358871340751648,4.131805896759033,3.8749098777770996,3.508323550224304,4.156379699707031,4.505157947540283,8.805481433868408,4.486549139022827,3.9514262676239014,6.551279306411743,,,,,
3.662598133087158,4.819116115570068,2.431815981864929,2.8178021907806396,3.7784440517425537,3.6610074043273926,2.6460615396499634,2.5500460863113403,2.778323769569397,2.5838844776153564,4.627905368804932,4.472551584243774,5.416949033737183,4.353166580200195,5.228997468948364,7.710449457168579,2.9553667306900024,5.611865520477295,4.759285926818848,4.893028497695923,4.952837944030762,,,,,,,,,,
2.369346022605896,2.139939069747925,2.6392379999160767,4.737618684768677,4.18440055847168,2.712766647338867,3.086561441421509,5.188926935195923,5.367228269577026,6.435600519180298,5.125176191329956,5.856993675231934,5.658304929733276,3.0294997692108154,5.4157609939575195,,,,,,,,,,,,,,,,
3.19640851020813,2.6724570989608765,2.1528619527816772,2.827487349510193,5.42900276184082,3.960076689720154,4.067263603210449,8.75925350189209,4.7182745933532715,6.437535524368286,3.9377658367156982,4.93514609336853,5.507472991943359,4.0120322704315186,4.627905368804932,3.778350830078125,5.8325746059417725,,,,,,,,,,,,,,
2.6017963886260986,2.138320803642273,2.3890812397003174,3.7297455072402954,3.0876824855804443,3.033792495727539,2.4400521516799927,2.087614059448242,2.124476432800293,4.383004426956177,3.525018811225891,5.880736351013184,4.704103946685791,4.390634059906006,4.601219654083252,4.1283698081970215,5.535611152648926,4.047414302825928,3.49298095703125,3.436641573905945,6.356267690658569,,,,,,,,,,
2.495510458946228,2.4492084980010986,2.570185422897339,2.9689929485321045,2.9605658054351807,3.8649768829345703,6.675084352493286,5.596790552139282,3.470515489578247,5.904150724411011,4.577954530715942,4.07568883895874,4.007305383682251,3.680364966392517,3.077892541885376,2.9126408100128174,2.91106379032135,2.674886703491211,3.014833092689514,,,,,,,,,,,,
3.478021502494812,6.557605504989624,7.4677042961120605,3.8050605058670044,4.921646595001221,2.5613553524017334,2.1680197715759277,2.212248682975769,3.0002968311309814,2.946862578392029,3.032419800758362,5.325397968292236,3.697702407836914,4.5340211391448975,3.9156306982040405,5.9632954597473145,6.632739782333374,,,,,,,,,,,,,,
2.419885277748108,2.0912872552871704,2.1860538721084595,2.708047389984131,2.490493893623352,2.878312587738037,4.349221229553223,4.861438274383545,3.797527313232422,4.939229965209961,3.2580965757369995,2.795624613761902,3.7702620029449463,3.633526563644409,3.2022634744644165,3.42011034488678,4.196068048477173,,,,,,,,,,,,,,
2.9868788719177246,2.889810800552368,3.8732314109802246,2.4045753479003906,2.0724152326583862,3.364339232444763,2.9682708978652954,2.497527599334717,3.6331034898757935,5.350201368331909,3.8965893983840942,3.1976406574249268,2.9589765071868896,3.7792669534683228,2.6698719263076782,3.2514923810958862,5.8360278606414795,3.9788841009140015,4.554275989532471,5.3360700607299805,,,,,,,,,,,
3.103179693222046,2.2608914375305176,2.6421204805374146,2.749284863471985,2.5392909049987793,2.4915125370025635,2.4664961099624634,2.621908664703369,2.4180908203125,2.947954297065735,2.470348834991455,2.6205642223358154,4.30759334564209,5.092886209487915,4.8677568435668945,3.6160277128219604,4.626415491104126,4.916423559188843,4.919348478317261,3.2040281295776367,3.791203022003174,4.345795392990112,5.3853983879089355,5.745360851287842,,,,,,,
3.0708975791931152,2.1216901540756226,2.531118631362915,2.8083343505859375,2.2797951698303223,2.398661971092224,1.9756304025650024,5.473498344421387,4.870888710021973,3.4200958013534546,4.1760594844818115,3.41556453704834,3.952797532081604,4.304070234298706,3.4977604150772095,5.6398820877075195,3.9393231868743896,4.849166393280029,,,,,,,,,,,,,
3.0985013246536255,2.340003728866577,2.806831479072571,2.671801209449768,4.8167619705200195,8.575833320617676,4.085084676742554,5.140655994415283,4.13165545463562,4.970052719116211,3.777852416038513,4.419577121734619,4.6025238037109375,5.760791540145874,4.730041980743408,,,,,,,,,,,,,,,,
2.2400732040405273,1.9776777029037476,5.617368698120117,3.1433111429214478,2.9339898824691772,2.4686336517333984,2.9388216733932495,4.907347917556763,4.747306823730469,6.724512577056885,4.151663303375244,4.093957185745239,3.5077590942382812,4.96685791015625,6.82833456993103,3.8318883180618286,5.163150072097778,,,,,,,,,,,,,,
2.8875930309295654,2.6144089698791504,2.5098334550857544,2.6737385988235474,2.7486859560012817,3.4628907442092896,3.144687056541443,2.6958903074264526,2.2329933643341064,2.3579906225204468,3.078579068183899,3.4199178218841553,2.306569218635559,4.262328863143921,4.868510961532593,8.700499057769775,4.7994771003723145,6.3740317821502686,4.634861946105957,5.210596084594727,5.805749893188477,4.87405252456665,3.469112992286682,5.136014699935913,4.740812301635742,3.970081329345703,,,,,
4.801072120666504,2.958302855491638,3.627082109451294,3.9706103801727295,4.185732364654541,6.054912090301514,3.4778354167938232,3.4992047548294067,2.6745434999465942,2.0768104791641235,2.7592897415161133,3.3572399616241455,4.311583757400513,2.9949276447296143,4.030891060829163,4.9105072021484375,4.377061367034912,,,,,,,,,,,,,,
3.1922491788864136,2.4711490869522095,2.5121920108795166,3.095937967300415,2.2301363945007324,1.970679759979248,2.708346128463745,2.5058709383010864,2.2938907146453857,5.938230514526367,4.463701248168945,5.232360601425171,5.74611759185791,3.776248574256897,4.627022743225098,5.011607646942139,3.9807214736938477,5.289081573486328,4.921561002731323,5.764907360076904,3.5913983583450317,3.7573258876800537,3.5763319730758667,3.831377148628235,,,,,,,
4.127995729446411,3.224956750869751,3.1128196716308594,2.6813830137252808,2.1689361333847046,2.5663496255874634,2.1348785161972046,2.914579749107361,6.460612058639526,4.614426612854004,5.013062000274658,2.933608055114746,3.1996915340423584,5.028116464614868,4.806868553161621,3.1179012060165405,4.566673755645752,3.9655568599700928,4.966141700744629,,,,,,,,,,,,
3.096728801727295,2.356664299964905,2.521248459815979,5.816386699676514,4.061061859130859,3.820729613304138,4.104855298995972,4.728652238845825,7.123110771179199,4.305441617965698,3.8193519115448,3.2495020627975464,5.7620320320129395,6.744391441345215,,,,,,,,,,,,,,,,,
2.6137672662734985,2.3433005809783936,1.9667183756828308,2.427947163581848,3.134773850440979,3.435930848121643,3.369073748588562,3.5037981271743774,3.0980125665664673,2.6368331909179688,3.5525327920913696,3.767526388168335,3.1597894430160522,3.609235405921936,3.2545323371887207,3.932023048400879,5.910946607589722,6.982101678848267,3.94793963432312,4.676847457885742,4.599954605102539,,,,,,,,,,
2.9767502546310425,2.3767037391662598,2.2095015048980713,2.914579749107361,2.6597065925598145,2.5607436895370483,2.4458072185516357,2.631580114364624,2.67517626285553,6.766310691833496,3.5434235334396362,3.8194929361343384,3.8141716718673706,4.915949583053589,7.017959833145142,3.5029507875442505,3.0937901735305786,3.1704773902893066,5.224174737930298,5.850127935409546,4.907347917556763,4.373037338256836,5.201686382293701,5.560590744018555,,,,,,,
3.664553165435791,3.149023175239563,3.2874596118927,4.8485682010650635,5.657201290130615,8.421566009521484,2.574917197227478,2.6312297582626343,2.348111152648926,3.8679611682891846,4.747822999954224,4.513258457183838,2.5649505853652954,2.9357417821884155,2.844926357269287,3.0472795963287354,3.2202905416488647,5.512096643447876,2.5583125352859497,2.847179889678955,3.4185101985931396,4.493695497512817,4.690138578414917,6.142268896102905,,,,,,,
2.5462342500686646,2.5012903213500977,2.533024787902832,2.596482515335083,2.482353925704956,3.7176939249038696,2.7882940769195557,3.9483402967453003,4.033994674682617,4.794182300567627,3.5410465002059937,3.5314799547195435,3.463287591934204,5.770238161087036,4.419838905334473,5.424322605133057,3.4865139722824097,9.568613529205322,4.83688759803772,4.16749382019043,,,,,,,,,,,
3.2332953214645386,2.2648457288742065,2.540997624397278,3.2144687175750732,2.4808168411254883,3.1193020343780518,2.8909432888031006,2.794469714164734,1.9761625528335571,2.249233365058899,5.28810453414917,4.446390390396118,3.872355103492737,4.3505566120147705,3.2509697675704956,4.267151117324829,4.82165002822876,3.7472939491271973,3.2589330673217773,4.813695907592773,5.579226732254028,4.573094367980957,3.8378303050994873,,,,,,,,
3.1859160661697388,2.402055263519287,1.9462634921073914,2.7125611305236816,3.0478975772857666,2.558493733406067,3.154915452003479,2.69179904460907,4.961124420166016,4.3131866455078125,3.530298590660095,5.502967596054077,3.787657141685486,4.240250110626221,4.385127305984497,4.566673755645752,5.810423135757446,,,,,,,,,,,,,,
3.0412977933883667,2.158349394798279,2.57954478263855,2.6813567876815796,4.806868553161621,5.640087604522705,2.824034810066223,2.826957941055298,5.93690824508667,5.749204158782959,4.524775266647339,4.499060869216919,4.5436601638793945,4.69584846496582,,,,,,,,,,,,,,,,,
3.935009479522705,3.5293115377426147,2.566279888153076,3.5743104219436646,3.3411622047424316,6.667679071426392,3.1577837467193604,4.81722092628479,7.011699914932251,3.1511266231536865,4.76137375831604,4.27404522895813,2.9952452182769775,2.354740262031555,2.306203246116638,2.1993720531463623,2.378599524497986,4.727426052093506,5.115701675415039,4.719004154205322,3.9551455974578857,4.548874855041504,,,,,,,,,
2.9662595987319946,2.513952136039734,2.12102735042572,2.247269034385681,4.760874032974243,3.495314598083496,4.817098140716553,4.241032838821411,3.2770367860794067,4.799140930175781,3.3460097312927246,3.541391968727112,4.308561086654663,3.2335126399993896,3.3903201818466187,4.9026288986206055,4.087332248687744,3.943456768989563,,,,,,,,,,,,,
5.522765159606934,4.434040784835815,4.870888710021973,3.1828367710113525,3.612950325012207,3.2806153297424316,4.659406423568726,3.402411937713623,3.0656672716140747,4.126911163330078,4.860826015472412,2.9031323194503784,2.701177716255188,2.5739688873291016,2.835228681564331,3.37480890750885,3.1289985179901123,3.405929923057556,3.778350830078125,4.438955307006836,4.8901472091674805,,,,,,,,,,
3.049809455871582,2.3346121311187744,2.4492099285125732,2.851371169090271,3.664473295211792,3.8421865701675415,6.427870988845825,5.727330207824707,4.51622748374939,4.898836135864258,5.029009580612183,4.764711856842041,3.1405574083328247,4.189101219177246,3.2635529041290283,5.031397819519043,4.267661809921265,,,,,,,,,,,,,,
3.126134514808655,2.0912872552871704,2.3883767127990723,2.494225263595581,2.4640822410583496,2.5068918466567993,2.987713098526001,2.8551288843154907,2.5587985515594482,2.185532569885254,5.056048393249512,8.559715270996094,4.402730941772461,3.143593668937683,8.122773170471191,4.11121940612793,5.553292512893677,3.592892050743103,,,,,,,,,,,,,
3.792788505554199,5.4858574867248535,2.2743529081344604,3.0546960830688477,2.7778760194778442,3.307232975959778,2.830901622772217,3.123238205909729,3.129802107810974,4.862211465835571,3.8867692947387695,8.173978567123413,3.643448233604431,4.636403322219849,3.007517457008362,4.096918106079102,,,,,,,,,,,,,,,
3.1235713958740234,2.817688465118408,2.9863176345825195,2.19452166557312,2.5185365676879883,2.340808629989624,2.060230851173401,2.3976420164108276,2.8055036067962646,2.6812013387680054,2.2358877658843994,3.8905344009399414,4.9361958503723145,4.723872423171997,4.789907217025757,3.7705947160720825,4.417708396911621,5.3647966384887695,4.077185869216919,,,,,,,,,,,,
2.3792024850845337,4.5752949714660645,2.968995213508606,2.49889600276947,2.8542369604110718,2.9433469772338867,3.9244190454483032,4.3172056674957275,7.358077049255371,5.930178642272949,5.507472991943359,3.7712531089782715,5.018355846405029,3.469112992286682,3.335887312889099,2.410707950592041,4.037632942199707,3.743499517440796,5.8058271408081055,,,,,,,,,,,,
3.1824764013290405,3.364490270614624,5.803449630737305,5.640165090560913,7.134086608886719,3.0208100080490112,2.567653179168701,2.2646894454956055,2.9058358669281006,2.5098706483840942,2.4041452407836914,2.618592381477356,4.098870277404785,3.498756766319275,3.912878394126892,3.7973921298980713,4.628779649734497,5.224174737930298,3.2356687784194946,4.473866939544678,,,,,,,,,,,
3.0799241065979004,2.562065362930298,2.402586817741394,2.2601505517959595,2.9308375120162964,2.2790671586990356,2.436249852180481,2.505555033683777,5.206530332565308,4.283766508102417,3.5420584678649902,4.813695907592773,4.308964729309082,3.636758327484131,3.5556589365005493,5.290210485458374,6.257574081420898,4.66620135307312,3.697258234024048,4.705225229263306,3.5273749828338623,,,,,,,,,,
2.3026233911514282,2.4675573110580444,1.9451041221618652,2.239424467086792,2.270090937614441,2.99847674369812,3.2713364362716675,2.8995628356933594,2.913941740989685,3.4055343866348267,4.328215599060059,2.688801884651184,2.886364459991455,4.011506795883179,6.779787063598633,3.9936341047286987,4.729361295700073,3.612950325012207,3.7120392322540283,3.7469043731689453,4.317878484725952,3.42617666721344,,,,,,,,,
2.963966965675354,2.139939069747925,2.6795482635498047,2.500362277030945,2.656873941421509,2.6730964183807373,2.384498357772827,2.446885108947754,3.7604382038116455,2.9818437099456787,3.134167194366455,3.7865694761276245,5.350201368331909,4.293300151824951,3.280760645866394,3.5950008630752563,3.595557928085327,3.3102947473526,5.673567056655884,6.5824761390686035,4.860826015472412,8.401955127716064,2.8615291118621826,2.211930513381958,3.7770066261291504,3.2129552364349365,5.386681795120239,3.9619181156158447,3.8570410013198853,,
3.0229047536849976,2.469003438949585,2.9658498764038086,1.9462634921073914,2.388734459877014,2.1640055179595947,2.991315484046936,4.585848093032837,3.4688990116119385,6.395015478134155,7.006106376647949,5.61316442489624,4.822224140167236,4.507393836975098,5.453554391860962,3.919068694114685,3.533247709274292,5.921874284744263,3.313210606575012,3.113827109336853,3.368275284767151,3.671498417854309,,,,,,,,,
3.024173855781555,2.9475430250167847,2.3767037391662598,2.0579881072044373,2.73753821849823,2.5380587577819824,2.9433469772338867,5.237022876739502,4.799140930175781,3.1460280418395996,4.904401540756226,3.8695926666259766,5.675384998321533,3.7667351961135864,,,,,,,,,,,,,,,,,
5.28810453414917,3.5285611152648926,3.2347664833068848,2.103561282157898,2.759170174598694,2.923758387565613,2.3196038007736206,2.7740787267684937,3.0504887104034424,2.467281222343445,2.9532787799835205,2.642760396003723,5.413788318634033,4.517063617706299,3.3346868753433228,4.896173715591431,5.4224324226379395,2.8671700954437256,2.8863790035247803,3.9871641397476196,,,,,,,,,,,
3.0648162364959717,2.3556928634643555,2.6269824504852295,2.525119423866272,2.1088826656341553,2.2608914375305176,2.8970179557800293,2.6004921197891235,2.706907033920288,2.6995350122451782,4.083817720413208,3.392462730407715,3.5320624113082886,5.513984203338623,8.478052616119385,6.765199184417725,5.173126935958862,4.620367527008057,4.837850093841553,5.4193902015686035,,,,,,,,,,,
3.178374409675598,2.1573214530944824,2.554427981376648,3.7600529193878174,3.2156366109848022,3.658018708229065,3.292726516723633,6.165162086486816,5.202587842941284,2.9779226779937744,2.1685904264450073,2.8780689239501953,2.7004306316375732,2.5417217016220093,2.698063015937805,4.252894163131714,3.7620389461517334,3.6962817907333374,3.2675135135650635,3.9422008991241455,5.7687156200408936,,,,,,,,,,
3.0832492113113403,2.376116633415222,2.4735487699508667,2.9747378826141357,5.487646818161011,8.8056001663208,5.234503984451294,3.436410665512085,4.397669076919556,3.482379674911499,4.589903116226196,4.790351629257202,6.671878814697266,,,,,,,,,,,,,,,,,,
3.2979543209075928,2.146617889404297,2.6087329387664795,3.256339192390442,3.185323119163513,2.9061765670776367,2.9212979078292847,2.5392909049987793,2.702938199043274,4.725453615188599,5.749187231063843,4.818591117858887,4.2978835105896,3.773189902305603,3.405780553817749,3.7621257305145264,3.329289197921753,5.237022876739502,3.5030486583709717,2.936992049217224,3.1791075468063354,3.3499019145965576,4.758445739746094,6.736697673797607,,,,,,,
3.0706045627593994,2.5876458883285522,6.469727993011475,5.264625787734985,4.631870269775391,5.901522397994995,4.672817707061768,4.29836368560791,3.7793651819229126,3.511927843093872,3.744848370552063,2.108873963356018,2.697872757911682,2.2324739694595337,3.4621249437332153,2.917325973510742,3.070829391479492,4.7861552238464355,3.701814651489258,3.4254313707351685,5.670496702194214,3.2504348754882812,3.3252028226852417,2.9596837759017944,3.981598734855652,4.833932638168335,3.1257816553115845,4.663990020751953,3.7755532264709473,4.4535863399505615,5.9702208042144775
3.7856768369674683,2.5384613275527954,3.7823734283447266,2.949083924293518,2.724698781967163,2.6751104593276978,3.0848363637924194,3.1597858667373657,2.0057924389839172,3.1339765787124634,2.306203246116638,2.210543155670166,5.633835554122925,5.5204918384552,3.75785493850708,4.695165157318115,3.9421472549438477,5.680169343948364,4.9233152866363525,3.1300500631332397,4.1588743925094604,3.2394737005233765,4.508301734924316,,,,,,,,
5.293639183044434,3.1941601037979126,3.0398850440979004,2.1909724473953247,1.914867639541626,2.8732796907424927,3.0107985734939575,2.5635050535202026,2.8617172241210938,2.336312174797058,2.3512420654296875,5.224174737930298,4.545172929763794,4.652142286300659,3.4882326126098633,3.933915853500366,4.600188970565796,5.502850294113159,4.246917247772217,3.3692582845687866,4.59741473197937,,,,,,,,,,
3.0978493690490723,2.4024897813796997,2.967321276664734,2.7947429418563843,6.411636590957642,3.7776942253112793,4.34067440032959,3.671984076499939,5.545491695404053,4.137071371078491,5.234503984451294,5.689918041229248,4.532203435897827,4.624642848968506,4.1283698081970215,5.170935392379761,,,,,,,,,,,,,,,
2.68738055229187,2.107551693916321,2.1689302921295166,2.4312585592269897,3.2624353170394897,3.646432042121887,3.872829794883728,5.28635311126709,5.558925151824951,6.960430860519409,3.8613628149032593,5.890429735183716,4.605217218399048,2.8732075691223145,4.137961387634277,4.029536485671997,5.455430746078491,3.4936705827713013,4.567083358764648,3.690415859222412,4.440615177154541,,,,,,,,,,
2.2761049270629883,2.9754984378814697,2.1385422945022583,2.3969810009002686,2.9430514574050903,3.4055343866348267,3.267712950706482,2.8188735246658325,5.237022876739502,4.2855613231658936,4.272225379943848,3.1384061574935913,4.529616832733154,4.055471658706665,3.196047306060791,3.007517457008362,4.573094367980957,3.479335904121399,4.835253953933716,,,,,,,,,,,,
3.1299140453338623,2.060583710670471,2.6887283325195312,3.1092251539230347,2.4805548191070557,2.178324818611145,3.0106189250946045,2.795328736305237,5.816386699676514,3.572018623352051,3.228921890258789,3.475376844406128,4.784286975860596,4.7994771003723145,3.383415102958679,5.309123992919922,4.627905368804932,3.513224959373474,3.2979888916015625,4.030855774879456,4.921646595001221,3.941633701324463,4.51622748374939,,,,,,,,
3.1010072231292725,2.3817132711410522,2.891997218132019,2.494225263595581,2.5564005374908447,2.9812456369400024,2.8545631170272827,3.9823626279830933,3.860207200050354,3.1954221725463867,4.390428304672241,5.457805871963501,8.076825618743896,4.624642848968506,4.039551258087158,4.972776651382446,4.0337347984313965,5.347750663757324,,,,,,,,,,,,,
2.504472017288208,2.0595526695251465,2.6975934505462646,3.1492738723754883,2.4751038551330566,3.810548782348633,3.1135960817337036,2.932029366493225,2.44745934009552,3.7476966381073,3.7123152017593384,6.545232057571411,4.5334694385528564,2.865201950073242,3.5098767280578613,3.9514858722686768,3.2275625467300415,3.856740951538086,7.864616870880127,5.765251398086548,6.5250608921051025,4.4752516746521,,,,,,,,,
2.864627242088318,4.266502141952515,4.851507186889648,5.479055404663086,5.501744270324707,2.199912667274475,3.049664616584778,2.3933112621307373,2.9748694896698,5.234503984451294,4.017211675643921,3.529475212097168,3.0485074520111084,3.2780508995056152,4.088873624801636,,,,,,,,,,,,,,,,
3.0682843923568726,2.676377296447754,2.278013586997986,2.061374068260193,2.344564914703369,2.689869523048401,2.217717409133911,2.5798152685165405,4.833780527114868,7.159294843673706,4.272108793258667,4.724517583847046,5.201486349105835,3.440689444541931,5.701539516448975,4.935275316238403,3.3345216512680054,3.650704860687256,4.110860824584961,4.024424076080322,,,,,,,,,,,
3.1433111429214478,2.4816380739212036,2.209260940551758,2.7544442415237427,2.4076558351516724,2.654415488243103,4.612387418746948,3.6347321271896362,4.9580371379852295,4.749640941619873,4.964936971664429,4.5384297370910645,3.3490967750549316,4.305492877960205,3.587606430053711,4.438955307006836,3.7820281982421875,4.385798215866089,5.790997743606567,,,,,,,,,,,,
3.220821261405945,2.5768017768859863,2.2108402252197266,2.471363067626953,1.9179277420043945,2.080562472343445,2.5995404720306396,3.0346990823745728,2.668544292449951,2.6730539798736572,2.674805521965027,5.522765159606934,8.401121139526367,4.773139953613281,3.983639717102051,3.9845833778381348,4.421604871749878,4.380542755126953,7.565271377563477,3.717612624168396,4.949397087097168,4.112018585205078,5.395864248275757,3.4671518802642822,4.08367919921875,3.4699615240097046,6.374071836471558,4.47260308265686,,,
2.9679614305496216,2.536167860031128,2.76017689704895,2.8201202154159546,2.038082480430603,3.1502175331115723,3.171475648880005,4.366709232330322,5.211097955703735,4.601481199264526,3.7450958490371704,4.031384110450745,2.0912872552871704,2.4798994064331055,2.3287596702575684,2.9151118993759155,8.680750370025635,5.688312768936157,4.928013801574707,2.9880982637405396,3.826723575592041,3.4538007974624634,,,,,,,,,
2.356664299964905,2.2081340551376343,3.152681589126587,2.9365848302841187,2.185532569885254,2.4341527223587036,2.8642088174819946,3.527482748031616,3.0507471561431885,3.829941153526306,3.1311362981796265,5.228266716003418,5.778342247009277,5.751359939575195,4.781873941421509,4.202730417251587,,,,,,,,,,,,,,,
3.2560222148895264,3.780342698097229,5.746082305908203,3.0229047536849976,2.5573551654815674,2.3362396955490112,2.7087870836257935,4.048849105834961,3.2328407764434814,3.1179349422454834,3.168108344078064,5.464166879653931,5.081995964050293,5.27216100692749,3.764229655265808,3.7249423265457153,5.353219747543335,,,,,,,,,,,,,,
3.003868579864502,2.8928041458129883,2.795328736305237,2.606366515159607,2.386425733566284,1.9146119952201843,3.6595218181610107,3.2248369455337524,5.729053258895874,3.781668782234192,3.729754090309143,5.6596479415893555,5.3019702434539795,,,,,,,,,,,,,,,,,,
3.100982904434204,2.8202078342437744,2.536711573600769,2.48799729347229,2.3961790800094604,3.667404532432556,4.769713640213013,4.882848262786865,5.411389589309692,4.274534702301025,3.443810820579529,4.254741907119751,4.790351629257202,4.319005250930786,3.6926937103271484,4.91202187538147,3.8318883180618286,4.777659177780151,,,,,,,,,,,,,
2.82213819026947,6.322199821472168,4.266502141952515,3.9392552375793457,4.189925909042358,3.641659140586853,4.948045969009399,6.016775369644165,2.40419864654541,1.9632354378700256,2.8757153749465942,2.7044131755828857,3.4856443405151367,3.2699596881866455,2.6312297582626343,3.166741371154785,3.4983476400375366,2.4869613647460938,3.8339792490005493,3.255764365196228,5.057523727416992,3.0252089500427246,2.3331574201583862,,,,,,,,
2.9662595987319946,2.1081470251083374,2.6745434999465942,5.9608166217803955,4.077081203460693,3.1317814588546753,5.766406059265137,4.487973690032959,4.012844443321228,3.850767135620117,3.1963874101638794,5.606330394744873,4.082720994949341,3.414867639541626,5.822895526885986,5.421867609024048,,,,,,,,,,,,,,,
4.946089506149292,6.2257561683654785,3.5297553539276123,8.60633659362793,5.691276550292969,2.3689074516296387,2.2333295345306396,2.5557960271835327,2.5928237438201904,2.8185123205184937,2.9531052112579346,2.8376203775405884,2.090860605239868,2.430730938911438,2.8766876459121704,6.42304801940918,3.4758615493774414,4.91494083404541,4.737122297286987,4.634406805038452,3.185380220413208,3.987933874130249,2.9242082834243774,3.2646806240081787,3.0355966091156006,4.210541725158691,,,,,
3.335356831550598,2.9867829084396362,2.749600648880005,2.338313937187195,2.700269937515259,3.3845577239990234,3.3921618461608887,3.103985548019409,3.839804172515869,6.0359885692596436,5.686610460281372,3.532448887825012,2.9630311727523804,3.1150254011154175,5.258694887161255,4.130494236946106,4.816724538803101,3.908488154411316,3.3702280521392822,3.7485989332199097,3.3045365810394287,3.7382150888442993,2.6670514345169067,9.025422096252441,5.594597816467285,,,,,,
3.0980125665664673,2.358548641204834,1.9987157583236694,2.8526968955993652,2.4153335094451904,2.7908629179000854,2.7631818056106567,4.075358152389526,3.6030304431915283,3.8084309101104736,3.109508991241455,6.5021631717681885,5.694610118865967,4.1825010776519775,4.806532382965088,4.201714277267456,5.6596479415893555,4.885473728179932,5.385787725448608,4.765846014022827,,,,,,,,,,,
2.9868788719177246,2.381696343421936,2.151612639427185,2.204171895980835,2.570111036300659,2.7541136741638184,2.60710072517395,2.3861145973205566,4.012266159057617,3.942707896232605,3.5568753480911255,3.3585212230682373,3.6711820363998413,3.620911717414856,3.23932683467865,3.8356066942214966,4.487216234207153,4.83439826965332,3.9402761459350586,,,,,,,,,,,,
2.9636199474334717,2.3910704851150513,2.1531652212142944,2.0784010887145996,3.6591286659240723,4.903525114059448,5.082153797149658,3.5332309007644653,4.371480941772461,3.890484571456909,3.0259242057800293,3.3097147941589355,2.8089078664779663,4.781873941421509,,,,,,,,,,,,,,,,,
2.9667625427246094,2.5307981967926025,2.011393189430237,2.4010974168777466,2.2646894454956055,3.146669030189514,3.0112162828445435,3.357994318008423,5.495024681091309,4.7487475872039795,4.389620065689087,3.7350646257400513,2.690455436706543,5.010486364364624,5.122860431671143,3.8966504335403442,3.218181014060974,4.735915899276733,4.497795820236206,4.7218804359436035,3.490998387336731,3.2929775714874268,4.742363691329956,4.052228212356567,,,,,,,
3.473647713661194,4.112654209136963,5.500722646713257,6.540201902389526,2.468001127243042,2.1911481618881226,2.315859317779541,2.94497013092041,2.768766403198242,2.9646170139312744,3.102322816848755,4.6006128787994385,4.876794815063477,3.280670404434204,4.913449287414551,4.788245439529419,6.146715879440308,5.318989992141724,4.078833103179932,3.958940267562866,,,,,,,,,,,
2.9662595987319946,1.711153268814087,2.603279948234558,2.0912872552871704,2.6231168508529663,2.364298939704895,2.775507926940918,2.483591914176941,2.497560977935791,2.8228402137756348,3.8657673597335815,3.5776877403259277,3.7375627756118774,3.499645948410034,3.017884373664856,4.55859637260437,4.408023118972778,4.9026288986206055,5.111513137817383,5.250212669372559,4.765846014022827,3.4183855056762695,,,,,,,,,
5.237022876739502,3.529555320739746,3.0514599084854126,2.695045590400696,4.275603771209717,3.4120243787765503,3.5329023599624634,2.986627459526062,2.5023086071014404,2.2652134895324707,2.3671016693115234,2.2337042093276978,3.7644054889678955,3.165544867515564,4.476221323013306,3.778350830078125,3.1577837467193604,4.930666446685791,,,,,,,,,,,,,
2.3361750841140747,2.3871233463287354,1.914867639541626,2.288359761238098,2.069047212600708,2.1076325178146362,3.0112162828445435,3.5307867527008057,2.996273994445801,3.0949337482452393,3.167953610420227,3.720082640647888,3.7015507221221924,3.833762764930725,3.152492642402649,5.035861968994141,3.1987011432647705,4.673253536224365,6.591274738311768,4.817098140716553,3.844994902610779,5.501744270324707,4.189639091491699,,,,,,,,
2.8623584508895874,2.968507409095764,2.2738314867019653,2.317639946937561,3.1555583477020264,3.2091609239578247,3.679664731025696,3.4970226287841797,2.9950515031814575,3.40324866771698,5.170672655105591,3.007824420928955,6.141528606414795,3.546433925628662,5.421020030975342,3.529507875442505,4.731768608093262,4.36731481552124,2.941493272781372,3.970081329345703,,,,,,,,,,,
2.8566014766693115,2.383445143699646,2.3789767026901245,2.3389925956726074,2.3027355670928955,3.8850802183151245,4.119436264038086,4.5384297370910645,4.817383050918579,3.1081902980804443,7.071795463562012,7.3286073207855225,5.442403078079224,3.1057947874069214,8.799798488616943,5.241290092468262,,,,,,,,,,,,,,,
3.040831446647644,2.19106125831604,2.804123044013977,2.500150442123413,4.849489688873291,3.2346314191818237,3.679534912109375,2.850558876991272,2.4076406955718994,5.264599323272705,3.6480796337127686,6.874599456787109,5.649791717529297,4.914925575256348,4.031618237495422,4.07344126701355,,,,,,,,,,,,,,,
3.281723737716675,5.513984203338623,3.3340736627578735,5.602892875671387,4.2003138065338135,3.095416784286499,2.6850885152816772,2.2628819942474365,2.6574466228485107,2.402586817741394,3.4709686040878296,5.229055404663086,3.8883650302886963,3.6604721546173096,4.524862289428711,4.529069423675537,4.831927299499512,,,,,,,,,,,,,,
3.188630700111389,3.148256301879883,2.9004502296447754,2.9359012842178345,3.494172215461731,5.9286510944366455,3.4874346256256104,5.549511432647705,3.877659797668457,5.711214780807495,4.4052815437316895,3.8421865701675415,3.42064893245697,3.259127140045166,3.8264938592910767,4.907347917556763,4.260200023651123,2.5249944925308228,3.0158764123916626,2.107983946800232,,,,,,,,,,,
3.0476537942886353,2.5606769323349,2.414553999900818,2.5173481702804565,2.49332857131958,1.970679759979248,2.4020423889160156,2.9739054441452026,3.8649768829345703,3.615819215774536,3.8003264665603638,5.764907360076904,4.780950307846069,5.5647337436676025,4.555516004562378,,,,,,,,,,,,,,,,
3.2601780891418457,2.452604055404663,2.270498037338257,2.3767037391662598,3.5416566133499146,3.9427542686462402,6.645803451538086,3.8723883628845215,4.972087621688843,3.590847373008728,4.080720901489258,3.651981830596924,4.622638702392578,4.862211465835571,3.9129170179367065,4.3603246212005615,3.0083154439926147,3.4183855056762695,2.8808473348617554,4.553060531616211,3.1788381338119507,,,,,,,,,,
3.283757448196411,2.6714420318603516,3.0920767784118652,2.7071938514709473,3.2195329666137695,3.79606032371521,3.351135730743408,2.07979416847229,2.7190686464309692,3.511927843093872,3.3135578632354736,3.1913962364196777,4.1688337326049805,3.8487489223480225,3.4142645597457886,3.382177233695984,4.63018536567688,5.318508863449097,,,,,,,,,,,,,
2.6880621910095215,3.261479139328003,2.2649052143096924,2.4497770071029663,2.9981755018234253,2.8429079055786133,3.0182055234909058,2.7569695711135864,2.992333769798279,5.484825372695923,7.789907693862915,4.83430552482605,6.063328981399536,5.01098370552063,4.079714298248291,3.2394803762435913,3.203102707862854,6.3205955028533936,,,,,,,,,,,,,
4.229197025299072,6.100553750991821,2.2753372192382812,2.6689947843551636,2.821581482887268,2.9584829807281494,3.6570873260498047,3.134482502937317,3.8328648805618286,3.4486156702041626,3.676853060722351,3.0222309827804565,2.343760371208191,3.635846257209778,2.582361102104187,2.4218297004699707,5.5986809730529785,4.719004154205322,4.630738258361816,3.9483402967453003,3.8228251934051514,5.154445171356201,6.413729906082153,,,,,,,,
2.9679614305496216,2.423841714859009,2.544027805328369,2.274655342102051,2.4840866327285767,2.8636655807495117,5.383113622665405,3.8601611852645874,3.473647713661194,5.159392356872559,3.9421297311782837,4.243279218673706,4.233432054519653,3.7360122203826904,6.519581079483032,4.335096836090088,3.4556936025619507,4.424966812133789,5.289666175842285,4.566673755645752,,,,,,,,,,,
3.2630313634872437,5.188701152801514,3.84041690826416,3.680506467819214,4.831874847412109,3.3647093772888184,4.998414516448975,5.1735453605651855,6.207076549530029,2.9933329820632935,2.210073709487915,2.4805548191070557,3.8121758699417114,4.735256671905518,4.80896520614624,,,,,,,,,,,,,,,,
2.9679614305496216,2.845900297164917,2.700227379798889,2.060583710670471,2.6714420318603516,2.5204312801361084,2.870634078979492,2.1660356521606445,5.497386455535889,5.347591400146484,3.070829391479492,5.32184910774231,4.897986650466919,3.385786533355713,4.297888517379761,4.4934186935424805,3.9044857025146484,3.4670811891555786,3.0318005084991455,3.557744860649109,4.853702545166016,3.502126097679138,3.770338773727417,4.5067138671875,4.7994771003723145,5.4193902015686035,6.00715446472168,4.462992429733276,,,
3.0980125665664673,2.7775559425354004,2.122897505760193,2.5813881158828735,2.6794755458831787,4.777659177780151,3.8156477212905884,3.584614396095276,3.9392552375793457,5.944673538208008,5.234503984451294,3.786476254463196,3.706266760826111,3.960003972053528,4.555864572525024,,,,,,,,,,,,,,,,
3.8946117162704468,3.7776942253112793,4.816744327545166,7.224412679672241,5.6482994556427,2.9685356616973877,2.8050754070281982,2.1689302921295166,2.4849696159362793,2.765525698661804,2.5380587577819824,3.041721224784851,5.28397274017334,4.045151233673096,,,,,,,,,,,,,,,,,
2.9477189779281616,2.6703739166259766,2.601611375808716,2.6365829706192017,3.1386826038360596,3.6619985103607178,2.9869589805603027,7.017959833145142,6.127957820892334,3.9613754749298096,4.40433144569397,3.5889934301376343,4.849889755249023,4.923612117767334,,,,,,,,,,,,,,,,,
3.0500460863113403,2.35654354095459,2.779522180557251,2.4395614862442017,2.8502583503723145,5.28810453414917,3.394840955734253,4.853553056716919,5.502850294113159,3.768076539039612,4.013031244277954,4.481655120849609,4.487776279449463,3.8492298126220703,,,,,,,,,,,,,,,,,
3.1034488677978516,2.8218406438827515,2.139036536216736,2.742512822151184,2.2635462284088135,1.6791113018989563,2.4807459115982056,2.960506796836853,4.776833772659302,3.5752439498901367,4.267354488372803,4.581758975982666,3.4853821992874146,3.5519371032714844,4.096378326416016,3.4653773307800293,3.3903201818466187,3.2755613327026367,3.212478995323181,3.938384771347046,5.28810453414917,4.9429240226745605,6.418340682983398,5.350837469100952,5.801618337631226,,,,,,
3.1433111429214478,2.356664299964905,2.0417951941490173,2.8935344219207764,2.4805548191070557,2.1982003450393677,2.9584829807281494,4.776833772659302,3.6483975648880005,4.618236064910889,3.4211111068725586,3.772813081741333,3.288766860961914,5.51690936088562,4.860689878463745,4.91416335105896,,,,,,,,,,,,,,,
3.19640851020813,2.853371500968933,3.0769985914230347,2.403090476989746,2.7331427335739136,3.032936215400696,2.73833692073822,2.892959475517273,5.382768869400024,3.8529945611953735,3.912621855735779,5.7470104694366455,4.671692371368408,5.530376672744751,4.83027982711792,4.5017383098602295,3.6446961164474487,3.2976588010787964,3.7489653825759888,,,,,,,,,,,,
2.2542606592178345,2.12320613861084,2.1553794145584106,2.5593767166137695,3.6623313426971436,2.9658877849578857,2.943941354751587,2.269020438194275,3.4320197105407715,2.481007933616638,5.237022876739502,3.86151921749115,2.3735731840133667,3.0994211435317993,3.1365199089050293,3.679748773574829,2.968758702278137,3.2970404624938965,5.120222091674805,5.903645992279053,4.842198133468628,5.543523788452148,,,,,,,,,
2.4720869064331055,3.0211700201034546,2.729038953781128,2.66193163394928,3.175908327102661,5.330489635467529,6.382611036300659,8.522029399871826,4.007518291473389,2.8485941886901855,3.1836209297180176,3.010284423828125,3.7251124382019043,3.078429698944092,3.916662335395813,2.8925745487213135,3.714509606361389,3.7744712829589844,3.24079167842865,6.196173667907715,4.694720983505249,5.371913194656372,4.671658039093018,,,,,,,,
2.9767465591430664,2.3756457567214966,2.6131702661514282,2.7513527870178223,3.8726853132247925,6.596097946166992,3.5391255617141724,3.0720640420913696,4.250817060470581,3.921779751777649,4.66507625579834,3.2488073110580444,3.1200848817825317,3.831334710121155,,,,,,,,,,,,,,,,,
2.3419814109802246,3.0166351795196533,3.4265273809432983,2.9145989418029785,2.220927596092224,2.122897505760193,2.8639644384384155,5.237022876739502,3.629852771759033,5.755407094955444,3.2501769065856934,3.168108344078064,3.0931631326675415,2.69179904460907,4.817107677459717,3.9708070755004883,3.614970564842224,6.667627334594727,,,,,,,,,,,,,
3.0476537942886353,2.2108402252197266,2.889082908630371,2.403289794921875,2.4670162200927734,2.695018768310547,2.757492423057556,2.752296566963196,3.86430287361145,3.2219648361206055,3.365122675895691,4.6384923458099365,4.433460235595703,4.816694498062134,4.468640565872192,5.727736949920654,4.048669695854187,4.1455078125,3.4633636474609375,4.820644378662109,5.447245121002197,4.311583757400513,5.606330394744873,,,,,,,,
2.671801209449768,2.1483367681503296,2.8465248346328735,5.28635311126709,4.18663763999939,5.908233642578125,3.2953675985336304,3.205286145210266,5.9531824588775635,3.78876268863678,2.865201950073242,2.913673162460327,5.496792316436768,,,,,,,,,,,,,,,,,,
3.0041662454605103,2.401695489883423,3.656141519546509,3.5316336154937744,6.395159721374512,5.23062801361084,4.259098291397095,4.67437481880188,4.248359203338623,5.424322605133057,2.8511394262313843,4.2841291427612305,4.76137375831604,3.9131287336349487,3.970795750617981,4.568389654159546,4.065643548965454,5.677602291107178,,,,,,,,,,,,,
3.095201253890991,2.306203246116638,2.6897218227386475,2.525119423866272,2.9392958879470825,2.1466591358184814,2.3682063817977905,2.949338912963867,3.6637604236602783,4.767118215560913,3.7598979473114014,3.38529896736145,4.405842065811157,3.7026305198669434,5.207414150238037,4.933820486068726,3.500749349594116,,,,,,,,,,,,,,
3.196103572845459,2.6724570989608765,2.1078916788101196,2.778323769569397,2.7446682453155518,2.991834878921509,2.7204067707061768,3.10933256149292,6.536810398101807,3.85925555229187,5.717480659484863,4.154616355895996,3.9834922552108765,4.284256458282471,4.780648231506348,3.2745141983032227,5.480342626571655,4.36371374130249,3.495314598083496,5.531031370162964,5.598212718963623,4.060588836669922,,,,,,,,,
3.096728801727295,2.495510458946228,2.5492225885391235,2.7893096208572388,2.235108971595764,2.8567099571228027,2.9982705116271973,5.001150846481323,5.436414957046509,4.0953898429870605,4.799140930175781,4.34067440032959,3.8988996744155884,4.725118398666382,4.002123832702637,4.20261549949646,3.7867019176483154,5.694610118865967,3.549960732460022,3.8193519115448,4.614246129989624,,,,,,,,,,
3.083091974258423,2.6868209838867188,2.1691129207611084,2.982953190803528,2.546091079711914,2.3454099893569946,2.7314560413360596,2.9054027795791626,3.01884388923645,3.4105424880981445,3.5639759302139282,3.75363290309906,4.955929756164551,5.452607154846191,4.72598671913147,3.2575340270996094,3.848981261253357,3.523254871368408,,,,,,,,,,,,,
2.966083526611328,2.391387939453125,2.2703481912612915,2.0784010887145996,2.738474488258362,2.6688966751098633,2.538495898246765,5.033470630645752,5.862080335617065,4.277904510498047,3.3226261138916016,3.864243268966675,3.227713108062744,3.0705270767211914,5.936099052429199,4.056644916534424,3.360934615135193,4.173505544662476,5.308099031448364,5.96887469291687,3.6544249057769775,3.8874658346176147,5.33044171333313,,,,,,,,
2.4526877403259277,2.8510324954986572,3.172224760055542,2.9748694896698,2.0743848085403442,3.472904324531555,3.129802107810974,5.382768869400024,4.418111801147461,3.520068049430847,3.2630515098571777,3.1898545026779175,4.743397951126099,5.224174737930298,3.2580965757369995,4.113810062408447,5.678231239318848,4.777228593826294,,,,,,,,,,,,,
3.2565771341323853,3.2045624256134033,2.7176458835601807,3.075115203857422,2.210404396057129,2.2805689573287964,2.508173704147339,3.5605281591415405,5.234503984451294,3.8820658922195435,3.805130362510681,2.7121063470840454,3.352542996406555,3.109809160232544,4.932327508926392,4.13520073890686,4.137899160385132,5.468717336654663,4.765846014022827,,,,,,,,,,,,
2.966083526611328,2.4021522998809814,2.10711669921875,1.9734365344047546,2.6937464475631714,2.77773118019104,2.8375613689422607,2.853371500968933,4.023591876029968,4.417510747909546,7.131660461425781,3.300036668777466,5.632961273193359,4.2003138065338135,5.815812587738037,4.7074878215789795,5.258044719696045,,,,,,,,,,,,,,
2.9664067029953003,2.2743529081344604,2.1624516248703003,2.842990756034851,2.9380401372909546,5.7188026905059814,3.9603992700576782,3.344905138015747,4.278725624084473,3.6584932804107666,4.492927074432373,3.1428438425064087,4.730544090270996,3.0878020524978638,3.7605156898498535,5.689918041229248,3.981430411338806,,,,,,,,,,,,,,
2.3816717863082886,2.2649052143096924,4.329600811004639,2.518283486366272,3.2546820640563965,3.366482138633728,3.0024298429489136,2.795328736305237,3.2354525327682495,2.9135968685150146,2.570554494857788,4.90553617477417,4.799140930175781,3.7752845287323,4.721055030822754,5.2095627784729,4.967092037200928,4.178726673126221,3.3073501586914062,,,,,,,,,,,,
2.8475253582000732,2.3396934270858765,2.087447166442871,5.484825372695923,5.029700994491577,7.946218729019165,7.59353232383728,3.7957345247268677,4.519873857498169,2.905552864074707,3.0797207355499268,3.009647250175476,3.3947747945785522,4.525304555892944,3.8760918378829956,5.427014589309692,3.9502437114715576,5.954895496368408,5.196601867675781,,,,,,,,,,,,
2.966083526611328,2.19106125831604,2.5557960271835327,2.5775296688079834,2.4671448469161987,2.6504958868026733,2.2646894454956055,3.492260456085205,3.961630940437317,3.864541172981262,4.167968273162842,4.113120794296265,5.6375508308410645,3.5154035091400146,3.764229655265808,2.9315744638442993,4.80538272857666,4.237685441970825,5.381009101867676,,,,,,,,,,,,
3.0832492113113403,2.7642675638198853,1.9793519973754883,2.332566022872925,2.3356999158859253,2.5991153717041016,2.254080653190613,2.5239102840423584,2.9048962593078613,2.1401957273483276,2.864990472793579,3.018070340156555,4.8896803855896,4.541126728057861,4.412252902984619,4.375857830047607,3.7742127180099487,3.4200958013534546,3.514133095741272,8.559715270996094,4.928953170776367,,,,,,,,,,
2.966083526611328,2.3240270614624023,2.2739789485931396,2.4935004711151123,2.3323845863342285,2.6283745765686035,3.8622162342071533,6.687704086303711,4.816725254058838,5.1569366455078125,4.691537141799927,4.075617074966431,4.225050210952759,3.2602524757385254,3.468238353729248,3.2938883304595947,4.862886190414429,,,,,,,,,,,,,,
