0,1,2,3,4,5,6,7,8,9,10,11,12,13,14,15,16,17,18,19,20,21,22,23,24,25,26
2.9710344076156616,2.899275541305542,4.349221229553223,3.442779302597046,3.807231903076172,5.200114011764526,4.217534780502319,3.4773606061935425,3.2605597972869873,5.155143976211548,6.828627824783325,6.194822311401367,,,,,,,,,,,,,,,
3.6315531730651855,2.358451247215271,3.2804436683654785,2.8033517599105835,2.591188430786133,2.1219431161880493,3.333000898361206,3.0698872804641724,5.116399526596069,4.025184154510498,6.518362760543823,4.13739800453186,4.3052873611450195,4.255931854248047,4.373909950256348,6.635054588317871,,,,,,,,,,,
3.4941776990890503,3.357110023498535,3.402562379837036,3.250229597091675,4.428112745285034,3.6432489156723022,4.180410861968994,6.099428653717041,7.1524128913879395,4.164600133895874,3.930402159690857,3.8344178199768066,3.9038249254226685,3.513609290122986,4.970599889755249,,,,,,,,,,,,
3.860275983810425,3.344396948814392,2.494225263595581,2.21087384223938,2.897347092628479,3.3897640705108643,4.283355474472046,3.629853844642639,2.708694577217102,3.192507028579712,3.348640203475952,5.634519815444946,,,,,,,,,,,,,,,
2.869598150253296,3.2094963788986206,2.5366833209991455,3.814875364303589,5.64474081993103,5.433265447616577,5.358011245727539,3.956317663192749,2.8467817306518555,3.8761842250823975,3.3663250207901,3.7474972009658813,4.325237274169922,6.174501657485962,,,,,,,,,,,,,
3.4668060541152954,2.8648406267166138,3.3410452604293823,4.3517844676971436,4.113938808441162,6.674817800521851,4.672734975814819,3.8427170515060425,3.93293035030365,5.8703460693359375,4.2208709716796875,,,,,,,,,,,,,,,,
3.131648063659668,2.300224542617798,3.023953676223755,5.023470878601074,4.267977714538574,4.2544779777526855,3.7930054664611816,6.549768686294556,4.984684944152832,5.0979766845703125,4.296371698379517,5.861940145492554,5.083316802978516,6.183792352676392,3.5070202350616455,4.5476438999176025,4.418691635131836,3.6026819944381714,5.652722358703613,4.527339458465576,3.7225258350372314,,,,,,
3.792541742324829,2.848555564880371,2.3248218297958374,2.3362985849380493,3.203080177307129,3.1451038122177124,4.750643968582153,6.148961305618286,4.930603742599487,4.113205909729004,4.211453199386597,6.436460018157959,5.810423135757446,5.188695669174194,,,,,,,,,,,,,
3.222968339920044,3.358603835105896,2.2615556716918945,3.538072347640991,3.578136682510376,5.023818731307983,4.0367820262908936,4.63315749168396,5.434734344482422,7.592806577682495,3.948805809020996,4.029155731201172,3.6554144620895386,4.337694406509399,4.15843939781189,,,,,,,,,,,,
3.2550463676452637,2.772772431373596,2.9343329668045044,2.500730872154236,3.5342944860458374,4.896231651306152,3.660985589027405,3.6883610486984253,4.410447120666504,5.4284374713897705,4.349091291427612,3.4773606061935425,4.136622905731201,4.629914045333862,4.741962432861328,5.586954355239868,5.940890550613403,5.401095151901245,4.027273893356323,,,,,,,,
3.464988350868225,3.0215132236480713,3.2238398790359497,3.2448103427886963,2.89986789226532,4.836810827255249,3.8242087364196777,4.25620174407959,3.863901734352112,3.9487643241882324,3.6860389709472656,4.430768728256226,5.686932325363159,8.358083724975586,6.963439702987671,,,,,,,,,,,,
3.0082114934921265,2.604364037513733,2.299599051475525,4.015916705131531,3.9694005250930786,3.8877676725387573,5.861852407455444,4.035226583480835,5.214981555938721,4.2039618492126465,2.9430936574935913,3.4549219608306885,3.6765166521072388,4.8734822273254395,6.503748416900635,5.930144309997559,,,,,,,,,,,
3.90134060382843,3.0114517211914062,2.9126824140548706,5.938825368881226,4.249372720718384,5.073110342025757,5.5887157917022705,3.1971651315689087,2.300224542617798,3.0051859617233276,2.775634527206421,3.0276094675064087,2.923291325569153,2.9841368198394775,5.819073915481567,3.730219006538391,4.849202632904053,3.868629813194275,4.917981386184692,3.8710907697677612,6.032863616943359,,,,,,
3.1921738386154175,5.827513694763184,3.3125228881835938,3.759547710418701,3.7708765268325806,3.2620280981063843,3.6011301279067993,2.7912096977233887,3.569769501686096,3.667797088623047,4.285234212875366,3.0506595373153687,3.2668440341949463,3.06358003616333,3.7705464363098145,6.008594036102295,3.9319276809692383,,,,,,,,,,
2.992582082748413,4.786895275115967,2.9841368198394775,2.9581596851348877,4.101191997528076,3.362726330757141,4.833932638168335,7.73677396774292,5.69302225112915,4.3704118728637695,3.79678213596344,4.342196106910706,6.258606433868408,,,,,,,,,,,,,,
3.468031167984009,2.9581596851348877,2.1231441497802734,2.8059651851654053,2.7366652488708496,5.154332160949707,4.431795358657837,4.047918796539307,4.982022047042847,3.819815754890442,4.349221229553223,4.437097549438477,7.098651647567749,4.128504991531372,4.320101499557495,6.632339715957642,4.701612234115601,5.831271648406982,,,,,,,,,
2.5999200344085693,3.49434757232666,4.363174676895142,3.707411050796509,3.2155250310897827,3.5606329441070557,2.467651128768921,4.6294872760772705,6.920042276382446,6.197641134262085,6.938849687576294,,,,,,,,,,,,,,,,
3.196563482284546,2.7215988636016846,2.545949339866638,2.1151182651519775,2.910119414329529,2.7988641262054443,4.4581992626190186,4.924233913421631,5.238212823867798,3.827159881591797,4.252894163131714,4.295278310775757,3.7924314737319946,3.4043203592300415,4.4521708488464355,6.197641134262085,,,,,,,,,,,
4.110981702804565,2.3248218297958374,3.326127767562866,2.360323905944824,2.8114885091781616,3.3636488914489746,3.573562979698181,6.575489282608032,6.169324636459351,6.090653419494629,5.1452858448028564,3.254295587539673,5.820167064666748,4.302862644195557,,,,,,,,,,,,,
3.82257080078125,2.603684425354004,3.645037293434143,2.9170979261398315,3.347019076347351,2.9933770895004272,2.777847647666931,2.5910578966140747,2.4907981157302856,2.758285403251648,4.801072120666504,4.129165887832642,4.267671823501587,6.503748416900635,4.212480783462524,5.458058595657349,4.431795358657837,,,,,,,,,,
3.267483949661255,3.201864719390869,2.865885376930237,2.261760950088501,2.8043980598449707,4.192253589630127,4.784956455230713,3.2837064266204834,3.3694381713867188,5.125664472579956,8.869526863098145,4.338916063308716,6.095086574554443,3.937316060066223,3.6378077268600464,4.166811943054199,,,,,,,,,,,
3.046466827392578,2.300224542617798,2.803475260734558,2.9864251613616943,4.125417232513428,3.9674240350723267,2.9172682762145996,3.3047889471054077,6.1017374992370605,3.869122624397278,4.479292511940002,4.614278554916382,3.941272497177124,6.587112665176392,,,,,,,,,,,,,
3.847424030303955,2.992416024208069,2.424660086631775,2.123018980026245,2.8800963163375854,3.2273091077804565,3.5707521438598633,3.744567036628723,3.3634132146835327,3.5262726545333862,5.155143976211548,4.245800018310547,6.1990742683410645,5.1086931228637695,4.784271478652954,5.810423135757446,3.89249587059021,,,,,,,,,,
3.2783282995224,2.9124553203582764,3.207714080810547,3.867756962776184,3.034885883331299,3.575252652168274,3.6199254989624023,4.924258470535278,3.922098398208618,6.6513965129852295,4.326345920562744,8.489373207092285,4.830935955047607,4.644626617431641,,,,,,,,,,,,,
3.15975022315979,2.8958295583724976,3.5919532775878906,3.315969944000244,3.252386212348938,3.444233775138855,3.792541742324829,2.8330386877059937,2.8677767515182495,2.7256734371185303,4.930603742599487,6.766705513000488,4.442532062530518,4.460449695587158,5.74229621887207,4.973868131637573,4.311615228652954,,,,,,,,,,
3.512316107749939,2.9780017137527466,2.2000319957733154,3.4709296226501465,3.161154627799988,3.3608351945877075,6.1990742683410645,3.888113021850586,5.0501978397369385,4.8922834396362305,3.664401650428772,4.757321357727051,4.936535835266113,6.767383098602295,,,,,,,,,,,,,
3.7752106189727783,6.337139844894409,4.808305740356445,4.929495334625244,4.61267876625061,4.444072723388672,3.8205493688583374,3.849278688430786,4.6351494789123535,3.2962088584899902,3.36100697517395,3.1955878734588623,2.8719557523727417,4.287620306015015,3.840465784072876,4.000971555709839,5.754376173019409,3.857855439186096,6.409185409545898,3.8209495544433594,,,,,,,
3.365753650665283,2.4690663814544678,6.379358291625977,4.571502685546875,4.752414226531982,3.9487643241882324,4.101674556732178,4.0367820262908936,3.3243380784988403,4.923798561096191,3.0099607706069946,2.3142141103744507,3.259726881980896,2.629387140274048,6.374593496322632,3.7437942028045654,3.7324734926223755,4.466900825500488,,,,,,,,,
2.8719557523727417,2.3132985830307007,3.37302565574646,3.1826943159103394,3.3827003240585327,3.0088618993759155,4.090736150741577,4.51711630821228,5.821712493896484,4.165675640106201,2.86487877368927,3.3552732467651367,5.412724494934082,7.931921482086182,3.3890777826309204,6.2520012855529785,,,,,,,,,,,
3.815819263458252,2.651555299758911,2.6740249395370483,3.6794955730438232,3.2545323371887207,3.577911376953125,6.086427211761475,4.154986143112183,8.635958671569824,7.043600797653198,3.2595962285995483,2.3242679834365845,4.208365201950073,3.847718596458435,2.7875750064849854,4.903499126434326,7.767492294311523,6.095086574554443,,,,,,,,,
2.9928618669509888,2.2000319957733154,2.765365719795227,3.7890560626983643,4.448303461074829,4.217534780502319,3.466230869293213,3.0876824855804443,2.7815476655960083,3.6999157667160034,7.125383377075195,4.897594451904297,4.7367682456970215,,,,,,,,,,,,,,
3.8695926666259766,2.985826253890991,2.2001901865005493,3.4014127254486084,3.704835534095764,3.3824050426483154,5.716723918914795,4.252900838851929,4.338473796844482,4.282103061676025,4.486828804016113,6.1188132762908936,7.274361610412598,7.408156156539917,,,,,,,,,,,,,
3.335236430168152,3.2658963203430176,2.5480557680130005,2.8405460119247437,2.9181621074676514,3.6357709169387817,3.0514607429504395,2.5515373945236206,3.7286828756332397,3.8525174856185913,8.665439128875732,4.949426174163818,4.328473806381226,3.103948473930359,5.684916734695435,5.0487220287323,5.27155876159668,7.2983152866363525,6.314014911651611,,,,,,,,
2.3577526807785034,3.259726881980896,2.5531744956970215,4.33653712272644,3.4709296226501465,5.15661883354187,4.33569860458374,3.000638484954834,5.817304372787476,6.258334159851074,4.3615782260894775,3.65310800075531,4.277215003967285,4.015010356903076,3.0542279481887817,3.120597004890442,8.2267906665802,,,,,,,,,,
4.106094121932983,3.2425355911254883,4.358619451522827,3.578969955444336,2.992582082748413,2.3246543407440186,2.849007725715637,5.800410509109497,4.78981351852417,3.8211435079574585,3.586747169494629,3.8509334325790405,3.588159203529358,3.3522626161575317,5.802414894104004,7.708055734634399,,,,,,,,,,,
3.571727991104126,2.9928618669509888,2.3323923349380493,2.5539737939834595,2.3914666175842285,3.111374020576477,5.82748007774353,4.309896230697632,,,,,,,,,,,,,,,,,,,
3.102576971054077,2.199908137321472,3.374273657798767,3.502337336540222,3.818694233894348,5.8317906856536865,3.864094614982605,4.752069711685181,4.052478551864624,4.247030735015869,3.916696310043335,5.048638820648193,4.350876808166504,6.638909339904785,9.402989864349365,,,,,,,,,,,,
3.4773802757263184,2.4454381465911865,2.244070053100586,3.0020779371261597,3.298183798789978,2.8504639863967896,4.240275859832764,3.781359553337097,4.455398797988892,5.246732711791992,6.9801459312438965,4.741011381149292,7.304469585418701,4.973744630813599,5.384698867797852,4.453312397003174,6.635054588317871,3.8531934022903442,,,,,,,,,
3.8693201541900635,2.3911468982696533,3.1453158855438232,2.2615556716918945,3.852078080177307,2.706995725631714,2.8495079278945923,6.258334159851074,5.861274003982544,4.949568510055542,4.749660968780518,4.184848785400391,,,,,,,,,,,,,,,
2.9228779077529907,3.478250741958618,3.2255477905273438,3.2715272903442383,4.108471870422363,3.00484037399292,2.9438700675964355,3.6717246770858765,3.284825086593628,9.203729629516602,7.480485439300537,4.430152416229248,4.115370035171509,5.020301818847656,6.839345932006836,,,,,,,,,,,,
3.150709629058838,3.1559765338897705,2.2999414205551147,3.7955373525619507,3.8360044956207275,3.5906906127929688,3.360280752182007,3.467896580696106,4.191308975219727,5.157430648803711,6.1796393394470215,8.940572738647461,3.8176016807556152,5.17401647567749,4.505601167678833,4.290070295333862,5.031200647354126,5.045161724090576,4.214114546775818,3.6738741397857666,,,,,,,
3.5827982425689697,2.9703348875045776,2.917118787765503,3.0461959838867188,2.9813907146453857,4.522422790527344,6.343676805496216,5.6389055252075195,3.845098614692688,4.879332780838013,9.309794425964355,,,,,,,,,,,,,,,,
2.24470055103302,2.29845929145813,3.0051859617233276,2.577511429786682,2.55325984954834,5.330380916595459,4.713289022445679,3.9129276275634766,3.3350294828414917,3.042899489402771,4.136381149291992,3.474658966064453,4.835614204406738,4.961549758911133,5.2009923458099365,8.117061614990234,5.339323997497559,8.46700668334961,3.4806878566741943,4.475525140762329,,,,,,,
4.807267665863037,3.3326224088668823,4.336531400680542,3.4670270681381226,2.5751876831054688,5.290555000305176,5.889235019683838,3.867756962776184,3.8184425830841064,4.50634241104126,3.927025079727173,4.387198448181152,4.647509813308716,5.686007976531982,4.223044395446777,4.982696056365967,3.78189480304718,2.5411605834960938,3.0107985734939575,3.116860270500183,5.5581769943237305,6.159051418304443,2.989389657974243,,,,
3.087988495826721,4.179515361785889,3.8103281259536743,5.695366144180298,4.133652210235596,3.9030232429504395,2.987519860267639,6.2498180866241455,4.113205909729004,2.5775610208511353,3.9341927766799927,6.197641134262085,3.616468667984009,,,,,,,,,,,,,,
3.5011943578720093,2.393059730529785,2.497511625289917,3.2418689727783203,4.166366815567017,3.8516905307769775,6.417403936386108,5.066256046295166,4.4539783000946045,4.236667156219482,3.9513638019561768,4.043561220169067,3.179962635040283,5.145009517669678,3.5345170497894287,3.350313186645508,2.8059651851654053,2.2448781728744507,3.12786328792572,2.7946969270706177,6.212594270706177,4.324569940567017,4.60591459274292,3.8460253477096558,4.590261459350586,4.2893102169036865,6.045151472091675
3.347011089324951,2.7094571590423584,2.8614063262939453,2.9172827005386353,5.416202783584595,5.5276572704315186,3.8132121562957764,7.601412296295166,3.743160605430603,4.847800016403198,4.187834024429321,6.322462320327759,7.129300355911255,,,,,,,,,,,,,,
2.441160559654236,2.4611889123916626,3.2021313905715942,2.9092085361480713,3.8175387382507324,3.3068103790283203,2.7832813262939453,4.142878532409668,5.157430648803711,4.124399423599243,5.093143939971924,6.102862596511841,3.792520761489868,4.159818410873413,7.527535915374756,3.099665641784668,,,,,,,,,,,
3.864996552467346,2.8756457567214966,2.6960779428482056,3.4913151264190674,3.5273061990737915,2.848555564880371,3.517326235771179,3.542268395423889,6.503748416900635,4.433896780014038,3.883610963821411,5.3531575202941895,4.22601842880249,5.66251277923584,2.991581082344055,2.8716588020324707,,,,,,,,,,,
2.848555564880371,2.4911153316497803,2.0811004638671875,3.867756962776184,3.985681653022766,3.631470799446106,3.360089898109436,3.767327308654785,4.199877977371216,3.4794052839279175,7.134861946105957,5.350878000259399,4.585848093032837,4.919808387756348,,,,,,,,,,,,,
3.0114179849624634,2.199531316757202,3.586426019668579,3.252475142478943,3.8747100830078125,5.157430648803711,5.675026893615723,3.644877314567566,6.745861291885376,3.6777565479278564,4.924127578735352,4.014132738113403,6.214879035949707,,,,,,,,,,,,,,
3.8147588968276978,2.849265933036804,2.3247125148773193,3.6687909364700317,2.9816911220550537,4.806151390075684,5.5581769943237305,4.7789626121521,4.303520679473877,6.425118446350098,5.808103799819946,4.225425958633423,,,,,,,,,,,,,,,
3.464988350868225,2.6513452529907227,2.655103087425232,3.255892753601074,3.204613447189331,2.7273216247558594,2.540058135986328,3.143797755241394,2.7701677083969116,2.372880458831787,5.819648027420044,3.8535584211349487,4.3001484870910645,4.047363758087158,4.706617593765259,4.806328058242798,6.669643402099609,6.748832941055298,,,,,,,,,
2.9855891466140747,4.2946202754974365,3.536031723022461,2.8479795455932617,2.1996822357177734,3.5694905519485474,6.723607063293457,5.83872127532959,3.8174718618392944,3.2086963653564453,5.910225868225098,4.246631622314453,6.188350439071655,4.162513971328735,6.709148645401001,,,,,,,,,,,,
3.599574327468872,2.917149305343628,2.8114447593688965,3.3837239742279053,3.086177706718445,3.203397750854492,4.542397737503052,3.921578884124756,4.970599889755249,5.697080373764038,4.319962978363037,4.9117431640625,4.349443435668945,4.976740121841431,5.827513694763184,6.493474960327148,6.171738147735596,,,,,,,,,,
3.1343653202056885,2.375968337059021,3.826391577720642,4.118920564651489,4.299813270568848,3.4794052839279175,4.352429389953613,3.615281581878662,6.365339756011963,3.5552380084991455,3.7903547286987305,3.4557502269744873,7.178158521652222,,,,,,,,,,,,,,
3.2597763538360596,2.4280933141708374,2.4457446336746216,2.8338983058929443,3.1954795122146606,3.3489640951156616,3.5908360481262207,4.631091594696045,3.368728756904602,3.9232059717178345,4.127285003662109,6.538702011108398,4.780391454696655,4.826887607574463,3.3286871910095215,5.730753660202026,4.868265867233276,,,,,,,,,,
3.464869737625122,2.299938917160034,2.77302622795105,2.8058212995529175,2.987042546272278,4.578281879425049,3.8726749420166016,6.5686235427856445,3.971147060394287,3.704978823661804,4.1086273193359375,,,,,,,,,,,,,,,,
3.5011943578720093,3.1679224967956543,5.585716247558594,4.182061672210693,4.957736968994141,3.77828586101532,5.5386128425598145,4.660870790481567,2.9237321615219116,2.792639970779419,3.5000540018081665,3.862833023071289,4.427556753158569,,,,,,,,,,,,,,
4.138028144836426,2.318772554397583,3.4768518209457397,5.817304372787476,2.917149305343628,2.432572603225708,3.665253758430481,3.490108370780945,3.636337637901306,5.82748007774353,3.043891668319702,3.8695863485336304,4.629926443099976,4.904241323471069,9.59917163848877,,,,,,,,,,,,
3.5827982425689697,2.849007725715637,2.1231441497802734,2.724897861480713,3.4651416540145874,6.622426986694336,4.775468826293945,5.127490520477295,4.397772312164307,4.512674570083618,4.411801338195801,4.431274175643921,,,,,,,,,,,,,,,
3.645737409591675,2.9172682762145996,2.9527037143707275,2.6509209871292114,3.1572155952453613,4.233856201171875,3.5356186628341675,3.138399124145508,5.820167064666748,3.757725954055786,4.160158157348633,4.190298318862915,4.108837127685547,3.0472795963287354,3.482762932777405,4.973744630813599,4.0395612716674805,,,,,,,,,,
3.6307411193847656,2.3244603872299194,2.7094571590423584,2.9161016941070557,2.958001136779785,3.2868067026138306,2.8654942512512207,5.145009517669678,6.0545408725738525,4.78981351852417,4.185117244720459,6.1982667446136475,5.072893142700195,6.869332790374756,6.075230121612549,4.014132738113403,3.898721218109131,,,,,,,,,,
4.10873818397522,3.1554198265075684,4.175779819488525,3.670295238494873,2.848696708679199,2.7880818843841553,3.576305627822876,3.6639844179153442,3.6182126998901367,3.363424062728882,2.8494715690612793,3.7915806770324707,7.158020973205566,7.3156960010528564,,,,,,,,,,,,,
3.642160415649414,3.0940802097320557,3.3247251510620117,3.202032446861267,3.249609351158142,2.992260456085205,3.316133141517639,5.85672926902771,4.6734418869018555,4.395291566848755,4.660870790481567,6.242361307144165,4.67561149597168,4.692199468612671,4.7887842655181885,4.104208946228027,4.371104001998901,3.7468758821487427,3.8602142333984375,5.417486190795898,,,,,,,
3.2048367261886597,2.86487877368927,4.027519702911377,3.3664790391921997,5.098957300186157,3.208751916885376,2.3312313556671143,3.8591718673706055,3.630201578140259,3.011190176010132,3.36831533908844,6.8379316329956055,5.529600381851196,5.626790761947632,4.937673091888428,6.095086574554443,,,,,,,,,,,
3.272948145866394,2.6955260038375854,3.2007498741149902,2.849007725715637,2.8518009185791016,6.419544696807861,3.8469719886779785,4.068322658538818,3.303926110267639,4.765225172042847,4.91030216217041,3.96842622756958,3.8040300607681274,2.9427812099456787,,,,,,,,,,,,,
3.29643976688385,5.129777193069458,3.220512270927429,2.2000319957733154,3.110919237136841,3.8728655576705933,3.5906423330307007,3.297773599624634,5.689561367034912,3.7925679683685303,3.1795942783355713,4.938492298126221,,,,,,,,,,,,,,,
2.4454381465911865,3.2984840869903564,2.4771372079849243,3.1647711992263794,2.708946108818054,2.7195247411727905,3.5345170497894287,4.147934198379517,5.1821699142456055,3.5059009790420532,6.698910474777222,3.314061999320984,2.765469789505005,5.1682188510894775,4.199970483779907,3.8664520978927612,3.6085301637649536,3.657811760902405,3.6741228103637695,3.482051968574524,2.7704566717147827,5.852491617202759,6.459930658340454,,,,
4.123496770858765,3.0114179849624634,2.358451247215271,2.7361843585968018,3.8472665548324585,3.5964767932891846,3.598269462585449,3.7544890642166138,3.5626145601272583,3.357418656349182,5.82748007774353,5.2024455070495605,4.38920783996582,,,,,,,,,,,,,,
3.4963877201080322,2.7274484634399414,2.910119414329529,4.200769901275635,5.088820934295654,5.5014026165008545,5.826023101806641,4.973744630813599,3.7931946516036987,4.281938314437866,4.172775745391846,3.6948060989379883,6.7388763427734375,3.3691447973251343,2.3737913370132446,3.1090413331985474,3.3038995265960693,2.791579484939575,3.810020089149475,5.81394362449646,4.68204140663147,2.261760950088501,,,,,
3.464988350868225,3.0853347778320312,3.1625795364379883,2.8056358098983765,2.6902190446853638,2.996552348136902,3.01220703125,3.081906795501709,4.461988210678101,7.149940490722656,4.775468826293945,4.310991048812866,3.8763471841812134,4.337610483169556,5.85672926902771,5.358011245727539,5.06990122795105,7.673774003982544,,,,,,,,,
3.1971651315689087,2.2457196712493896,2.985826253890991,5.4262120723724365,4.040251016616821,4.80512547492981,4.152004957199097,3.7601736783981323,4.759010076522827,4.433984041213989,4.095942974090576,3.475274682044983,4.614278554916382,3.598663330078125,8.431350708007812,5.715997934341431,,,,,,,,,,,
2.7092864513397217,2.1201016902923584,3.14201021194458,3.2021313905715942,2.687731146812439,2.9861533641815186,4.935741662979126,3.793078303337097,3.5943697690963745,3.951640009880066,4.255860090255737,2.96258008480072,5.817061185836792,8.22493028640747,6.128735303878784,3.5000540018081665,2.9995970726013184,3.8861488103866577,4.612790822982788,5.092627763748169,,,,,,,
3.196563482284546,3.086876630783081,2.8623989820480347,2.8059417009353638,2.5332473516464233,3.876942753791809,3.7470808029174805,3.6282758712768555,6.984344005584717,5.723814010620117,8.798453330993652,6.686172246932983,5.106156587600708,,,,,,,,,,,,,,
3.2048367261886597,2.646663188934326,2.450017213821411,2.843558669090271,2.842900276184082,5.222630739212036,3.9849060773849487,3.768525719642639,3.430354952812195,4.291566371917725,3.3629928827285767,7.717072486877441,,,,,,,,,,,,,,,
3.1788272857666016,3.1791146993637085,4.48336386680603,4.0255513191223145,3.8784230947494507,3.3689284324645996,4.772817850112915,5.1551947593688965,6.194111347198486,6.55112099647522,2.9153770208358765,3.457497239112854,2.723190665245056,3.0824899673461914,3.730223774909973,4.897318363189697,4.057363271713257,5.692003011703491,5.127740859985352,,,,,,,,
2.9172682762145996,3.6934618949890137,2.1219431161880493,2.4861358404159546,3.363187789916992,4.080778121948242,5.067554473876953,2.960017681121826,4.495281219482422,3.0472795963287354,6.419544696807861,5.4265525341033936,,,,,,,,,,,,,,,
3.464988350868225,2.300224542617798,3.006985902786255,4.294557571411133,4.118670225143433,3.630094289779663,5.645230293273926,4.349748134613037,7.266488313674927,4.858993291854858,5.637720346450806,6.3204169273376465,5.285712003707886,,,,,,,,,,,,,,
2.924459218978882,3.4052127599716187,5.090224027633667,4.309896230697632,4.007348299026489,3.8362834453582764,7.9337475299835205,6.772487640380859,6.942129135131836,8.231273651123047,5.5491838455200195,4.711226940155029,4.14624547958374,4.028774976730347,3.3496384620666504,3.2090448141098022,4.710652112960815,,,,,,,,,,
3.6315531730651855,3.0711034536361694,2.850945830345154,2.2000319957733154,3.2156723737716675,3.024340271949768,5.864715099334717,4.296612501144409,6.9859349727630615,6.0886735916137695,4.696019887924194,5.631248712539673,,,,,,,,,,,,,,,
2.8507862091064453,2.5335291624069214,3.670293092727661,3.8479971885681152,2.998641848564148,3.357314944267273,2.446885108947754,3.0946292877197266,4.267977714538574,5.817304372787476,6.102862596511841,4.999674320220947,4.085716485977173,3.9580330848693848,4.924968719482422,6.367761135101318,,,,,,,,,,,
3.2021313905715942,2.3248218297958374,2.9579055309295654,2.5815013647079468,4.792071342468262,3.7586597204208374,3.5373615026474,3.498504161834717,4.1749584674835205,3.4597208499908447,5.140958309173584,7.592098236083984,,,,,,,,,,,,,,,
3.543295383453369,2.992582082748413,2.5778311491012573,2.295923352241516,2.5787830352783203,2.24470055103302,2.472103238105774,3.2725456953048706,3.3751163482666016,4.3344056606292725,3.1261011362075806,7.073453426361084,4.442139625549316,3.6544967889785767,3.9267396926879883,5.2150280475616455,3.8832250833511353,3.6771024465560913,,,,,,,,,
3.6725836992263794,2.998641848564148,2.3248218297958374,2.549636721611023,2.62958300113678,2.785003423690796,2.9105417728424072,3.4663732051849365,3.349908471107483,3.067508578300476,5.693973779678345,3.826216697692871,4.496437072753906,4.234635829925537,7.526259660720825,,,,,,,,,,,,
3.7927178144454956,2.848696708679199,2.246355175971985,3.2089943885803223,3.1383707523345947,3.5525277853012085,3.4911861419677734,4.268647193908691,5.723747491836548,5.27155876159668,5.088321208953857,6.379358291625977,4.081729054450989,4.382626295089722,8.089115858078003,,,,,,,,,,,,
3.250193476676941,3.599580407142639,4.38670539855957,4.171571731567383,2.8040435314178467,3.5330090522766113,3.3486634492874146,3.3731895685195923,3.060986042022705,3.879845380783081,3.9328789710998535,4.005999326705933,3.3717092275619507,4.33569860458374,3.821556329727173,3.8005123138427734,4.642904996871948,6.121267795562744,7.3879923820495605,5.874844312667847,2.984951138496399,,,,,,
3.139746904373169,3.8946117162704468,2.635198950767517,3.985300660133362,3.6315531730651855,2.9855891466140747,3.403070330619812,3.0178112983703613,3.8913031816482544,3.7197535037994385,4.985300064086914,5.82748007774353,4.930818557739258,5.103193998336792,,,,,,,,,,,,,
3.016239285469055,2.9064505100250244,4.4688310623168945,5.1282103061676025,4.7772839069366455,3.349371552467346,6.60265326499939,2.603684425354004,3.341381072998047,2.6960779428482056,3.238706588745117,2.376304268836975,4.431674242019653,4.105266571044922,3.730407476425171,3.723229169845581,5.582463264465332,4.590475082397461,2.8424453735351562,3.2139391899108887,,,,,,,
3.7331513166427612,3.012850284576416,2.917310118675232,2.29465913772583,2.9129281044006348,3.507635474205017,4.327087879180908,3.2628477811813354,4.806151390075684,3.846649646759033,6.218533515930176,4.708598375320435,4.296172380447388,2.9743353128433228,3.9551814794540405,,,,,,,,,,,,
3.464869737625122,2.606348991394043,2.9841368198394775,3.298183798789978,2.6502519845962524,2.3482677936553955,2.873347759246826,3.230023741722107,6.374071836471558,5.690752029418945,5.825490951538086,4.28167986869812,3.676469326019287,4.321110486984253,5.813980579376221,4.796853303909302,3.582827568054199,3.693743109703064,7.134861946105957,,,,,,,,
2.992416024208069,2.358451247215271,2.300224542617798,2.4603376388549805,3.7817468643188477,3.0175933837890625,3.194074273109436,3.9239611625671387,3.08750581741333,2.6452293395996094,4.973744630813599,6.377021551132202,3.36100697517395,6.168342113494873,5.130924463272095,,,,,,,,,,,,
3.6442434787750244,3.071552276611328,2.6462897062301636,2.426200032234192,2.323011875152588,3.1545913219451904,2.801248550415039,6.359315872192383,4.3178956508636475,4.109339952468872,3.9883066415786743,4.3747398853302,4.041323900222778,4.933196544647217,,,,,,,,,,,,,
2.441683292388916,2.99847674369812,4.166961908340454,3.3591158390045166,3.1267383098602295,2.358548641204834,2.890765070915222,3.4982540607452393,3.8644856214523315,3.1092240810394287,3.615548253059387,5.076472520828247,4.165613651275635,5.087716579437256,4.416404485702515,5.523561000823975,6.376452684402466,4.095794916152954,6.212594270706177,4.355116367340088,,,,,,,
3.8220030069351196,2.917118787765503,3.307743787765503,4.862211465835571,4.128249883651733,7.079850435256958,5.139930963516235,2.8625162839889526,3.1319351196289062,2.1219431161880493,3.7483134269714355,2.3635154962539673,3.5528546571731567,6.090350151062012,5.63466215133667,3.8401341438293457,,,,,,,,,,,
3.1971651315689087,2.1995558738708496,2.9237321615219116,2.9541503190994263,4.361199378967285,4.091091632843018,3.5069026947021484,2.775426745414734,3.746981620788574,5.833702564239502,7.079850435256958,4.79868221282959,5.135658502578735,4.201663255691528,4.202621936798096,7.541074275970459,,,,,,,,,,,
3.5828118324279785,2.695618152618408,3.0005199909210205,3.0970253944396973,4.985121488571167,4.87405252456665,4.110708713531494,4.17000675201416,6.8917882442474365,8.852482318878174,5.824737071990967,4.189625978469849,3.4168111085891724,6.629089832305908,3.968798279762268,5.220900535583496,3.5035951137542725,,,,,,,,,,
2.695547580718994,2.811914563179016,3.543387770652771,3.373089551925659,3.29479444026947,4.282974720001221,3.5874228477478027,4.033249616622925,3.4913151264190674,5.983835697174072,5.010591506958008,6.376452684402466,4.8608503341674805,2.939123034477234,2.2670774459838867,2.64529287815094,3.0213699340820312,,,,,,,,,,
3.847718596458435,2.6055268049240112,2.7314088344573975,2.3459824323654175,3.0689163208007812,2.5180824995040894,3.582123279571533,3.554056406021118,4.792393445968628,6.105619192123413,4.011898875236511,5.145009517669678,6.622426986694336,5.75507664680481,4.9662792682647705,5.807011365890503,,,,,,,,,,,
3.35047447681427,2.300224542617798,2.967087507247925,4.2544779777526855,5.881261587142944,4.514308452606201,4.772276878356934,5.520183801651001,3.79203462600708,,,,,,,,,,,,,,,,,,
3.847424030303955,2.7943084239959717,2.433345079421997,3.0721466541290283,2.883707284927368,3.361693263053894,3.716485857963562,2.9153770208358765,2.1208059787750244,2.3604769706726074,3.056529402732849,6.359315872192383,5.145009517669678,4.986707448959351,4.02791166305542,,,,,,,,,,,,
2.992416024208069,3.256156802177429,3.2845499515533447,3.044249176979065,3.812622308731079,4.183843612670898,3.361917018890381,4.899838924407959,4.896335124969482,3.240628242492676,3.336610794067383,7.718712329864502,7.391923666000366,3.645037293434143,2.676308035850525,4.6991307735443115,2.846940040588379,3.641996383666992,,,,,,,,,
3.792541742324829,3.0051859617233276,2.5477030277252197,2.549337863922119,3.3392032384872437,2.841782808303833,2.948392391204834,3.6137555837631226,2.8562389612197876,3.035088300704956,5.696231842041016,4.251834392547607,4.140662670135498,4.299734592437744,4.793219089508057,7.391923666000366,6.205718755722046,6.744139194488525,,,,,,,,,
2.985826253890991,2.199380040168762,4.225653171539307,3.5749168395996094,3.8792097568511963,3.1888099908828735,6.884581089019775,4.590544939041138,6.33819055557251,3.4794052839279175,5.806300401687622,3.791749358177185,3.423966884613037,4.499513387680054,,,,,,,,,,,,,
3.741272807121277,3.241371989250183,4.194129705429077,5.648295640945435,3.7926907539367676,3.522351622581482,4.287364721298218,4.753433465957642,4.080715656280518,2.8736000061035156,3.857855439186096,3.08750581741333,4.239662408828735,3.600707173347473,6.359315872192383,4.6441309452056885,4.081561207771301,,,,,,,,,,
3.4157586097717285,4.2544779777526855,6.082164287567139,3.826440215110779,4.797084331512451,3.502756953239441,2.2555140256881714,3.3863487243652344,2.7832852602005005,4.3733320236206055,4.293947696685791,3.253616452217102,2.986956477165222,5.627300024032593,4.448111534118652,7.536863565444946,,,,,,,,,,,
3.4993033409118652,2.5480557680130005,2.97139835357666,2.6228007078170776,3.0876824855804443,3.456207036972046,2.8386059999465942,3.2553625106811523,2.8272533416748047,4.113205909729004,5.330070734024048,3.9752542972564697,3.7980340719223022,3.697577714920044,3.776899814605713,4.207043409347534,3.9053183794021606,5.93493390083313,,,,,,,,,
3.1971651315689087,2.5470006465911865,2.8374438285827637,3.7478854656219482,3.7980620861053467,3.2790991067886353,4.0089452266693115,3.599574327468872,5.82748007774353,3.9213531017303467,3.492578387260437,,,,,,,,,,,,,,,,
3.7752106189727783,3.97301983833313,3.8362834453582764,2.89986789226532,4.590475082397461,5.857769727706909,3.6991312503814697,4.708842039108276,2.94733726978302,2.934340000152588,3.3659090995788574,3.7927325963974,3.366031289100647,4.27823543548584,,,,,,,,,,,,,
3.0082114934921265,2.659799337387085,2.7031569480895996,3.52768874168396,4.478395462036133,3.893739700317383,3.272055506706238,4.199970483779907,3.5913277864456177,3.4984089136123657,3.114905595779419,2.7745331525802612,2.3411388397216797,6.148961305618286,4.61641001701355,4.546414852142334,5.10297417640686,9.467756271362305,,,,,,,,,
5.0863142013549805,4.946950912475586,3.8854302167892456,4.1971821784973145,3.0681536197662354,5.206673860549927,3.321558713912964,2.9172682762145996,3.213051676750183,2.3433409929275513,2.389131188392639,5.820167064666748,4.871474266052246,3.1116713285446167,4.986257553100586,4.510582685470581,3.8076276779174805,3.358544945716858,2.261111855506897,,,,,,,,
3.501114249229431,3.156158208847046,3.348640203475952,3.4288575649261475,4.892308473587036,3.2054942846298218,4.404130935668945,4.916595697402954,7.132585287094116,5.412498950958252,4.936535835266113,5.910946607589722,,,,,,,,,,,,,,,
2.848555564880371,2.4416695833206177,3.0564016103744507,3.1971651315689087,3.6547915935516357,4.105053186416626,8.438236713409424,3.6203571557998657,5.808103799819946,4.454876899719238,3.5453771352767944,4.330820083618164,3.7257792949676514,6.754616737365723,5.124116897583008,,,,,,,,,,,,
3.2048367261886597,3.599574327468872,5.8317906856536865,6.634539365768433,4.375306844711304,2.958001136779785,2.357935667037964,2.1635783910751343,3.4920461177825928,3.0285991430282593,3.3634132146835327,3.0570749044418335,4.859779596328735,4.718013048171997,,,,,,,,,,,,,
3.3605458736419678,3.922953486442566,4.935741662979126,2.8114885091781616,3.3591158390045166,6.388040065765381,3.8535584211349487,4.6602137088775635,6.2129881381988525,4.036823272705078,3.0472795963287354,4.238553285598755,4.578887224197388,4.780310392379761,6.058020830154419,,,,,,,,,,,,
3.8644856214523315,2.7094571590423584,2.7240889072418213,3.7924314737319946,2.89986789226532,2.8472564220428467,2.2387681007385254,3.100244164466858,6.100553750991821,5.161811351776123,5.004626989364624,4.468799114227295,5.386681795120239,4.201962471008301,,,,,,,,,,,,,
2.9786863327026367,2.3247125148773193,2.8628660440444946,3.507877230644226,3.708434820175171,4.965581655502319,3.651604175567627,3.7918200492858887,3.1133532524108887,4.324565887451172,5.486328840255737,3.915511965751648,5.523338556289673,7.260633945465088,,,,,,,,,,,,,
2.923811674118042,2.932684302330017,3.7179518938064575,3.318968415260315,2.9433478116989136,2.262142777442932,3.280500292778015,3.37302565574646,4.49694561958313,5.062122821807861,5.819073915481567,3.2351341247558594,4.937553405761719,4.903499126434326,3.6433615684509277,3.0467185974121094,4.017796993255615,3.621827006340027,3.4478126764297485,7.592806577682495,,,,,,,
3.2550463676452637,2.244070053100586,2.873643159866333,2.8495696783065796,2.965972065925598,4.229340076446533,3.3587008714675903,3.799270987510681,4.421863555908203,5.154332160949707,6.474862098693848,4.984978199005127,4.292386293411255,6.759600877761841,,,,,,,,,,,,,
2.848696708679199,2.811914563179016,2.297174096107483,3.145901322364807,2.957241654396057,4.377517223358154,3.632938504219055,3.995295286178589,3.222110629081726,3.792520761489868,5.6276490688323975,3.7939376831054688,2.866939425468445,6.0772905349731445,5.789144515991211,,,,,,,,,,,,
4.379238128662109,3.8220030069351196,6.376402378082275,4.050861716270447,3.1971651315689087,2.647731065750122,3.6094459295272827,4.261408567428589,9.682424545288086,,,,,,,,,,,,,,,,,,
3.815734624862671,2.9172682762145996,3.307743787765503,2.727263331413269,2.7936196327209473,3.5704134702682495,3.1637600660324097,6.396872520446777,4.252900838851929,4.002420544624329,4.883596420288086,5.09104323387146,4.8873748779296875,4.213017702102661,4.2912514209747314,4.993395090103149,5.227254152297974,8.416123390197754,,,,,,,,,
2.992416024208069,2.199380040168762,3.7380088567733765,3.5976399183273315,4.281497955322266,3.8427170515060425,3.462721347808838,5.1682188510894775,6.8127195835113525,4.9775097370147705,,,,,,,,,,,,,,,,,
3.131305456161499,2.209248185157776,2.3667644262313843,2.7094571590423584,2.7368223667144775,2.8695943355560303,3.778072714805603,3.966228485107422,3.9159449338912964,3.396860718727112,3.645225763320923,4.664247751235962,4.67583966255188,4.117519497871399,5.808103799819946,3.731178045272827,6.217870712280273,,,,,,,,,,
3.2550463676452637,2.246355175971985,3.08750581741333,2.775426745414734,4.776833772659302,3.8098498582839966,3.3455588817596436,4.463433742523193,4.274235486984253,3.4913151264190674,3.589367151260376,3.8201295137405396,3.387263774871826,4.48729133605957,4.736099004745483,5.38174843788147,6.258334159851074,,,,,,,,,,
2.602851629257202,3.679261326789856,3.1586971282958984,3.182876229286194,3.2534910440444946,2.899261474609375,2.746898651123047,2.841986298561096,3.645225763320923,4.1745829582214355,3.7539228200912476,2.467651128768921,2.9539880752563477,5.723747491836548,3.7894424200057983,4.298302412033081,4.772817850112915,5.03470253944397,3.8040300607681274,5.922675609588623,6.148961305618286,7.985862970352173,,,,,
3.8601826429367065,2.868349552154541,2.4458673000335693,3.2562432289123535,3.1807247400283813,4.621278524398804,6.102601766586304,4.185384511947632,4.047322511672974,4.585848093032837,5.0943944454193115,4.8734822273254395,5.837704658508301,5.542713403701782,2.3242679834365845,3.4379477500915527,2.3360410928726196,3.474114179611206,,,,,,,,,
3.464988350868225,2.849007725715637,2.6416059732437134,2.4704138040542603,2.307456612586975,3.0382641553878784,4.150648593902588,5.927714109420776,5.122363090515137,4.778076887130737,4.292835712432861,5.82748007774353,4.079753160476685,4.290436744689941,4.038773775100708,5.2573113441467285,5.280330419540405,5.346994638442993,3.7002832889556885,,,,,,,,
3.0877429246902466,2.262142777442932,2.7693123817443848,4.1382646560668945,5.044201850891113,4.23756742477417,3.628213882446289,8.011969566345215,6.197047233581543,3.6713333129882812,5.8214240074157715,5.196535348892212,3.8094969987869263,4.030235052108765,4.074562907218933,,,,,,,,,,,,
3.464869737625122,2.9173253774642944,2.285574197769165,3.2236862182617188,6.359315872192383,4.273568391799927,4.4625935554504395,5.716097831726074,5.100188493728638,4.076079368591309,3.6261497735977173,3.677402138710022,3.9416306018829346,4.324234247207642,,,,,,,,,,,,,
3.860275983810425,2.9172682762145996,3.1036128997802734,2.2615556716918945,2.9855891466140747,3.3926472663879395,4.562052249908447,4.10232138633728,5.121588468551636,8.635958671569824,6.780805826187134,8.466898679733276,4.101959228515625,5.931737661361694,6.754616737365723,6.376452684402466,,,,,,,,,,,
2.849007725715637,2.261014223098755,3.2664639949798584,3.0498387813568115,3.3608351945877075,3.3780508041381836,5.819648027420044,4.117527008056641,3.815819263458252,2.8607473373413086,3.6987524032592773,4.7781946659088135,5.6809680461883545,4.475488901138306,8.49126148223877,,,,,,,,,,,,
3.4741379022598267,2.9578685760498047,2.2001901865005493,2.611647605895996,2.750258207321167,2.2537543773651123,2.9238120317459106,3.7478854656219482,4.6719019412994385,4.1339404582977295,5.58063817024231,6.575489282608032,4.903499126434326,4.723684310913086,5.099885940551758,3.757140636444092,5.616232872009277,4.948180675506592,4.349592924118042,4.380812644958496,,,,,,,
3.4955142736434937,2.4977492094039917,3.272948145866394,4.5392746925354,5.429171562194824,3.734377861022949,2.3248218297958374,3.0162405967712402,2.6452807188034058,2.7971296310424805,5.922452688217163,4.279820442199707,,,,,,,,,,,,,,,
3.815077781677246,2.849007725715637,2.199380040168762,3.7209949493408203,3.6455774307250977,3.1773483753204346,3.1675037145614624,3.2008496522903442,4.4251368045806885,6.622426986694336,5.118825435638428,4.335124492645264,5.741966009140015,4.322066068649292,5.737731695175171,4.770160913467407,4.36449122428894,,,,,,,,,,
3.477316737174988,2.8564146757125854,2.2502890825271606,2.5438164472579956,3.2151414155960083,2.9710344076156616,2.3234703540802,3.036378502845764,6.09581732749939,3.752853035926819,4.252900838851929,4.3663787841796875,3.807184100151062,5.07330846786499,4.1530163288116455,4.283663988113403,3.642198085784912,5.401318550109863,4.193221092224121,3.5472378730773926,3.6797577142715454,,,,,,
3.9177099466323853,3.867756962776184,3.2987362146377563,5.612918376922607,8.02704381942749,5.161811351776123,3.263299584388733,3.5536504983901978,2.9916967153549194,3.564444899559021,3.7248817682266235,2.326716423034668,4.208597898483276,2.894418478012085,3.4261696338653564,6.376452684402466,4.166926622390747,8.13751745223999,,,,,,,,,
2.848555564880371,3.1930638551712036,3.267483949661255,4.108733892440796,3.3865463733673096,4.444746494293213,3.8132244348526,3.822132110595703,4.516419887542725,6.0524163246154785,3.866567850112915,3.6807034015655518,4.930224418640137,6.174501657485962,,,,,,,,,,,,,
3.4740021228790283,5.930178642272949,4.765302896499634,2.691502332687378,3.8579472303390503,4.4315783977508545,2.9981985092163086,5.990956544876099,3.868189811706543,4.128899335861206,3.4935144186019897,4.644802093505859,7.142456769943237,7.198691129684448,2.7085683345794678,2.2912728786468506,2.723159670829773,5.106156587600708,,,,,,,,,
2.9237321615219116,3.746663808822632,3.785443902015686,2.261512279510498,3.1971651315689087,4.197157382965088,4.33569860458374,3.4302008152008057,5.498017072677612,5.953161001205444,4.127760171890259,4.3949432373046875,4.644492864608765,3.04325270652771,6.436460018157959,4.818945646286011,5.016589403152466,4.576304912567139,6.816514253616333,6.850377082824707,,,,,,,
3.867756962776184,2.606348991394043,3.8766828775405884,3.220088005065918,2.7683939933776855,2.2615556716918945,2.9902307987213135,2.5406323671340942,4.113938808441162,3.3187743425369263,4.432552814483643,7.718712329864502,5.155483245849609,5.005477428436279,4.5195112228393555,4.58464789390564,7.886703729629517,4.424873352050781,3.761448621749878,3.1358439922332764,4.864629507064819,,,,,,
3.4485567808151245,2.2619097232818604,2.1992422342300415,3.095353126525879,3.8528902530670166,3.548649787902832,3.847718596458435,3.600957751274109,2.977751851081848,3.296295642852783,5.221639156341553,4.266468286514282,6.99413275718689,5.940890550613403,3.1367650032043457,5.170035362243652,4.7261857986450195,3.30303156375885,8.46700668334961,4.286527156829834,2.8258888721466064,,,,,,
3.7601736783981323,2.97139835357666,2.70949923992157,3.7474972009658813,3.492113947868347,5.808392286300659,5.164098024368286,4.3457512855529785,4.2208709716796875,4.313110828399658,5.839673280715942,,,,,,,,,,,,,,,,
3.010682463645935,3.1670435667037964,3.9413938522338867,2.8489763736724854,3.8744585514068604,3.261489510536194,6.388040065765381,3.744673728942871,5.145009517669678,4.67056679725647,6.189007043838501,3.621363401412964,4.091789722442627,4.2440667152404785,4.957736968994141,3.6592456102371216,5.3765082359313965,,,,,,,,,,
3.0259242057800293,2.7104064226150513,3.6558079719543457,3.0400041341781616,3.82107150554657,4.1967082023620605,4.565372705459595,3.5255924463272095,3.617703080177307,2.971405267715454,3.3587008714675903,5.75698447227478,5.819073915481567,4.669213771820068,4.040866732597351,6.100553750991821,,,,,,,,,,,
3.7607011795043945,3.2605597972869873,2.258356213569641,3.0782703161239624,3.564191460609436,3.285338878631592,3.280648946762085,3.4663732051849365,5.37678337097168,5.262981653213501,4.166926622390747,3.8842002153396606,4.435657262802124,5.210747480392456,6.1017374992370605,6.376452684402466,5.831271648406982,,,,,,,,,,
3.491443395614624,2.9987951517105103,2.6454612016677856,2.1988219022750854,3.4794052839279175,4.367851734161377,4.179894685745239,4.186737298965454,3.8331786394119263,5.477433204650879,4.673180341720581,5.348911285400391,7.541074275970459,4.936535835266113,5.302940130233765,,,,,,,,,,,,
2.7943084239959717,2.199380040168762,4.371104001998901,3.2549110651016235,4.1462836265563965,3.675293445587158,3.23991060256958,3.348640203475952,4.252900838851929,4.071288824081421,5.164098024368286,3.599257707595825,6.788185358047485,4.929768800735474,4.25036883354187,3.524374485015869,4.298208951950073,5.794031143188477,,,,,,,,,
3.222921133041382,3.1788272857666016,2.9129287004470825,3.463708758354187,3.6225476264953613,3.5060617923736572,2.9557007551193237,2.771403431892395,2.3611594438552856,6.422725439071655,6.376452684402466,4.929768800735474,5.721553802490234,4.883770227432251,4.001841068267822,,,,,,,,,,,,
3.615774989128113,2.914505124092102,3.2693514823913574,2.9823914766311646,2.985826253890991,3.2280300855636597,2.8059651851654053,3.3654708862304688,5.124253034591675,4.371495723724365,4.21338677406311,3.9054336547851562,5.923888921737671,4.264882564544678,6.171738147735596,2.545788526535034,2.9504776000976562,,,,,,,,,,
3.8174593448638916,2.9779765605926514,2.262142777442932,2.6416059732437134,2.886317491531372,3.2151414155960083,2.9974770545959473,3.840622067451477,4.242924451828003,4.358619451522827,5.111498594284058,4.100604295730591,4.270659923553467,7.195165395736694,6.174501657485962,,,,,,,,,,,,
2.926010012626648,3.350917100906372,3.046466827392578,2.12320613861084,2.7215988636016846,2.4896734952926636,4.363174676895142,4.555573225021362,3.611972212791443,3.869243621826172,3.407777190208435,3.3763229846954346,3.8081547021865845,4.965343236923218,6.503748416900635,4.296612501144409,4.042802453041077,5.004483938217163,4.154986143112183,4.893326282501221,8.547490119934082,7.557233572006226,,,,,
3.468031167984009,2.849007725715637,2.4362502098083496,2.726478338241577,2.813232421875,5.828032732009888,4.1190595626831055,3.6812533140182495,4.305936336517334,5.1347126960754395,2.984951138496399,,,,,,,,,,,,,,,,
3.421308159828186,3.222907543182373,2.99847674369812,2.7875750064849854,3.2644729614257812,3.212933301925659,3.203814387321472,5.828032732009888,4.369544506072998,4.78981351852417,4.21323037147522,4.051743030548096,3.6889785528182983,3.709097385406494,3.8355053663253784,3.658997654914856,6.622426986694336,5.0805230140686035,,,,,,,,,
3.815077781677246,3.1428438425064087,2.539807438850403,2.977913975715637,2.299938917160034,3.188317894935608,3.357591152191162,5.808392286300659,4.625819206237793,4.504408836364746,4.679030418395996,4.33612847328186,4.60679817199707,6.1778271198272705,5.861274003982544,6.60265326499939,,,,,,,,,,,
3.5827982425689697,2.9172682762145996,3.3324915170669556,3.3867558240890503,2.2544811964035034,3.06358003616333,2.897681474685669,3.2808170318603516,2.32020103931427,3.2377928495407104,2.847426176071167,5.801311731338501,4.788543939590454,4.514002561569214,4.159304141998291,4.108404636383057,6.7045018672943115,5.930178642272949,6.543293237686157,,,,,,,,
2.974557042121887,3.3461055755615234,3.364842653274536,2.935478448867798,4.336144208908081,4.195343494415283,4.165814399719238,3.7752422094345093,3.4200631380081177,5.696553945541382,6.6433632373809814,5.861852407455444,,,,,,,,,,,,,,,
3.256511688232422,2.8054388761520386,2.8495079278945923,4.806532382965088,3.307743787765503,7.183192253112793,3.599257707595825,4.52326512336731,5.115087270736694,3.6987524032592773,4.421863555908203,3.537594199180603,5.48643684387207,4.238071918487549,6.939172983169556,,,,,,,,,,,,
3.010725975036621,3.259956955909729,4.385782718658447,3.6466760635375977,6.104771614074707,5.636691093444824,3.6008938550949097,4.903499126434326,3.8541990518569946,4.398811101913452,3.1313172578811646,2.300224542617798,3.9770771265029907,6.046616077423096,3.818006157875061,,,,,,,,,,,,
3.2550463676452637,2.954853057861328,2.3244603872299194,3.2096774578094482,2.791579484939575,2.816780924797058,5.819073915481567,4.330820083618164,4.101674556732178,4.423473834991455,4.2519519329071045,3.7776732444763184,4.0280983448028564,5.038529634475708,3.8413645029067993,3.511988043785095,3.4689360857009888,,,,,,,,,,
3.4666014909744263,2.9168120622634888,2.300224542617798,2.8424057960510254,2.5321978330612183,4.051532506942749,4.251834392547607,3.826440215110779,7.003255128860474,4.838780164718628,6.171738147735596,4.066376686096191,3.759547710418701,,,,,,,,,,,,,,
3.250096917152405,3.4939143657684326,3.2123286724090576,3.822581171989441,4.363174676895142,3.571727991104126,2.4957305192947388,3.392981767654419,3.7964727878570557,4.2383644580841064,7.343837738037109,5.834224700927734,8.397061824798584,,,,,,,,,,,,,,
3.0114179849624634,3.7408785820007324,4.110981702804565,3.304941177368164,4.040321350097656,3.866979479789734,3.6225517988204956,3.8060518503189087,3.428942084312439,3.3449764251708984,2.891450881958008,3.0131072998046875,5.157430648803711,6.425118446350098,5.535289764404297,4.166216135025024,3.9403053522109985,4.916335105895996,4.513352632522583,5.27465033531189,,,,,,,
3.792541742324829,2.971405267715454,2.2001901865005493,3.538253426551819,3.2210195064544678,3.6658949851989746,5.0863142013549805,3.853831171989441,6.214879035949707,8.798453330993652,,,,,,,,,,,,,,,,,
3.642160415649414,2.246355175971985,3.3111988306045532,2.4474246501922607,3.0782703161239624,3.006985902786255,3.208751916885376,5.624136447906494,4.586236000061035,5.826961040496826,4.482877254486084,4.7895238399505615,4.447808265686035,4.223707675933838,4.83655571937561,4.61641001701355,6.964511156082153,6.109386444091797,,,,,,,,,
3.792541742324829,3.3122388124465942,2.9172682762145996,3.0175933837890625,2.84824538230896,2.4663692712783813,3.0094319581985474,3.366607189178467,4.469919204711914,4.952240467071533,6.3945372104644775,4.514530420303345,4.043450355529785,4.283690690994263,6.100553750991821,,,,,,,,,,,,
3.043891668319702,4.33569860458374,3.874146342277527,5.15661883354187,2.958001136779785,3.6697362661361694,7.35319185256958,3.3751163482666016,4.790351629257202,3.3872135877609253,6.899798154830933,3.4923712015151978,3.427746534347534,2.5347760915756226,3.062330961227417,2.2544811964035034,4.443384647369385,4.274301767349243,6.134709119796753,,,,,,,,
3.493416666984558,2.849007725715637,2.159484565258026,3.256339192390442,3.290844440460205,4.477779865264893,4.2544779777526855,4.911930561065674,4.788824081420898,4.987334966659546,5.17773175239563,3.6284706592559814,3.65310800075531,3.797624945640564,6.976273536682129,,,,,,,,,,,,
3.0192840099334717,2.640357494354248,2.4403319358825684,3.916385054588318,4.147934198379517,2.7943084239959717,3.4937723875045776,2.9430936574935913,3.2138733863830566,4.356917142868042,4.281111478805542,3.08750581741333,4.419398069381714,2.5548131465911865,3.3651325702667236,3.3957560062408447,4.043450355529785,6.745861291885376,4.2439186573028564,4.915348291397095,4.384020805358887,4.046745419502258,5.439091682434082,5.082376003265381,6.171738147735596,,
2.70949923992157,3.287032961845398,4.795088529586792,3.7405030727386475,5.009213924407959,4.4411303997039795,3.406355381011963,5.819073915481567,4.402354717254639,2.9995970726013184,3.8999059200286865,5.623246192932129,4.114047527313232,4.8608362674713135,8.893585681915283,,,,,,,,,,,,
3.4668060541152954,3.1971651315689087,2.775426745414734,2.115451693534851,4.789906978607178,4.139078855514526,3.776781916618347,5.81605339050293,7.027385711669922,5.8214240074157715,7.079850435256958,,,,,,,,,,,,,,,,
3.8126572370529175,3.777535915374756,5.690674066543579,3.9402767419815063,6.982960224151611,4.702753305435181,5.166865348815918,6.033837795257568,5.866514205932617,3.350313186645508,2.7971296310424805,3.2420893907546997,2.8110599517822266,3.933165431022644,3.531094789505005,4.486837863922119,5.453541040420532,4.166926622390747,4.1080310344696045,2.3244603872299194,3.118117928504944,,,,,,
3.792541742324829,2.6911004781723022,2.256688952445984,2.976919174194336,3.368314504623413,2.9636977910995483,3.4501068592071533,4.443384647369385,5.92264461517334,4.4521708488464355,5.272657632827759,7.560771465301514,4.311461925506592,4.999936819076538,,,,,,,,,,,,,
2.300224542617798,2.543514847755432,2.3813902139663696,3.4799989461898804,6.862416982650757,3.2721786499023438,5.011929750442505,4.936784505844116,4.154122829437256,4.8576531410217285,5.647625207901001,6.427766799926758,5.522765159606934,,,,,,,,,,,,,,
2.24470055103302,2.969982862472534,3.3753665685653687,3.3832340240478516,3.440234065055847,4.255409240722656,3.908376455307007,4.741036653518677,4.379515647888184,6.409185409545898,4.936242580413818,3.8160927295684814,5.324389219284058,4.883713960647583,4.516410946846008,6.28411865234375,7.164647340774536,6.09058141708374,,,,,,,,,
3.644877314567566,2.869598150253296,2.3451093435287476,3.404781460762024,3.2646477222442627,4.7441699504852295,3.6754157543182373,4.160675287246704,4.319209814071655,7.1813788414001465,4.820978403091431,,,,,,,,,,,,,,,,
2.5465532541275024,3.5097373723983765,3.7002832889556885,3.05823016166687,3.634316086769104,3.3779412508010864,3.5163947343826294,5.28162145614624,3.7747912406921387,3.09999942779541,7.81194543838501,2.969770073890686,5.852225065231323,5.857769727706909,6.500054359436035,3.730223774909973,2.8313640356063843,5.5581769943237305,6.100553750991821,,,,,,,,
3.825581908226013,4.126080751419067,4.292431831359863,7.07499361038208,5.154179334640503,3.9352076053619385,3.922953486442566,2.7983580827713013,3.220401883125305,5.696553945541382,6.20806097984314,5.85597825050354,3.183056354522705,3.059552311897278,,,,,,,,,,,,,
3.2550463676452637,2.849007725715637,2.246355175971985,2.9841368198394775,3.192507028579712,4.837260484695435,4.3733320236206055,3.8106499910354614,4.667778491973877,3.646153688430786,4.095802545547485,3.5402603149414062,5.679473876953125,5.764434099197388,6.013328552246094,,,,,,,,,,,,
2.2999414205551147,2.5051881074905396,3.0088618993759155,3.7785264253616333,3.1518112421035767,3.0542279481887817,3.9139766693115234,2.7875750064849854,3.699302554130554,6.593405723571777,4.33569860458374,3.7053306102752686,3.45547354221344,5.0311055183410645,5.098957300186157,3.2723711729049683,6.743536949157715,4.671054124832153,,,,,,,,,
2.300011157989502,3.1783188581466675,3.814273238182068,2.888159990310669,3.1063356399536133,4.206883907318115,3.549881935119629,2.8512673377990723,6.499979257583618,5.653287887573242,4.641894102096558,5.66765832901001,4.456037998199463,4.847264051437378,3.0861088037490845,3.9167230129241943,6.666491508483887,4.291566371917725,3.198922872543335,5.076303482055664,4.385814428329468,,,,,,
2.9928618669509888,2.3248218297958374,4.176833868026733,3.730223774909973,3.7882907390594482,3.36900532245636,4.935741662979126,3.4077452421188354,3.3652936220169067,4.025641918182373,3.3497730493545532,5.825170040130615,4.826431035995483,6.8917882442474365,6.623612880706787,5.6465959548950195,7.045795917510986,,,,,,,,,,
3.2385873794555664,2.3244603872299194,2.9153770208358765,3.002690076828003,3.0795459747314453,3.5584073066711426,3.8648751974105835,3.139480233192444,3.01249897480011,5.767948389053345,5.129403352737427,4.930224418640137,6.358657598495483,4.8077497482299805,,,,,,,,,,,,,
2.3247125148773193,2.49123477935791,3.0946292877197266,3.321828842163086,2.4966734647750854,3.777699828147888,3.357252836227417,3.6064047813415527,4.791626691818237,3.222110629081726,5.650623321533203,6.024962902069092,4.581517696380615,5.328584671020508,3.7560744285583496,4.78981351852417,3.2271478176116943,5.301128625869751,3.6207932233810425,,,,,,,,
4.252900838851929,3.168285846710205,2.5648345947265625,3.113237142562866,3.792520761489868,2.849265933036804,3.267173409461975,3.259321928024292,2.9254637956619263,3.345102071762085,5.808392286300659,4.617525577545166,4.912304401397705,3.7959076166152954,5.202616453170776,4.936535835266113,4.892845392227173,6.798767805099487,8.889147281646729,6.207796335220337,,,,,,,
3.144069790840149,2.3576682806015015,2.933178186416626,4.14478611946106,3.668475031852722,3.51377534866333,4.482562065124512,3.259567379951477,3.1855151653289795,4.9185471534729,3.760446310043335,4.243194341659546,3.8344781398773193,7.724796295166016,6.981867074966431,,,,,,,,,,,,
3.217182159423828,2.5480557680130005,2.92708420753479,2.979785442352295,3.1440186500549316,4.946950912475586,4.271920680999756,6.221711874008179,3.5884342193603516,5.878037691116333,3.7158849239349365,4.8734822273254395,3.6365286111831665,,,,,,,,,,,,,,
2.8614063262939453,3.370657444000244,3.3885035514831543,2.547937035560608,2.866939425468445,3.398334503173828,3.4983476400375366,3.2796003818511963,4.136929512023926,3.5084410905838013,4.196457147598267,4.267977714538574,4.05647349357605,4.713543653488159,3.8266977071762085,4.315035104751587,3.7086070775985718,4.748099327087402,4.508626937866211,5.086072206497192,7.400656700134277,6.113723039627075,7.989130973815918,6.249419927597046,,,
2.262142777442932,3.192362904548645,5.153081893920898,5.688187837600708,4.848314523696899,4.1746134757995605,3.499192237854004,3.056090831756592,3.052856683731079,4.113116264343262,4.53143572807312,4.736682415008545,3.792541742324829,4.786647319793701,4.273952484130859,7.975672721862793,6.526515007019043,,,,,,,,,,
3.2020848989486694,2.775634527206421,2.0586411356925964,3.1874523162841797,4.152004957199097,3.8175387382507324,3.2671594619750977,4.0921008586883545,5.145009517669678,5.626677989959717,7.400656700134277,5.860157012939453,4.496437072753906,8.852482318878174,,,,,,,,,,,,,
2.970737099647522,3.8673781156539917,3.9122618436813354,2.8738410472869873,3.6553033590316772,3.1693118810653687,3.695691227912903,3.002858519554138,3.8105039596557617,4.430055856704712,3.248058795928955,3.847424030303955,5.547027349472046,5.404207468032837,4.2885541915893555,4.607141017913818,3.621068000793457,6.109217882156372,5.740975618362427,,,,,,,,
3.011362314224243,2.3312063217163086,2.789156436920166,3.272109627723694,4.198910474777222,3.956054449081421,3.5874600410461426,3.5552380084991455,3.5606329441070557,4.035700798034668,4.431795358657837,4.936784505844116,3.2215819358825684,3.704518437385559,3.8090039491653442,6.1990742683410645,5.146352767944336,,,,,,,,,,
3.4666014909744263,2.97139835357666,2.2619097232818604,2.7633167505264282,2.9214192628860474,2.664682388305664,4.93147873878479,4.252900838851929,3.875444769859314,4.617928981781006,4.126400947570801,4.110062599182129,3.619146704673767,3.776899814605713,3.8886330127716064,6.17704701423645,5.28162145614624,,,,,,,,,,
3.8357266187667847,2.9173253774642944,2.2615556716918945,3.1995807886123657,3.5949100255966187,3.461072087287903,4.199877977371216,3.9615790843963623,3.87831449508667,3.8887827396392822,4.957736968994141,7.479667663574219,,,,,,,,,,,,,,,
3.501114249229431,3.3701186180114746,4.21696662902832,4.517764568328857,3.889539957046509,4.020883798599243,3.7608697414398193,3.003712296485901,2.770535945892334,3.6096646785736084,4.682744979858398,6.1539146900177,4.991142511367798,7.3414294719696045,3.3863487243652344,3.821405529975891,2.2271019220352173,5.000262498855591,,,,,,,,,
3.617703080177307,3.0051859617233276,2.6499383449554443,2.300224542617798,3.521934986114502,3.586289167404175,5.74436354637146,4.46221661567688,4.113205909729004,4.2544779777526855,4.514002561569214,4.946950912475586,6.075584173202515,6.286731243133545,6.938849687576294,,,,,,,,,,,,
3.2660205364227295,4.440702676773071,3.6697362661361694,3.3725301027297974,3.229012608528137,4.318188428878784,5.639082431793213,3.4486899375915527,2.3245924711227417,3.2113505601882935,5.712169408798218,4.226330518722534,5.089624881744385,5.294638395309448,4.1974122524261475,,,,,,,,,,,,
3.2048367261886597,2.6020143032073975,3.196563482284546,3.149593710899353,4.9185471534729,3.8269180059432983,3.5959086418151855,4.55152153968811,3.8132121562957764,3.887211799621582,3.3634132146835327,3.5309793949127197,5.551054239273071,6.797083377838135,8.496259212493896,9.181608200073242,,,,,,,,,,,
2.985826253890991,2.3325345516204834,3.0346667766571045,3.8316045999526978,5.82748007774353,3.4799989461898804,5.03717303276062,3.8493422269821167,2.900506377220154,4.122522830963135,4.596391916275024,,,,,,,,,,,,,,,,
3.3703453540802,3.581901431083679,4.52747368812561,3.2556430101394653,3.2671605348587036,3.568114161491394,3.6721854209899902,5.066256046295166,4.5116517543792725,4.83655571937561,4.070049047470093,3.7607011795043945,3.0112162828445435,2.32020103931427,2.3360410928726196,2.6707773208618164,5.63672661781311,4.681326866149902,3.800392508506775,,,,,,,,
3.259726881980896,2.709393620491028,2.90886652469635,2.1974552869796753,2.695018768310547,3.143371105194092,3.833109974861145,4.286527156829834,3.01664662361145,3.534027934074402,8.547490119934082,3.8287549018859863,5.77188515663147,3.2035433053970337,6.169324636459351,4.0602816343307495,,,,,,,,,,,
3.2238398790359497,2.246355175971985,2.5560587644577026,2.559846043586731,2.9841368198394775,2.261760950088501,2.846416711807251,3.8211435079574585,5.820167064666748,3.224245548248291,3.7890560626983643,4.578090667724609,3.964420199394226,3.912646770477295,4.887155532836914,3.4936232566833496,,,,,,,,,,,
2.2457196712493896,2.8043508529663086,3.6753422021865845,3.464364171028137,4.33569860458374,5.030585289001465,5.129673719406128,5.495514869689941,6.258334159851074,3.4022762775421143,4.463623046875,3.754560947418213,3.6663599014282227,4.696784257888794,,,,,,,,,,,,,
3.2850135564804077,2.43727445602417,4.954539060592651,3.599574327468872,4.044763088226318,3.807308793067932,5.298771858215332,3.582797408103943,2.998236656188965,2.3145411014556885,2.5742417573928833,3.1390172243118286,3.028591513633728,5.808103799819946,5.0242273807525635,3.597663640975952,4.932654857635498,3.8175387382507324,3.7196946144104004,,,,,,,,
3.815077781677246,2.971405267715454,2.262142777442932,3.2620280981063843,5.144197702407837,4.739529371261597,4.1011316776275635,5.801311731338501,4.833597898483276,4.291362524032593,4.606228351593018,4.969723463058472,4.056095600128174,4.027905464172363,,,,,,,,,,,,,
3.597926378250122,2.6462897062301636,2.6502519845962524,2.2561177015304565,3.002998471260071,3.4032652378082275,3.0221025943756104,2.665048360824585,3.1084907054901123,4.106094121932983,5.82748007774353,4.254761457443237,4.645772933959961,4.119146347045898,,,,,,,,,,,,,
2.6495782136917114,3.088395357131958,3.7250620126724243,3.1986939907073975,3.8220332860946655,2.2615556716918945,3.0241669416427612,6.359315872192383,4.127285003662109,5.196119070053101,4.114003419876099,4.380947113037109,2.991897225379944,4.282907009124756,3.2438935041427612,5.415796995162964,4.515084266662598,3.6770282983779907,3.7551172971725464,4.952043771743774,,,,,,,
2.2600313425064087,3.283080816268921,3.2021313905715942,3.368326187133789,2.9141658544540405,3.8631213903427124,3.858570098876953,4.379504680633545,4.29912805557251,5.107999801635742,4.161757707595825,4.292835712432861,4.605877876281738,6.459930658340454,,,,,,,,,,,,,
3.464748740196228,2.849007725715637,2.3244603872299194,3.2721697092056274,2.994398355484009,5.82748007774353,5.077666997909546,4.7952775955200195,4.173694133758545,3.7915806770324707,4.736154794692993,3.6376781463623047,4.468722581863403,5.189295053482056,,,,,,,,,,,,,
2.3577526807785034,2.988132119178772,3.7972811460494995,3.012850284576416,3.033792495727539,3.1954795122146606,3.3469208478927612,3.6052554845809937,3.206579804420471,3.1836018562316895,5.281501054763794,3.6890870332717896,4.424061059951782,7.051127910614014,,,,,,,,,,,,,
2.6957714557647705,2.444807291030884,3.102979302406311,3.8510055541992188,3.2236058712005615,3.067859411239624,3.3800950050354004,5.857769727706909,3.8641412258148193,3.152351498603821,4.413121461868286,3.15317702293396,4.493915796279907,3.8574469089508057,3.646738886833191,4.806532382965088,6.499979257583618,,,,,,,,,,
3.708434820175171,2.691502332687378,2.262142777442932,3.402726411819458,3.6132675409317017,3.265495777130127,3.4280002117156982,3.6216899156570435,3.6483975648880005,6.258334159851074,4.37293815612793,4.027905464172363,4.414547681808472,,,,,,,,,,,,,,
3.3623452186584473,2.918420672416687,4.426009654998779,3.275962710380554,3.4113881587982178,3.617130994796753,6.359315872192383,2.8481703996658325,4.9525816440582275,3.4242265224456787,4.745651721954346,3.866979479789734,3.6171677112579346,3.0950645208358765,4.386920928955078,7.954813718795776,,,,,,,,,,,
2.3559290170669556,2.860500454902649,2.9173253774642944,3.5606329441070557,3.323408603668213,3.8411834239959717,4.019766569137573,5.8317906856536865,4.384479999542236,3.4926376342773438,4.122239351272583,4.096758604049683,7.35962700843811,5.884939193725586,3.8634724617004395,4.524493217468262,6.333796739578247,5.708606719970703,3.8161553144454956,,,,,,,,
3.2575340270996094,2.2001901865005493,2.7739545106887817,2.924459218978882,3.1596322059631348,3.0252223014831543,4.125416278839111,5.845270395278931,4.225648403167725,4.184196949005127,4.35867714881897,4.65425968170166,4.899911165237427,3.499536633491516,3.957574725151062,7.527535915374756,6.073275327682495,6.22063422203064,,,,,,,,,
3.538366198539734,2.2616758346557617,3.298194408416748,3.2775704860687256,3.023412823677063,4.2544779777526855,7.162542819976807,5.176924705505371,4.053048849105835,4.478102684020996,4.215969800949097,4.374095916748047,,,,,,,,,,,,,,,
3.1971651315689087,2.4690006971359253,2.4473804235458374,2.3245924711227417,2.385652542114258,4.1026222705841064,3.247545003890991,3.586331009864807,3.0294060707092285,8.030084609985352,5.193145751953125,5.813980579376221,6.545244455337524,,,,,,,,,,,,,,
3.2425355911254883,2.6516982316970825,3.0876824855804443,3.1928690671920776,4.200769901275635,3.569010853767395,3.519909143447876,3.865579843521118,5.1021034717559814,4.252900838851929,7.788715839385986,5.5574469566345215,5.108773946762085,6.1982667446136475,,,,,,,,,,,,,
3.8601826429367065,3.74783992767334,4.948697328567505,2.9891010522842407,3.502337336540222,3.571866273880005,4.59736967086792,2.913128972053528,4.807765960693359,5.061771392822266,7.159287452697754,3.3402358293533325,2.3692270517349243,3.630201578140259,4.393932342529297,3.8041521310806274,6.985404968261719,4.286130428314209,3.4228302240371704,5.417486190795898,3.3972285985946655,,,,,,
3.2574249505996704,2.5778311491012573,2.1949692964553833,2.606348991394043,2.849007725715637,4.93147873878479,4.433189868927002,3.9233609437942505,3.717236280441284,3.9698872566223145,3.9439587593078613,6.947972059249878,5.803086996078491,5.742600202560425,5.744279623031616,5.110543251037598,,,,,,,,,,,
2.9172682762145996,2.924569249153137,3.463302493095398,3.259415626525879,2.3246543407440186,2.327800989151001,2.7240889072418213,3.742643713951111,6.090350151062012,4.675088882446289,3.791627883911133,4.6220622062683105,3.8344178199768066,3.761448621749878,5.74229621887207,5.1440746784210205,5.538726806640625,6.485804557800293,7.816799640655518,7.651381731033325,,,,,,,
3.812472701072693,3.5229899883270264,2.4503560066223145,4.286569595336914,3.7369306087493896,3.118880867958069,5.825170040130615,5.949225187301636,5.034008979797363,5.102757930755615,5.158874988555908,3.847424030303955,2.9431896209716797,3.345321536064148,3.313606023788452,3.2671751976013184,2.3248218297958374,5.813980579376221,4.082646369934082,4.148473739624023,7.308089733123779,,,,,,
3.792588949203491,2.2612699270248413,2.473936676979065,3.1971651315689087,3.5908440351486206,3.3654708862304688,3.2330206632614136,6.225398540496826,4.493658542633057,5.18025279045105,4.476305723190308,4.267977714538574,5.85967230796814,6.875586986541748,,,,,,,,,,,,,
3.2206602096557617,2.4454381465911865,2.350903272628784,4.812259912490845,3.8631213903427124,3.5494920015335083,3.632200598716736,4.132639408111572,3.579194188117981,3.1133532524108887,4.166212320327759,3.7203816175460815,4.16106653213501,3.9661471843719482,6.000641345977783,5.930336236953735,6.415156126022339,,,,,,,,,,
3.6172986030578613,3.0113415718078613,2.3323923349380493,2.5755717754364014,2.965575695037842,3.5525277853012085,3.356487274169922,5.820167064666748,4.2544779777526855,5.006211996078491,5.140109062194824,,,,,,,,,,,,,,,,
3.3429808616638184,2.924717903137207,3.0026620626449585,2.300224542617798,2.3070589303970337,3.2008020877838135,2.2556803226470947,2.8489763736724854,6.148961305618286,4.417038440704346,4.281497955322266,6.622426986694336,5.298016309738159,3.5956345796585083,3.360695719718933,6.035657167434692,9.596470355987549,,,,,,,,,,
2.9170979261398315,3.8896342515945435,2.794175148010254,2.1996822357177734,2.5272871255874634,3.6377978324890137,3.3897640705108643,5.144197702407837,4.4263246059417725,3.6391096115112305,3.8269180059432983,8.358083724975586,6.0277228355407715,6.886291980743408,3.346019148826599,5.086072206497192,6.02344822883606,3.6721854209899902,3.6516799926757812,2.86487877368927,2.913878917694092,4.566370487213135,4.048224568367004,3.717170000076294,,,
4.009208798408508,2.127397894859314,2.473929286003113,3.0898277759552,3.0113415718078613,2.373784303665161,3.031915545463562,3.8834718465805054,3.7071216106414795,3.9239611625671387,3.7161812782287598,4.480180025100708,5.808103799819946,4.97941255569458,,,,,,,,,,,,,
3.645037293434143,2.775634527206421,3.0386914014816284,3.099863886833191,3.421680450439453,5.85672926902771,4.973183631896973,5.566878080368042,4.293118953704834,4.871474266052246,4.771284580230713,4.747300624847412,3.6923563480377197,3.4648396968841553,2.6580721139907837,3.342008352279663,3.407682180404663,6.12255072593689,3.7347817420959473,6.159051418304443,3.8805378675460815,,,,,,
2.9173253774642944,2.4853742122650146,3.657811760902405,3.2507110834121704,3.2014474868774414,3.357804536819458,3.0251885652542114,4.265387058258057,4.127285003662109,5.1771018505096436,5.284777879714966,3.289563536643982,5.818942546844482,4.518711566925049,5.793039083480835,,,,,,,,,,,,
3.0051859617233276,2.246355175971985,3.5943697690963745,3.040167450904846,3.873556971549988,3.3585089445114136,4.043450355529785,3.2608582973480225,4.2938148975372314,5.127530813217163,5.637634754180908,3.5139678716659546,4.8696277141571045,3.670974850654602,3.0197397470474243,4.597426414489746,9.203729629516602,6.1982667446136475,,,,,,,,,
3.1590160131454468,3.615774989128113,3.5035364627838135,2.261760950088501,3.3641109466552734,2.804674744606018,3.2362139225006104,4.294095993041992,3.703171133995056,5.820167064666748,5.556066274642944,,,,,,,,,,,,,,,,
3.4741379022598267,2.811914563179016,2.1213513612747192,2.4439727067947388,3.2362139225006104,3.2593201398849487,5.110560417175293,4.256479740142822,5.145009517669678,4.412988901138306,4.80512547492981,3.8010565042495728,5.7868711948394775,7.027661085128784,6.0411176681518555,5.085451126098633,4.2757322788238525,8.572730541229248,4.382005453109741,,,,,,,,
3.2021313905715942,2.3247125148773193,2.99847674369812,2.9813907146453857,3.47356116771698,5.116399526596069,4.121747255325317,6.070821523666382,7.683207750320435,7.000706434249878,6.405149459838867,3.8453954458236694,3.7025660276412964,5.45115852355957,,,,,,,,,,,,,
3.1433111429214478,2.300011157989502,2.3328810930252075,2.765365719795227,3.9433213472366333,4.100893497467041,3.222110629081726,4.633063554763794,4.166926622390747,4.179462194442749,7.160983085632324,5.119301795959473,4.623294353485107,5.745905160903931,4.553053140640259,3.857733368873596,4.235621213912964,,,,,,,,,,
2.390804171562195,2.779066562652588,3.489411234855652,4.125417232513428,3.2568953037261963,3.4640233516693115,4.152004957199097,3.5491899251937866,6.359315872192383,5.263638734817505,5.763672590255737,4.952837944030762,7.717072486877441,,,,,,,,,,,,,,
3.256511688232422,2.3312313556671143,2.8491774797439575,2.659799337387085,2.543528437614441,3.1971651315689087,3.0969446897506714,4.9180662631988525,4.052960157394409,3.7865368127822876,3.7752106189727783,3.634103536605835,3.7764806747436523,5.726438045501709,5.0428478717803955,5.691558599472046,4.319533348083496,4.6622154712677,5.195765495300293,4.871474266052246,3.552719235420227,3.7638965845108032,3.586747169494629,3.3620874881744385,,,
3.513275623321533,2.9920709133148193,2.961495876312256,2.984018921852112,2.4686336517333984,2.883303165435791,3.3820974826812744,3.2985687255859375,4.1011316776275635,4.516550779342651,6.484642505645752,4.2249531745910645,4.808027744293213,6.389176845550537,6.095086574554443,,,,,,,,,,,,
3.4783811569213867,2.775634527206421,3.071552276611328,4.47296667098999,3.7752106189727783,4.002567648887634,4.294095993041992,6.166097402572632,4.683984994888306,6.38513445854187,5.6549835205078125,,,,,,,,,,,,,,,,
3.311387300491333,2.2619097232818604,2.80077064037323,3.0335487127304077,3.3869783878326416,4.442329168319702,3.7892948389053345,3.4653691053390503,6.0955564975738525,5.062574863433838,3.886685013771057,3.934049606323242,4.196202754974365,5.408352851867676,7.456908702850342,3.597602605819702,2.7815476655960083,3.459702253341675,5.68825364112854,7.069270610809326,6.8327813148498535,,,,,,
3.0259242057800293,3.2331982851028442,8.537232875823975,3.7752106189727783,4.80270528793335,5.487629175186157,3.3661816120147705,3.2217273712158203,3.6070361137390137,5.820167064666748,4.774538278579712,3.7479482889175415,3.6659884452819824,5.145442724227905,,,,,,,,,,,,,
3.734377861022949,2.7698956727981567,2.356561303138733,2.848555564880371,3.4773606061935425,3.1450319290161133,2.8504639863967896,2.980934500694275,4.043450355529785,5.82748007774353,3.7916985750198364,3.869152545928955,4.145331144332886,3.247545003890991,4.611554145812988,3.4580878019332886,8.442121028900146,,,,,,,,,,
2.794176459312439,2.3244603872299194,3.300571084022522,3.546002984046936,3.6709450483322144,3.36100697517395,4.323660135269165,3.3972285985946655,7.985716819763184,3.6697322130203247,3.0472795963287354,3.793673038482666,3.4135117530822754,3.9509013891220093,4.549614667892456,6.171738147735596,,,,,,,,,,,
3.468031167984009,2.869598150253296,2.120630383491516,2.770535945892334,3.321821689605713,2.874842643737793,5.819648027420044,4.198910474777222,3.8566267490386963,5.396208047866821,4.10573935508728,4.5319907665252686,8.406623363494873,,,,,,,,,,,,,,
3.370657444000244,3.1437453031539917,3.3924959897994995,4.1967082023620605,2.8691537380218506,4.140200614929199,3.25712788105011,3.7927178144454956,3.0876824855804443,2.8472564220428467,4.293118953704834,4.1043442487716675,7.057311773300171,5.8214240074157715,,,,,,,,,,,,,
3.1560397148132324,3.277700185775757,3.792541742324829,3.586554169654846,3.0239514112472534,3.2020848989486694,2.713253974914551,4.208467483520508,3.865818977355957,4.938492298126221,5.827513694763184,6.181782960891724,7.210963249206543,3.1131465435028076,,,,,,,,,,,,,
3.4963877201080322,2.9263954162597656,2.1213513612747192,2.9813907146453857,5.808392286300659,3.7319788932800293,4.80512547492981,3.872721314430237,5.568857192993164,5.241475343704224,4.200769901275635,3.744653582572937,3.941272497177124,8.46700668334961,,,,,,,,,,,,,
4.668146371841431,4.925668001174927,5.01245903968811,3.9619264602661133,3.164915442466736,4.797759532928467,3.5345170497894287,3.3663249015808105,6.69476056098938,3.8467423915863037,3.320555806159973,5.341410160064697,5.27951192855835,,,,,,,,,,,,,,
2.262142777442932,2.263916015625,2.5975528955459595,3.0131216049194336,3.49569034576416,3.6131486892700195,4.270635366439819,3.644877314567566,3.3625868558883667,3.5003527402877808,3.0245577096939087,3.2922109365463257,2.777154326438904,4.968806266784668,6.817277431488037,4.79269003868103,6.079381942749023,,,,,,,,,,
2.245792865753174,3.0876824855804443,2.8512673377990723,3.1529940366744995,2.7959392070770264,3.832897901535034,4.271977663040161,4.4417009353637695,4.755102634429932,4.11375880241394,3.0183101892471313,,,,,,,,,,,,,,,,
